timestamp,price,imbalance_5,imbalance_20,imbalance_50,market_delta_10s,trade_speed_10s,label_next_price
2026-05-29 18:57:05,73049.65,0.7501,0.6369,0.6047,0.2255,114,
2026-05-29 18:57:15,73122.75,0.7665,0.7346,0.6677,9.095,524,
2026-05-29 18:57:25,73155.85,0.3398,0.5025,0.5659,3.1741,650,
2026-05-29 18:57:35,73134.65,0.8663,0.678,0.6871,-0.8024,109,
2026-05-29 18:57:45,73150.65,0.682,0.8271,0.6286,0.2824,38,
2026-05-29 18:57:55,73137.35,0.1425,0.3292,0.5601,-0.7929,71,
2026-05-29 18:58:05,73128.25,0.2354,0.4437,0.5338,-1.7541,232,
2026-05-29 18:58:15,73149.75,0.8958,0.8157,0.7605,0.4798,74,
2026-05-29 18:58:25,73144.35,0.2644,0.4598,0.5868,-0.5302,144,
2026-05-29 18:58:35,73118.25,0.2768,0.358,0.5043,-0.8715,115,
2026-05-29 18:58:45,73120.05,0.1435,0.2372,0.4068,0.2375,102,
2026-05-29 18:58:55,73117.55,0.9579,0.8202,0.5844,-0.6349,98,
2026-05-29 18:59:05,73122.15,0.518,0.5449,0.5758,-0.0058,43,
2026-05-29 18:59:15,73111.45,0.7403,0.4658,0.3966,1.6351,99,
2026-05-29 18:59:25,73113.65,0.3598,0.3811,0.3391,0.1141,14,
2026-05-29 18:59:35,73099.05,0.0515,0.1515,0.23,-0.5118,71,
2026-05-29 18:59:45,73092.75,0.6561,0.5625,0.5289,-1.2314,73,
2026-05-29 18:59:55,73098.65,0.7269,0.6349,0.5563,0.4261,51,
2026-05-29 19:00:05,73090.45,0.7081,0.6596,0.5938,-0.4006,265,
2026-05-29 19:00:15,73088.45,0.2183,0.3636,0.5571,-0.3574,99,
2026-05-29 19:00:25,73101.95,0.8796,0.7614,0.7529,0.2566,87,
2026-05-29 19:00:35,73083.15,0.1915,0.2471,0.2683,-1.3429,127,
2026-05-29 19:00:45,73064.05,0.7644,0.6312,0.6496,-0.9476,161,
2026-05-29 19:00:55,73029.85,0.2001,0.3513,0.4514,-0.5334,151,
2026-05-29 19:01:05,73006.05,0.4055,0.4089,0.6269,-0.5107,59,
2026-05-29 19:01:15,73029.85,0.5312,0.5601,0.679,0.9297,113,
2026-05-29 19:01:25,73033.85,0.3552,0.4551,0.6329,-0.4461,92,
2026-05-29 19:01:35,73092.85,0.3653,0.422,0.5023,1.4362,171,
2026-05-29 19:01:45,73104.25,0.3278,0.3843,0.501,0.5445,102,
2026-05-29 19:01:55,73130.15,0.4478,0.3999,0.3777,15.056,182,
2026-05-29 19:02:05,73140.05,0.476,0.5403,0.4554,0.7054,123,
2026-05-29 19:02:15,73141.55,0.5236,0.5244,0.6119,0.77,81,
2026-05-29 19:02:25,73156.75,0.1943,0.3559,0.5373,0.2639,146,
2026-05-29 19:02:35,73099.05,0.6072,0.5928,0.5101,-2.0902,168,
2026-05-29 19:02:45,73099.75,0.689,0.6727,0.5872,0.1302,47,
2026-05-29 19:02:55,73112.75,0.6659,0.6244,0.5657,1.1918,87,
2026-05-29 19:03:05,73120.95,0.588,0.6467,0.5142,-1.0405,111,
2026-05-29 19:03:15,73106.95,0.3283,0.3709,0.5381,-0.7657,110,
2026-05-29 19:03:25,73135.65,0.2758,0.3696,0.4193,0.0014,187,
2026-05-29 19:03:35,73143.65,0.916,0.7717,0.6781,0.5023,54,
2026-05-29 19:03:45,73133.15,0.5027,0.5384,0.6291,-1.4405,63,
2026-05-29 19:03:55,73169.75,0.8448,0.7877,0.6774,0.789,114,
2026-05-29 19:04:05,73167.55,0.0646,0.2168,0.4889,-0.3987,167,
2026-05-29 19:04:15,73194.85,0.4465,0.4989,0.6478,4.4837,187,
2026-05-29 19:04:25,73198.15,0.7429,0.6862,0.8165,-1.358,113,
2026-05-29 19:04:35,73255.15,0.3489,0.4955,0.6458,2.2021,246,
2026-05-29 19:04:45,73292.95,0.1391,0.4499,0.5565,0.8184,372,
2026-05-29 19:04:55,73301.65,0.4045,0.5658,0.6245,0.5429,174,
2026-05-29 19:05:05,73335.45,0.6331,0.6395,0.7256,3.1078,512,
2026-05-29 19:05:15,73370.35,0.6324,0.69,0.823,-0.7603,351,
2026-05-29 19:05:25,73340.85,0.4312,0.5056,0.7141,-1.2222,300,
2026-05-29 19:05:35,73318.85,0.1604,0.3739,0.5336,0.5264,145,
2026-05-29 19:05:45,73322.85,0.6191,0.6222,0.6703,0.0008,178,
2026-05-29 19:05:55,73299.35,0.5247,0.5537,0.5802,-0.3568,144,
2026-05-29 19:06:05,73334.85,0.2842,0.3277,0.5156,2.5654,226,
2026-05-29 19:06:15,73343.65,0.5482,0.555,0.62,0.7605,83,
2026-05-29 19:06:25,73325.55,0.2602,0.2946,0.3841,2.2578,181,
2026-05-29 19:06:35,73314.55,0.4978,0.5128,0.5806,-1.2903,169,
2026-05-29 19:06:45,73346.25,0.3344,0.4682,0.6029,-1.1319,185,
2026-05-29 19:06:55,73358.85,0.1235,0.2506,0.3796,2.5757,107,
2026-05-29 19:07:05,73381.25,0.6158,0.6678,0.8446,1.1424,142,
2026-05-29 19:07:15,73460.25,0.9321,0.6066,0.8099,3.8093,785,
2026-05-29 19:07:25,73488.15,0.1993,0.3826,0.6225,1.3642,409,
2026-05-29 19:07:35,73507.45,0.3745,0.4448,0.6061,2.6708,456,
2026-05-29 19:07:45,73506.75,0.0473,0.2167,0.4536,-2.9964,355,
2026-05-29 19:07:55,73480.45,0.3602,0.4682,0.6224,0.9183,153,
2026-05-29 19:08:05,73514.75,0.3636,0.5504,0.6949,0.5071,165,
2026-05-29 19:08:15,73536.75,0.4923,0.6352,0.7598,1.8058,278,
2026-05-29 19:08:25,73571.15,0.18,0.3931,0.6913,4.627,511,
2026-05-29 19:08:35,73552.75,0.1642,0.2564,0.5343,-0.6917,211,
2026-05-29 19:08:45,73548.15,0.6286,0.5901,0.0923,-0.223,210,
2026-05-29 19:08:55,73544.15,0.7385,0.647,0.0599,-0.6723,290,
2026-05-29 19:09:05,73597.05,0.4744,0.437,0.5611,62.8198,759,
2026-05-29 19:09:15,73556.65,0.7853,0.659,0.7659,-3.1054,407,
2026-05-29 19:09:25,73580.75,0.3425,0.3889,0.5308,1.32,248,
2026-05-29 19:09:35,73623.85,0.4135,0.5484,0.7714,1.5799,247,
2026-05-29 19:09:45,73638.65,0.1969,0.456,0.6779,1.9774,315,
2026-05-29 19:09:55,73670.05,0.3204,0.3714,0.557,2.5061,645,
2026-05-29 19:10:05,73698.25,0.9323,0.9353,0.9183,-0.5349,481,
2026-05-29 19:10:15,73643.85,0.7366,0.6629,0.5502,-1.6376,461,
2026-05-29 19:10:25,73695.55,0.8441,0.6751,0.5798,0.788,203,
2026-05-29 19:10:35,73677.05,0.1815,0.2866,0.4572,-1.0222,209,
2026-05-29 19:10:45,73632.95,0.8987,0.7577,0.6287,-1.4164,203,
2026-05-29 19:10:55,73685.55,0.7303,0.643,0.5694,0.5449,160,
2026-05-29 19:11:05,73696.45,0.5403,0.526,0.7628,-2.7219,105,
2026-05-29 19:11:15,73721.15,0.5404,0.6329,0.7024,1.8497,151,
2026-05-29 19:11:25,73714.95,0.5391,0.5579,0.6962,-0.4075,186,
2026-05-29 19:11:35,73726.05,0.7757,0.8026,0.8812,0.2763,190,
2026-05-29 19:11:45,73722.85,0.7875,0.6021,0.7557,-0.4733,83,
2026-05-29 19:11:55,73727.75,0.8629,0.6273,0.7822,-0.3681,224,
2026-05-29 19:12:05,73694.05,0.5334,0.4608,0.613,1.9467,223,
2026-05-29 19:12:15,73703.15,0.4953,0.5516,0.5564,0.9424,129,
2026-05-29 19:12:25,73691.95,0.5535,0.4357,0.3891,-3.5513,176,
2026-05-29 19:12:35,73706.85,0.7303,0.7028,0.5794,0.0714,108,
2026-05-29 19:12:46,73722.85,0.2249,0.2747,0.3967,0.5089,178,
2026-05-29 19:12:56,73732.85,0.6852,0.6142,0.5774,-0.1048,88,
2026-05-29 19:13:06,73739.95,0.2492,0.4234,0.4813,1.6963,369,
2026-05-29 19:13:16,73739.15,0.7858,0.7206,0.6054,-0.229,45,
2026-05-29 19:13:26,73744.45,0.5047,0.6802,0.6756,0.1224,31,
2026-05-29 19:13:36,73725.55,0.4521,0.4663,0.3815,-3.0446,99,
2026-05-29 19:13:46,73727.75,0.6576,0.5354,0.4823,-0.1226,217,
2026-05-29 19:13:56,73726.65,0.096,0.2807,0.3875,-0.9621,82,
2026-05-29 19:14:06,73695.65,0.0218,0.1098,0.2281,-2.2283,376,
2026-05-29 19:14:16,73668.85,0.3658,0.3711,0.3969,-0.7655,266,
2026-05-29 19:14:26,73699.65,0.246,0.3659,0.5816,0.9416,163,
2026-05-29 19:14:36,73681.65,0.4433,0.3309,0.3537,-0.9364,80,
2026-05-29 19:14:46,73680.65,0.1389,0.2508,0.4382,-1.0995,125,
2026-05-29 19:14:56,73701.15,0.3431,0.3594,0.3661,1.06,85,
2026-05-29 19:15:06,73707.45,0.2254,0.3355,0.3418,-0.0597,140,
2026-05-29 19:15:16,73718.85,0.0791,0.1949,0.252,-0.5049,231,
2026-05-29 19:15:26,73733.85,0.7139,0.6114,0.5607,1.9891,252,
2026-05-29 19:15:36,73719.35,0.596,0.4354,0.3666,-0.4345,203,
2026-05-29 19:15:46,73741.45,0.2542,0.3069,0.3866,1.4209,200,
2026-05-29 19:15:56,73730.25,0.1196,0.1477,0.238,-0.2363,203,
2026-05-29 19:16:06,73710.05,0.0107,0.1064,0.4055,-0.4519,113,
2026-05-29 19:16:16,73718.75,0.5257,0.4573,0.4929,0.8417,96,
2026-05-29 19:16:26,73688.05,0.072,0.1893,0.4109,-0.8061,196,
2026-05-29 19:16:36,73620.65,0.5062,0.5071,0.5043,-1.1969,237,
2026-05-29 19:16:46,73606.25,0.4115,0.3719,0.3354,-1.0333,276,
2026-05-29 19:16:56,73590.85,0.0439,0.1265,0.4235,-0.2272,177,
2026-05-29 19:17:06,73589.15,0.7732,0.6237,0.4506,0.4853,188,
2026-05-29 19:17:16,73609.75,0.2826,0.4537,0.5719,1.4742,255,
2026-05-29 19:17:26,73597.05,0.1913,0.3082,0.4058,-0.914,216,
2026-05-29 19:17:36,73591.45,0.547,0.4865,0.5707,-0.0742,49,
2026-05-29 19:17:46,73597.15,0.4679,0.4423,0.592,0.7016,175,
2026-05-29 19:17:56,73590.85,0.7652,0.6038,0.4757,0.1292,61,
2026-05-29 19:18:06,73533.35,0.1358,0.2208,0.3858,-7.1925,422,
2026-05-29 19:18:16,73539.85,0.2742,0.4024,0.5305,0.0845,131,
2026-05-29 19:18:26,73545.05,0.3566,0.5037,0.6948,-0.6841,148,
2026-05-29 19:18:36,73575.15,0.1509,0.3268,0.3837,0.8531,164,
2026-05-29 19:18:46,73559.75,0.0452,0.1903,0.3666,-0.6057,145,
2026-05-29 19:18:56,73569.65,0.3423,0.4772,0.5886,0.567,65,
2026-05-29 19:19:06,73564.95,0.2968,0.4192,0.6723,-0.702,104,
2026-05-29 19:19:16,73564.85,0.2979,0.3928,0.6058,-0.1019,51,
2026-05-29 19:19:26,73574.95,0.4023,0.4794,0.657,0.0478,88,
2026-05-29 19:19:36,73565.55,0.6678,0.5359,0.3987,-6.5164,207,
2026-05-29 19:19:46,73606.05,0.8989,0.7024,0.618,1.4237,131,
2026-05-29 19:19:56,73640.35,0.3066,0.5349,0.7182,5.2146,241,
2026-05-29 19:20:06,73615.25,0.6063,0.4799,0.65,-1.1275,148,
2026-05-29 19:20:16,73599.25,0.1871,0.2807,0.4683,-0.3066,96,
2026-05-29 19:20:26,73565.15,0.1037,0.9351,0.9088,-3.0437,267,
2026-05-29 19:20:36,73549.35,0.112,0.2516,0.2941,-37.0896,143,
2026-05-29 19:20:46,73560.35,0.5549,0.5164,0.632,1.6458,210,
2026-05-29 19:20:56,73543.45,0.0381,0.1608,0.2922,1.6552,101,
2026-05-29 19:21:06,73532.15,0.1309,0.228,0.4049,-0.2254,39,
2026-05-29 19:21:16,73546.05,0.7403,0.7167,0.5662,1.0653,173,
2026-05-29 19:21:26,73557.35,0.9029,0.7197,0.6573,0.1112,103,
2026-05-29 19:21:36,73593.65,0.8035,0.6654,0.558,2.5089,140,
2026-05-29 19:21:46,73587.75,0.9515,0.8373,0.7289,0.6428,110,
2026-05-29 19:21:56,73571.75,0.3266,0.3781,0.5081,-0.3853,79,
2026-05-29 19:22:06,73578.45,0.6489,0.5262,0.5702,0.2071,40,
2026-05-29 19:22:16,73552.45,0.4654,0.447,0.4017,-1.2585,107,
2026-05-29 19:22:26,73550.45,0.3937,0.436,0.567,-0.4048,123,
2026-05-29 19:22:36,73572.85,0.8802,0.7418,0.7466,0.4573,83,
2026-05-29 19:22:46,73584.25,0.2864,0.3539,0.4326,1.1709,171,
2026-05-29 19:22:56,73585.35,0.1375,0.2714,0.4749,-1.1786,61,
2026-05-29 19:23:06,73572.85,0.3574,0.3537,0.3478,-0.2128,63,
2026-05-29 19:23:16,73562.75,0.1669,0.2419,0.3771,1.0663,96,
2026-05-29 19:23:26,73551.45,0.3182,0.3568,0.3487,0.26,121,
2026-05-29 19:23:36,73563.25,0.3742,0.4304,0.5538,0.1466,111,
2026-05-29 19:23:46,73550.75,0.9436,0.7916,0.594,-0.4119,124,
2026-05-29 19:23:56,73589.45,0.8997,0.6703,0.5429,1.332,205,
2026-05-29 19:24:06,73591.05,0.5119,0.489,0.5205,-0.0157,37,
2026-05-29 19:24:16,73582.45,0.1577,0.189,0.2793,-0.5425,58,
2026-05-29 19:24:26,73588.25,0.8414,0.7117,0.6309,0.316,53,
2026-05-29 19:24:36,73582.35,0.6024,0.5224,0.4803,-3.3506,121,
2026-05-29 19:24:46,73609.95,0.6989,0.6163,0.6011,1.3691,98,
2026-05-29 19:24:56,73595.85,0.1634,0.2577,0.3039,-0.4185,55,
2026-05-29 19:25:06,73570.75,0.2946,0.31,0.3045,-0.6215,155,
2026-05-29 19:25:16,73528.35,0.1238,0.2787,0.3152,-0.5258,77,
2026-05-29 19:25:26,73518.95,0.3953,0.4971,0.4954,0.1492,99,
2026-05-29 19:25:36,73505.65,0.5827,0.4853,0.4602,-0.9239,93,
2026-05-29 19:25:46,73492.85,0.491,0.3897,0.3757,-0.6409,96,
2026-05-29 19:25:56,73489.35,0.0475,0.1678,0.2029,-0.0776,29,
2026-05-29 19:26:06,73497.05,0.5736,0.5181,0.6093,0.6733,172,
2026-05-29 19:26:16,73502.15,0.3809,0.4164,0.5232,0.0814,68,
2026-05-29 19:26:26,73518.55,0.2257,0.2935,0.4795,-0.5919,91,
2026-05-29 19:26:36,73497.15,0.086,0.2399,0.4639,-1.4026,129,
2026-05-29 19:26:46,73534.95,0.8502,0.7522,0.6002,2.5891,154,
2026-05-29 19:26:56,73561.45,0.0793,0.1309,0.3686,0.3785,90,
2026-05-29 19:27:06,73579.45,0.4736,0.401,0.2577,0.1349,173,
2026-05-29 19:27:16,73593.15,0.159,0.0886,0.2126,0.4754,65,
2026-05-29 19:27:26,73585.55,0.7655,0.5473,0.3556,-1.137,187,
2026-05-29 19:27:36,73545.55,0.3973,0.4393,0.5449,-3.5375,171,
2026-05-29 19:27:46,73572.45,0.3192,0.3561,0.5718,5.6372,439,
2026-05-29 19:27:56,73563.45,0.5408,0.4893,0.4472,-0.574,121,
2026-05-29 19:28:06,73585.15,0.2745,0.3891,0.3347,1.1979,95,
2026-05-29 19:28:16,73662.15,0.2308,0.4004,0.5701,15.4386,731,
2026-05-29 19:28:26,73706.25,0.4617,0.4874,0.6568,1.3302,187,
2026-05-29 19:28:36,73716.05,0.6276,0.5656,0.6487,-0.3695,218,
2026-05-29 19:28:46,73714.05,0.199,0.3508,0.6229,-1.4509,184,
2026-05-29 19:28:56,73707.35,0.1047,0.2848,0.5576,-0.3867,236,
2026-05-29 19:29:06,73742.45,0.3369,0.482,0.6312,0.5457,233,
2026-05-29 19:29:16,73721.35,0.267,0.2812,0.5346,-1.0582,212,
2026-05-29 19:29:26,73711.35,0.1059,0.2279,0.477,-0.5877,36,
2026-05-29 19:29:36,73692.05,0.346,0.3511,0.3593,-5.3618,194,
2026-05-29 19:29:46,73706.85,0.8437,0.6466,0.6193,0.2113,180,
2026-05-29 19:29:56,73696.45,0.567,0.5619,0.6996,-1.1556,78,
2026-05-29 19:30:06,73695.25,0.6874,0.6594,0.5261,-0.5629,239,
2026-05-29 19:30:16,73698.15,0.4442,0.5222,0.6236,0.2495,144,
2026-05-29 19:30:26,73725.25,0.7306,0.6214,0.7374,0.5828,145,
2026-05-29 19:30:36,73744.55,0.2111,0.4176,0.6703,-0.5282,150,
2026-05-29 19:30:46,73795.15,0.6516,0.6098,0.7936,1.735,217,
2026-05-29 19:30:56,73814.95,0.5973,0.7254,0.7754,1.9106,288,
2026-05-29 19:31:06,73784.95,0.1946,0.2903,0.5238,0.0187,287,
2026-05-29 19:31:16,73808.45,0.7317,0.6841,0.6746,0.2434,211,
2026-05-29 19:31:26,73831.55,0.1347,0.2764,0.4012,1.1097,232,
2026-05-29 19:31:36,73849.45,0.5429,0.7102,0.8243,2.438,159,
2026-05-29 19:31:46,73874.95,0.7441,0.7716,0.8204,-0.4116,329,
2026-05-29 19:31:56,73844.95,0.4692,0.3905,0.522,-2.5226,575,
2026-05-29 19:32:06,73869.65,0.5281,0.435,0.285,1.7349,210,
2026-05-29 19:32:16,73882.55,0.5039,0.288,0.3442,0.1471,161,
2026-05-29 19:32:26,73878.55,0.848,0.4565,0.5624,-1.1474,309,
2026-05-29 19:32:36,73888.35,0.2786,0.3727,0.5044,-0.1015,150,
2026-05-29 19:32:46,73899.95,0.5317,0.5858,0.7579,4.3952,259,
2026-05-29 19:32:56,73892.55,0.5951,0.4607,0.6254,-1.6572,283,
2026-05-29 19:33:06,73892.65,0.6269,0.4133,0.6624,-0.7017,152,
2026-05-29 19:33:16,73993.95,0.2231,0.3132,0.5054,13.7254,1683,
2026-05-29 19:33:26,74023.45,0.1564,0.3176,0.5079,-2.7863,1334,
2026-05-29 19:33:36,73993.55,0.1108,0.2099,0.3211,-1.2869,563,
2026-05-29 19:33:46,74014.15,0.6073,0.4762,0.4414,-1.3002,361,
2026-05-29 19:33:56,74043.75,0.1121,0.2603,0.4657,0.0269,161,
2026-05-29 19:34:06,74069.25,0.4728,0.6431,0.8553,-0.3087,291,
2026-05-29 19:34:16,74096.15,0.1318,0.2323,0.5263,1.1011,507,
2026-05-29 19:34:26,74075.25,0.298,0.2997,0.4969,-0.6716,488,
2026-05-29 19:34:36,74059.45,0.9122,0.7278,0.6474,-2.8796,356,
2026-05-29 19:34:46,74076.25,0.7314,0.6273,0.5223,-0.7446,442,
2026-05-29 19:34:56,74050.55,0.4244,0.3768,0.5855,-3.0305,487,
2026-05-29 19:35:06,74069.65,0.1407,0.2647,0.378,-0.9991,362,
2026-05-29 19:35:16,74041.45,0.3887,0.4643,0.5497,-0.8903,204,
2026-05-29 19:35:26,74033.65,0.6688,0.5483,0.4776,0.1461,292,
2026-05-29 19:35:36,74057.55,0.7138,0.6218,0.6808,-1.9552,228,
2026-05-29 19:35:46,74102.65,0.5837,0.4869,0.6625,2.3134,412,
2026-05-29 19:35:56,74132.65,0.3039,0.3121,0.5992,2.4173,444,
2026-05-29 19:36:06,74170.65,0.1199,0.2407,0.5629,5.1974,533,
2026-05-29 19:36:16,74193.85,0.4512,0.6735,0.8284,0.6781,283,
2026-05-29 19:36:26,74185.35,0.2641,0.5139,0.715,-0.9773,166,
2026-05-29 19:36:36,74181.45,0.5049,0.5083,0.6776,-0.8457,173,
2026-05-29 19:36:46,74138.35,0.3354,0.3921,0.4108,-1.8181,417,
2026-05-29 19:36:56,74156.85,0.3819,0.3732,0.6205,1.2929,126,
2026-05-29 19:37:06,74166.85,0.6643,0.6125,0.6343,-0.2706,184,
2026-05-29 19:37:16,74139.85,0.6301,0.5344,0.5712,-2.263,236,
2026-05-29 19:37:26,74103.75,0.4469,0.3873,0.4063,-3.3852,213,
2026-05-29 19:37:36,74010.25,0.8229,0.697,0.5929,-0.7756,581,
2026-05-29 19:37:46,74002.15,0.0686,0.2724,0.4254,-0.4226,234,
2026-05-29 19:37:56,74028.05,0.7298,0.6706,0.6017,-1.9661,231,
2026-05-29 19:38:06,74018.45,0.4525,0.5435,0.5746,0.465,408,
2026-05-29 19:38:16,74033.45,0.5391,0.4981,0.3156,0.2855,147,
2026-05-29 19:38:26,74097.25,0.1234,0.4012,0.3773,2.1516,178,
2026-05-29 19:38:36,74084.35,0.3094,0.3789,0.4476,-0.0844,410,
2026-05-29 19:38:46,74116.55,0.923,0.8238,0.6761,0.2157,129,
2026-05-29 19:38:56,74123.35,0.508,0.5192,0.6809,0.6595,195,
2026-05-29 19:39:06,74118.65,0.0634,0.5761,0.6139,-0.551,150,
2026-05-29 19:39:16,74112.25,0.137,0.3131,0.5958,-2.7627,111,
2026-05-29 19:39:26,74094.75,0.826,0.5504,0.5913,-1.2893,148,
2026-05-29 19:39:36,74120.25,0.0359,0.1707,0.415,0.5717,99,
2026-05-29 19:39:46,74112.25,0.2945,0.384,0.4707,-0.4097,100,
2026-05-29 19:39:56,74112.25,0.5437,0.5201,0.4324,-0.0194,9,
2026-05-29 19:40:06,74098.35,0.1114,0.3501,0.581,-0.7118,174,
2026-05-29 19:40:16,74092.75,0.1472,0.3201,0.544,-1.3544,87,
2026-05-29 19:40:26,74102.95,0.4499,0.4817,0.6082,0.0381,98,
2026-05-29 19:40:36,74097.65,0.7715,0.5745,0.6101,1.3003,236,
2026-05-29 19:40:46,74118.25,0.1436,0.2966,0.5493,0.4716,88,
2026-05-29 19:40:56,74154.75,0.1881,0.387,0.6846,0.5496,84,
2026-05-29 19:41:06,74174.25,0.3046,0.4612,0.6161,0.7178,189,
2026-05-29 19:41:16,74194.15,0.0988,0.2949,0.5036,1.7194,183,
2026-05-29 19:41:26,74166.45,0.6413,0.589,0.5552,-2.5151,274,
2026-05-29 19:41:36,74117.05,0.5897,0.5398,0.4693,-1.6677,310,
2026-05-29 19:41:46,74098.05,0.186,0.2803,0.3735,0.4971,144,
2026-05-29 19:41:56,74011.45,0.1188,0.2505,0.3561,-5.1058,563,
2026-05-29 19:42:06,74016.65,0.682,0.5926,0.5289,0.7187,175,
2026-05-29 19:42:16,73993.75,0.7234,0.6565,0.4922,-1.2552,227,
2026-05-29 19:42:26,73948.25,0.1128,0.226,0.3435,-0.8917,167,
2026-05-29 19:42:36,73902.35,0.2803,0.2866,0.3582,2.6415,438,
2026-05-29 19:42:46,73893.55,0.6286,0.5693,0.586,-0.3111,189,
2026-05-29 19:42:56,73879.55,0.1857,0.2328,0.2955,-0.5718,311,
2026-05-29 19:43:06,73839.25,0.5624,0.4226,0.3712,-0.1275,242,
2026-05-29 19:43:16,73800.85,0.1607,0.2828,0.3902,-1.3166,378,
2026-05-29 19:43:26,73817.95,0.4846,0.4458,0.4153,1.5168,275,
2026-05-29 19:43:36,73815.85,0.0796,0.1806,0.323,0.0861,315,
2026-05-29 19:43:46,73834.95,0.4975,0.4976,0.49,1.4774,121,
2026-05-29 19:43:56,73805.55,0.0288,0.1475,0.2709,0.151,170,
2026-05-29 19:44:06,73747.05,0.8214,0.7117,0.4997,-1.826,279,
2026-05-29 19:44:16,73754.05,0.9673,0.7601,0.4991,0.4411,176,
2026-05-29 19:44:26,73766.05,0.4887,0.3745,0.3901,1.2205,116,
2026-05-29 19:44:36,73773.25,0.8895,0.4603,0.3858,0.9626,87,
2026-05-29 19:44:46,73770.35,0.7275,0.6603,0.4733,-1.807,144,
2026-05-29 19:44:56,73822.35,0.5358,0.4117,0.37,7.1478,445,
2026-05-29 19:45:06,73820.05,0.7188,0.6999,0.4978,0.0043,136,
2026-05-29 19:45:16,73830.65,0.3885,0.4372,0.4431,0.3368,194,
2026-05-29 19:45:26,73784.85,0.512,0.5528,0.4859,-1.8713,223,
2026-05-29 19:45:36,73770.85,0.2864,0.2745,0.3814,-1.3389,286,
2026-05-29 19:45:46,73859.95,0.7643,0.6524,0.6402,4.7288,295,
2026-05-29 19:45:56,73828.55,0.9203,0.7505,0.6628,-0.8746,132,
2026-05-29 19:46:06,73842.85,0.4584,0.3605,0.4558,0.1917,146,
2026-05-29 19:46:16,73837.25,0.5345,0.6043,0.5035,-0.2245,120,
2026-05-29 19:46:26,73833.75,0.1484,0.292,0.4179,-0.5268,89,
2026-05-29 19:46:36,73781.05,0.2464,0.346,0.4161,-1.2879,183,
2026-05-29 19:46:46,73793.35,0.6664,0.497,0.5436,-0.2134,148,
2026-05-29 19:46:56,73792.35,0.7871,0.6085,0.5765,-0.1805,81,
2026-05-29 19:47:06,73794.55,0.5188,0.459,0.5226,-0.1005,126,
2026-05-29 19:47:16,73744.55,0.5776,0.5395,0.5423,-3.7847,213,
2026-05-29 19:47:26,73741.05,0.8958,0.5281,0.3656,-0.5886,104,
2026-05-29 19:47:36,73746.25,0.8937,0.6382,0.6035,-0.2122,126,
2026-05-29 19:47:46,73772.75,0.3077,0.3144,0.4723,0.6948,227,
2026-05-29 19:47:56,73765.85,0.8428,0.6344,0.6014,-0.1246,69,
2026-05-29 19:48:06,73803.45,0.2777,0.4751,0.5747,0.5316,200,
2026-05-29 19:48:16,73761.95,0.4886,0.5775,0.4792,-3.1407,213,
2026-05-29 19:48:26,73790.55,0.9301,0.773,0.6487,0.5187,83,
2026-05-29 19:48:36,73826.55,0.2508,0.2899,0.4819,0.9198,56,
2026-05-29 19:48:46,73835.05,0.5744,0.4468,0.459,0.1082,37,
2026-05-29 19:48:56,73831.65,0.1894,0.3328,0.4496,0.0067,43,
2026-05-29 19:49:06,73835.05,0.3771,0.4205,0.6915,0.0645,23,
2026-05-29 19:49:16,73852.15,0.3945,0.4671,0.5354,-0.2474,121,
2026-05-29 19:49:26,73848.25,0.4731,0.5765,0.4891,-0.4311,31,
2026-05-29 19:49:36,73852.75,0.4391,0.3441,0.4665,0.0681,18,
2026-05-29 19:49:46,73849.45,0.8493,0.6116,0.5349,-1.0351,166,
2026-05-29 19:49:56,73872.15,0.4143,0.4255,0.6151,0.6684,76,
2026-05-29 19:50:06,73862.25,0.8938,0.6659,0.5509,-0.2216,51,
2026-05-29 19:50:16,73884.35,0.3921,0.434,0.4948,0.6072,55,
2026-05-29 19:50:26,73831.65,0.3327,0.3783,0.3856,-2.2691,247,
2026-05-29 19:50:36,73808.25,0.3556,0.3772,0.3664,-0.191,109,
2026-05-29 19:50:46,73826.25,0.2156,0.4539,0.5945,0.1945,83,
2026-05-29 19:50:56,73813.45,0.453,0.4683,0.5019,-0.2414,40,
2026-05-29 19:51:06,73822.05,0.0554,0.239,0.3777,0.1581,134,
2026-05-29 19:51:16,73819.55,0.8625,0.7947,0.7284,-0.4464,140,
2026-05-29 19:51:26,73803.05,0.9715,0.76,0.572,-0.3801,68,
2026-05-29 19:51:36,73802.85,0.3297,0.3659,0.4553,0.8969,30,
2026-05-29 19:51:46,73793.15,0.864,0.7563,0.4253,-0.413,44,
2026-05-29 19:51:56,73772.55,0.6699,0.495,0.3848,-0.3317,175,
2026-05-29 19:52:06,73766.75,0.7685,0.5142,0.3897,-0.3403,157,
2026-05-29 19:52:16,73804.55,0.4267,0.3534,0.4023,0.6097,99,
2026-05-29 19:52:26,73776.25,0.2168,0.3273,0.4279,-0.2721,111,
2026-05-29 19:52:36,73762.95,0.0118,0.0942,0.2752,-1.0076,99,
2026-05-29 19:52:46,73778.55,0.6484,0.6281,0.7259,-0.1665,106,
2026-05-29 19:52:56,73752.55,0.5596,0.4829,0.4316,-0.0658,95,
2026-05-29 19:53:06,73722.25,0.3783,0.366,0.3016,-1.4273,130,
2026-05-29 19:53:16,73716.65,0.0172,0.1646,0.2417,0.0116,108,
2026-05-29 19:53:26,73744.95,0.2816,0.4247,0.4933,0.5997,163,
2026-05-29 19:53:36,73728.55,0.2841,0.39,0.5275,-1.1136,96,
2026-05-29 19:53:46,73733.85,0.4135,0.3415,0.4618,-0.1542,45,
2026-05-29 19:53:56,73733.85,0.3348,0.3195,0.4338,-0.1432,55,
2026-05-29 19:54:06,73766.05,0.2721,0.3933,0.4078,1.1597,151,
2026-05-29 19:54:16,73770.15,0.2617,0.3224,0.4967,0.237,22,
2026-05-29 19:54:26,73768.25,0.7916,0.8266,0.6144,0.0324,82,
2026-05-29 19:54:36,73794.45,0.6145,0.6064,0.6888,0.3727,76,
2026-05-29 19:54:46,73778.65,0.1775,0.2743,0.3696,-0.8169,73,
2026-05-29 19:54:56,73778.65,0.0828,0.1821,0.3667,0.0096,33,
2026-05-29 19:55:06,73762.95,0.025,0.1986,0.3008,-0.5222,82,
2026-05-29 19:55:16,73747.75,0.5753,0.4923,0.4599,-0.3643,61,
2026-05-29 19:55:26,73756.55,0.65,0.7223,0.5726,0.6683,61,
2026-05-29 19:55:36,73756.55,0.2811,0.3436,0.4713,0.3594,23,
2026-05-29 19:55:46,73752.65,0.3384,0.4287,0.5214,-0.6371,102,
2026-05-29 19:55:56,73773.25,0.4928,0.5381,0.6187,0.4321,61,
2026-05-29 19:56:06,73795.65,0.8435,0.7118,0.539,0.6443,81,
2026-05-29 19:56:16,73837.05,0.5093,0.5261,0.5314,2.6191,146,
2026-05-29 19:56:26,73842.15,0.5321,0.4607,0.3617,-0.3439,95,
2026-05-29 19:56:36,73839.75,0.2577,0.3247,0.5148,-0.0642,31,
2026-05-29 19:56:46,73837.25,0.6313,0.6665,0.5445,-0.7802,37,
2026-05-29 19:56:56,73843.25,0.4156,0.4666,0.6259,1.6975,53,
2026-05-29 19:57:06,73853.95,0.108,0.2258,0.3846,2.6414,195,
2026-05-29 19:57:16,73837.55,0.1347,0.2861,0.3812,-0.4576,51,
2026-05-29 19:57:26,73799.05,0.2666,0.2903,0.3616,-2.2489,166,
2026-05-29 19:57:37,73803.75,0.7491,0.7779,0.6223,-0.0101,51,
2026-05-29 19:57:47,73805.85,0.6263,0.5052,0.4836,0.3792,151,
2026-05-29 19:57:57,73805.85,0.402,0.4361,0.498,0.0202,10,
2026-05-29 19:58:07,73839.95,0.5354,0.636,0.5751,0.7542,182,
2026-05-29 19:58:17,73828.25,0.1355,0.2653,0.2754,-0.4985,72,
2026-05-29 19:58:27,73817.55,0.0958,0.1728,0.3042,-1.5824,91,
2026-05-29 19:58:37,73811.85,0.4394,0.4335,0.4182,-0.4008,51,
2026-05-29 19:58:47,73812.55,0.3529,0.2896,0.4105,0.0363,39,
2026-05-29 19:58:57,73808.65,0.2347,0.3325,0.4035,-0.3225,48,
2026-05-29 19:59:07,73820.55,0.4384,0.4787,0.6104,0.4407,75,
2026-05-29 19:59:17,73804.25,0.1916,0.2443,0.3885,-0.3205,106,
2026-05-29 19:59:27,73790.75,0.9053,0.7616,0.5695,-0.1468,105,
2026-05-29 19:59:37,73807.75,0.5318,0.4299,0.5142,0.4523,95,
2026-05-29 19:59:47,73808.15,0.6986,0.5432,0.4924,-0.0645,19,
2026-05-29 19:59:57,73811.85,0.0957,0.2297,0.3281,0.1186,39,
2026-05-29 20:00:07,73831.45,0.1849,0.2743,0.5034,-0.4706,304,
2026-05-29 20:00:17,73810.75,0.8399,0.7715,0.519,-0.2615,99,
2026-05-29 20:00:27,73794.45,0.018,0.1467,0.2412,-0.2616,85,
2026-05-29 20:00:37,73789.55,0.7023,0.6767,0.5225,0.2669,64,
2026-05-29 20:00:47,73803.25,0.0136,0.1192,0.2712,0.3859,310,
2026-05-29 20:00:57,73805.35,0.7635,0.6652,0.5254,-0.162,105,
2026-05-29 20:01:07,73808.25,0.8201,0.7317,0.5422,0.3001,193,
2026-05-29 20:01:17,73854.85,0.7911,0.6517,0.6639,0.6855,121,
2026-05-29 20:01:27,73856.95,0.1789,0.3078,0.3977,1.3134,103,
2026-05-29 20:01:37,73839.35,0.1141,0.2351,0.355,-0.4298,87,
2026-05-29 20:01:47,73848.35,0.4084,0.4442,0.6034,0.3028,48,
2026-05-29 20:01:57,73842.15,0.1463,0.2266,0.519,-0.1783,56,
2026-05-29 20:02:07,73836.45,0.8999,0.7996,0.6718,-0.2617,87,
2026-05-29 20:02:17,73861.15,0.7815,0.7029,0.7016,0.2666,46,
2026-05-29 20:02:27,73868.35,0.3747,0.3389,0.3475,1.8517,94,
2026-05-29 20:02:37,73856.85,0.3065,0.4033,0.3313,4.0709,224,
2026-05-29 20:02:47,73849.95,0.4435,0.4918,0.3653,5.775,210,
2026-05-29 20:02:57,73834.85,0.2613,0.4099,0.327,4.3548,266,
2026-05-29 20:03:07,73814.55,0.4096,0.2652,0.2824,3.405,294,
2026-05-29 20:03:17,73795.55,0.8003,0.6159,0.5027,3.4807,257,
2026-05-29 20:03:27,73809.25,0.9354,0.8655,0.7163,5.1528,380,
2026-05-29 20:03:37,73834.95,0.7434,0.5663,0.4732,5.0374,377,
2026-05-29 20:03:47,73847.55,0.2947,0.4258,0.6155,2.7736,397,
2026-05-29 20:03:57,73833.05,0.6618,0.3911,0.3437,3.6718,298,
2026-05-29 20:04:07,73855.85,0.3455,0.2906,0.3508,5.614,461,
2026-05-29 20:04:17,73842.75,0.4169,0.3605,0.2947,1.8978,401,
2026-05-29 20:04:27,73851.55,0.5217,0.3191,0.3582,3.9542,327,
2026-05-29 20:04:37,73882.05,0.4181,0.3678,0.2475,2.736,492,
2026-05-29 20:04:47,73881.55,0.5754,0.2447,0.2798,2.3623,360,
2026-05-29 20:04:57,73879.85,0.3372,0.3077,0.3245,3.0181,391,
2026-05-29 20:05:07,73866.35,0.4587,0.3677,0.2243,2.1107,273,
2026-05-29 20:05:17,73845.75,0.5432,0.3194,0.2888,-0.2782,76,
2026-05-29 20:05:27,73845.75,0.5399,0.427,0.3272,-0.0057,3,
2026-05-29 20:05:37,73854.65,0.0204,0.1158,0.2769,1.6116,300,
2026-05-29 20:05:47,73874.45,0.3033,0.3509,0.4461,0.6465,151,
2026-05-29 20:05:57,73844.25,0.2366,0.1983,0.2204,-5.9666,181,
2026-05-29 20:06:07,73850.65,0.706,0.4999,0.3643,0.1176,146,
2026-05-29 20:06:17,73853.25,0.7784,0.5872,0.5628,0.2329,95,
2026-05-29 20:06:27,73850.85,0.0525,0.1329,0.2543,-0.0677,62,
2026-05-29 20:06:37,73853.15,0.2511,0.2533,0.3709,-0.3031,82,
2026-05-29 20:06:47,73850.85,0.4501,0.3838,0.3542,0.0632,113,
2026-05-29 20:06:57,73850.85,0.5647,0.4711,0.4576,-0.0547,18,
2026-05-29 20:07:07,73867.65,0.9658,0.9037,0.7347,0.9572,175,
2026-05-29 20:07:17,73881.15,0.7272,0.4613,0.3181,1.4227,117,
2026-05-29 20:07:27,73873.35,0.2198,0.2907,0.3572,-0.1693,38,
2026-05-29 20:07:37,73854.45,0.539,0.619,0.433,-0.5813,88,
2026-05-29 20:07:47,73825.85,0.8028,0.6961,0.4469,-4.0248,130,
2026-05-29 20:07:57,73824.05,0.3008,0.3008,0.3271,0.2371,31,
2026-05-29 20:08:07,73849.55,0.9237,0.6781,0.4407,0.4442,149,
2026-05-29 20:08:17,73881.25,0.6208,0.5266,0.3452,2.6814,298,
2026-05-29 20:08:27,73878.15,0.3147,0.2452,0.2389,-0.0055,48,
2026-05-29 20:08:37,73881.05,0.7357,0.409,0.4535,-0.2134,146,
2026-05-29 20:08:47,73906.65,0.5216,0.653,0.4858,0.0472,146,
2026-05-29 20:08:57,73902.05,0.7434,0.523,0.5274,-0.0209,10,
2026-05-29 20:09:07,73906.25,0.5452,0.5783,0.652,-0.0102,58,
2026-05-29 20:09:17,73924.15,0.8812,0.5252,0.5594,1.9953,80,
2026-05-29 20:09:27,73921.25,0.5501,0.3739,0.3214,-0.3495,43,
2026-05-29 20:09:37,73889.05,0.1212,0.1881,0.2773,-1.1134,91,
2026-05-29 20:09:47,73904.55,0.8567,0.6004,0.5948,0.7944,70,
2026-05-29 20:09:57,73900.25,0.1554,0.224,0.3553,-0.1576,88,
2026-05-29 20:10:07,73904.65,0.958,0.8184,0.591,0.2714,55,
2026-05-29 20:10:17,73935.85,0.8804,0.8507,0.6638,0.5807,108,
2026-05-29 20:10:27,73980.85,0.5963,0.6039,0.3713,1.3089,98,
2026-05-29 20:10:37,73991.85,0.5017,0.2609,0.4435,1.4147,128,
2026-05-29 20:10:47,73986.85,0.9032,0.8661,0.4849,0.5483,82,
2026-05-29 20:10:57,73987.85,0.9656,0.9145,0.5605,-0.3118,60,
2026-05-29 20:11:07,73956.45,0.3322,0.3828,0.3707,-1.122,109,
2026-05-29 20:11:17,73971.55,0.9933,0.8313,0.5067,1.105,142,
2026-05-29 20:11:27,73981.75,0.5199,0.5444,0.4536,4.0276,76,
2026-05-29 20:11:37,73987.05,0.5954,0.5788,0.6315,-0.0242,66,
2026-05-29 20:11:47,74001.65,0.5222,0.5335,0.637,0.4331,87,
2026-05-29 20:11:57,74006.25,0.3009,0.4068,0.4793,0.5413,51,
2026-05-29 20:12:07,74006.75,0.6181,0.6233,0.6832,-0.1499,103,
2026-05-29 20:12:17,74004.15,0.0603,0.1699,0.3472,0.4425,150,
2026-05-29 20:12:27,73977.45,0.1389,0.2092,0.3021,-0.8062,91,
2026-05-29 20:12:37,73975.35,0.2699,0.3815,0.5033,0.0786,68,
2026-05-29 20:12:47,73993.95,0.7711,0.7617,0.6754,0.4494,94,
2026-05-29 20:12:57,73976.55,0.2108,0.3764,0.4468,-0.4874,53,
2026-05-29 20:13:07,73930.15,0.8743,0.6924,0.5705,-1.3282,145,
2026-05-29 20:13:17,73953.55,0.8738,0.8539,0.6115,0.6712,65,
2026-05-29 20:13:27,73943.15,0.0974,0.2171,0.3219,-0.0185,71,
2026-05-29 20:13:37,73951.95,0.8777,0.8343,0.6951,0.159,41,
2026-05-29 20:13:47,73954.25,0.889,0.7691,0.6323,0.0309,81,
2026-05-29 20:13:57,73956.35,0.4895,0.6738,0.6054,-0.4701,55,
2026-05-29 20:14:07,73965.15,0.8499,0.7924,0.7265,0.3927,44,
2026-05-29 20:14:17,73972.55,0.9716,0.8264,0.7263,0.0826,18,
2026-05-29 20:14:27,73968.35,0.2081,0.3081,0.5955,-0.15,35,
2026-05-29 20:14:37,73965.25,0.729,0.7529,0.7169,0.087,37,
2026-05-29 20:14:47,73962.55,0.9379,0.8956,0.6181,-0.0183,28,
2026-05-29 20:14:57,73954.85,0.7817,0.6607,0.5938,-3.6312,104,
2026-05-29 20:15:07,73951.05,0.2341,0.3187,0.4375,-0.025,105,
2026-05-29 20:15:17,73949.35,0.5594,0.5828,0.5645,-0.2078,89,
2026-05-29 20:15:27,73970.15,0.1465,0.1879,0.2904,-0.0646,95,
2026-05-29 20:15:37,73962.95,0.8477,0.7792,0.7545,-0.0035,65,
2026-05-29 20:15:47,73954.65,0.8326,0.8053,0.7136,-0.1636,69,
2026-05-29 20:15:57,73935.55,0.5955,0.6404,0.4862,-0.537,75,
2026-05-29 20:16:07,73935.55,0.5232,0.6562,0.5908,0.0034,4,
2026-05-29 20:16:17,73955.65,0.468,0.5284,0.5733,-1.6378,145,
2026-05-29 20:16:27,73936.35,0.1611,0.2979,0.4135,-0.3242,65,
2026-05-29 20:16:37,73936.35,0.1503,0.3201,0.4916,0.0127,7,
2026-05-29 20:16:47,73904.35,0.4493,0.4615,0.454,-0.4381,99,
2026-05-29 20:16:57,73904.45,0.0508,0.1695,0.2915,0.0894,39,
2026-05-29 20:17:07,73895.05,0.0863,0.4456,0.4157,-0.1231,49,
2026-05-29 20:17:17,73887.65,0.4502,0.4803,0.3764,-0.0793,68,
2026-05-29 20:17:27,73869.05,0.0804,0.1555,0.1859,-0.5109,66,
2026-05-29 20:17:37,73866.25,0.1346,0.18,0.2594,-0.0893,28,
2026-05-29 20:17:47,73857.95,0.4016,0.4862,0.4989,1.7513,130,
2026-05-29 20:17:57,73845.15,0.1766,0.277,0.5503,4.3922,233,
2026-05-29 20:18:07,73834.55,0.0887,0.1967,0.2271,-0.7046,83,
2026-05-29 20:18:17,73820.05,0.3477,0.5186,0.5431,2.9868,294,
2026-05-29 20:18:27,73807.85,0.1057,0.2058,0.2924,-0.2678,37,
2026-05-29 20:18:37,73815.55,0.1485,0.4108,0.428,1.5225,158,
2026-05-29 20:18:47,73792.15,0.3073,0.3658,0.4824,-0.2205,46,
2026-05-29 20:18:57,73776.45,0.2513,0.3632,0.4351,3.3055,166,
2026-05-29 20:19:07,73785.55,0.7561,0.76,0.6316,-0.1734,93,
2026-05-29 20:19:17,73786.05,0.5881,0.5788,0.5267,-0.0459,67,
2026-05-29 20:19:27,73762.95,0.0497,0.1414,0.3163,-0.4072,76,
2026-05-29 20:19:37,73751.95,0.685,0.7633,0.5818,1.3355,104,
2026-05-29 20:19:47,73753.75,0.0289,0.1549,0.2752,0.7283,37,
2026-05-29 20:19:57,73751.45,0.0613,0.2146,0.4156,-0.1851,102,
2026-05-29 20:20:07,73735.55,0.6517,0.6327,0.5314,-1.0293,104,
2026-05-29 20:20:17,73749.75,0.6126,0.6099,0.5558,1.7881,86,
2026-05-29 20:20:27,73740.85,0.1801,0.2697,0.3392,0.786,105,
2026-05-29 20:20:37,73722.25,0.0456,0.1683,0.2962,-0.7227,89,
2026-05-29 20:20:47,73722.85,0.6829,0.6551,0.6477,1.2066,44,
2026-05-29 20:20:57,73730.25,0.2073,0.3496,0.5076,0.8324,93,
2026-05-29 20:21:07,73745.95,0.3201,0.5676,0.626,3.303,134,
2026-05-29 20:21:17,73753.35,0.2587,0.5269,0.5784,1.2828,35,
2026-05-29 20:21:27,73747.55,0.045,0.2163,0.532,-0.0257,37,
2026-05-29 20:21:37,73744.65,0.2569,0.3818,0.5806,-0.0674,21,
2026-05-29 20:21:47,73745.55,0.377,0.4614,0.6086,2.9714,126,
2026-05-29 20:21:57,73759.25,0.04,0.2608,0.4918,1.6648,104,
2026-05-29 20:22:07,73757.45,0.4346,0.5847,0.5957,1.0127,67,
2026-05-29 20:22:17,73751.25,0.606,0.6503,0.6744,-0.1842,17,
2026-05-29 20:22:27,73768.35,0.7755,0.8035,0.8006,1.6069,46,
2026-05-29 20:22:37,73780.55,0.1583,0.2405,0.5277,3.276,65,
2026-05-29 20:22:47,73763.55,0.4621,0.5005,0.5596,-1.2181,73,
2026-05-29 20:22:57,73732.45,0.4251,0.482,0.6155,-1.1838,104,
2026-05-29 20:23:07,73718.25,0.0676,0.2727,0.4079,-1.041,81,
2026-05-29 20:23:17,73731.15,0.7897,0.8061,0.8142,1.3709,139,
2026-05-29 20:23:27,73735.75,0.4712,0.6544,0.7475,1.1032,56,
2026-05-29 20:23:37,73719.55,0.066,0.2355,0.511,0.7206,89,
2026-05-29 20:23:47,73717.45,0.2947,0.4266,0.6342,-0.0157,25,
2026-05-29 20:23:57,73706.15,0.561,0.5368,0.5937,-1.1313,131,
2026-05-29 20:24:07,73700.25,0.1286,0.1447,0.2895,-0.2149,135,
2026-05-29 20:24:17,73691.55,0.3334,0.4835,0.4771,-0.4584,51,
2026-05-29 20:24:27,73626.45,0.6549,0.6361,0.556,-3.2671,224,
2026-05-29 20:24:37,73639.95,0.5139,0.6553,0.6743,1.5854,90,
2026-05-29 20:24:47,73630.65,0.6712,0.6555,0.5956,0.3163,52,
2026-05-29 20:24:57,73630.65,0.5177,0.5941,0.6618,-0.0115,10,
2026-05-29 20:25:07,73635.35,0.0198,0.1241,0.389,0.9727,137,
2026-05-29 20:25:17,73625.25,0.4812,0.5165,0.64,0.1424,97,
2026-05-29 20:25:27,73602.75,0.4594,0.5311,0.5878,-0.9151,82,
2026-05-29 20:25:37,73603.45,0.033,0.2814,0.3957,2.2629,121,
2026-05-29 20:25:47,73592.45,0.4062,0.424,0.4805,-0.4521,72,
2026-05-29 20:25:57,73587.35,0.0837,0.1228,0.2974,1.2293,105,
2026-05-29 20:26:07,73563.45,0.6555,0.5488,0.3665,-0.3548,88,
2026-05-29 20:26:17,73580.75,0.5109,0.6549,0.561,2.0988,76,
2026-05-29 20:26:27,73585.95,0.1192,0.3838,0.5593,1.5674,49,
2026-05-29 20:26:37,73569.75,0.9543,0.8498,0.7706,-2.6813,156,
2026-05-29 20:26:47,73604.05,0.1633,0.3453,0.6218,1.2345,171,
2026-05-29 20:26:57,73613.95,0.9321,0.8847,0.8389,0.7817,46,
2026-05-29 20:27:07,73625.95,0.8028,0.7932,0.7491,-0.2214,117,
2026-05-29 20:27:17,73619.15,0.017,0.2298,0.4027,-0.3489,45,
2026-05-29 20:27:27,73642.75,0.1536,0.3691,0.5016,2.4528,148,
2026-05-29 20:27:37,73638.15,0.6143,0.6462,0.6062,-0.2509,41,
2026-05-29 20:27:47,73629.75,0.1394,0.3223,0.4737,0.5884,116,
2026-05-29 20:27:57,73629.05,0.3508,0.5386,0.6328,0.0121,28,
2026-05-29 20:28:07,73613.55,0.016,0.1702,0.3603,-2.1196,89,
2026-05-29 20:28:17,73608.25,0.0984,0.2831,0.3251,0.1112,47,
2026-05-29 20:28:27,73619.55,0.1434,0.2739,0.5163,3.0268,103,
2026-05-29 20:28:37,73638.15,0.9649,0.8533,0.7295,0.5214,70,
2026-05-29 20:28:47,73663.15,0.8705,0.8474,0.7449,0.6052,79,
2026-05-29 20:28:57,73650.85,0.4959,0.5311,0.6298,-0.266,109,
2026-05-29 20:29:07,73671.25,0.5333,0.6193,0.752,0.3558,50,
2026-05-29 20:29:17,73654.95,0.3202,0.3948,0.426,-1.1153,93,
2026-05-29 20:29:27,73651.35,0.3671,0.4451,0.6322,-0.5445,83,
2026-05-29 20:29:37,73653.65,0.703,0.7028,0.7406,0.1603,17,
2026-05-29 20:29:47,73657.15,0.833,0.7698,0.6647,-0.0409,26,
2026-05-29 20:29:57,73650.35,0.1509,0.2734,0.4268,-0.3971,38,
2026-05-29 20:30:07,73644.25,0.9485,0.8374,0.6758,-0.5576,26,
2026-05-29 20:30:17,73677.45,0.8551,0.8522,0.8144,0.7992,104,
2026-05-29 20:30:27,73687.85,0.7189,0.6914,0.7381,-0.3665,90,
2026-05-29 20:30:37,73719.55,0.8118,0.7944,0.7236,2.8835,111,
2026-05-29 20:30:47,73723.95,0.3344,0.427,0.6696,1.9887,138,
2026-05-29 20:30:57,73716.95,0.4769,0.5339,0.6474,-0.2676,110,
2026-05-29 20:31:07,73710.25,0.8049,0.7274,0.6263,-0.2474,34,
2026-05-29 20:31:17,73703.65,0.2667,0.4548,0.6311,-2.0962,205,
2026-05-29 20:31:27,73710.25,0.4422,0.5258,0.6502,0.9832,77,
2026-05-29 20:31:37,73823.45,0.5278,0.6885,0.559,9.0976,703,
2026-05-29 20:31:47,73807.55,0.8202,0.8028,0.7941,-1.1668,301,
2026-05-29 20:31:57,73823.05,0.4526,0.609,0.5955,-0.4271,56,
2026-05-29 20:32:07,73892.45,0.3898,0.7136,0.6699,2.3291,260,
2026-05-29 20:32:17,73906.75,0.5274,0.7322,0.7449,0.0037,142,
2026-05-29 20:32:27,73908.65,0.2647,0.5273,0.572,0.0082,237,
2026-05-29 20:32:37,73901.25,0.6172,0.7168,0.6919,-0.8034,144,
2026-05-29 20:32:47,73886.45,0.1377,0.4514,0.5521,0.5288,106,
2026-05-29 20:32:57,73911.65,0.4539,0.5152,0.5857,0.2825,90,
2026-05-29 20:33:07,73917.35,0.0331,0.2784,0.5956,-2.0649,84,
2026-05-29 20:33:17,73897.25,0.9545,0.6435,0.6333,-0.8541,162,
2026-05-29 20:33:27,73955.15,0.9888,0.8589,0.7504,1.0239,185,
2026-05-29 20:33:37,73967.75,0.5613,0.6778,0.6307,1.1055,147,
2026-05-29 20:33:47,73961.85,0.5248,0.6632,0.6704,0.053,77,
2026-05-29 20:33:57,73977.45,0.7772,0.8071,0.788,0.1525,85,
2026-05-29 20:34:07,74066.15,0.8571,0.7264,0.6738,1.3643,247,
2026-05-29 20:34:17,74071.25,0.7139,0.7837,0.8214,-0.1325,139,
2026-05-29 20:34:27,74079.85,0.7709,0.7691,0.7846,4.2461,183,
2026-05-29 20:34:37,74029.95,0.1567,0.376,0.4889,-1.6292,143,
2026-05-29 20:34:47,74021.15,0.6552,0.738,0.7654,2.0331,128,
2026-05-29 20:34:57,74074.65,0.1032,0.168,0.6011,3.6159,169,
2026-05-29 20:35:07,74043.65,0.15,0.3448,0.5544,0.7495,149,
2026-05-29 20:35:17,74058.75,0.1251,0.2793,0.5642,1.6428,282,
2026-05-29 20:35:27,74052.55,0.9458,0.883,0.6778,0.1538,230,
2026-05-29 20:35:37,74074.75,0.083,0.5287,0.6956,1.5469,96,
2026-05-29 20:35:47,74071.15,0.7579,0.8053,0.7297,-1.6056,152,
2026-05-29 20:35:57,74062.65,0.2208,0.3747,0.5842,1.3713,110,
2026-05-29 20:36:07,74079.85,0.5885,0.5842,0.711,0.7198,126,
2026-05-29 20:36:17,74089.95,0.0958,0.3074,0.7086,1.1811,74,
2026-05-29 20:36:27,74050.55,0.2829,0.3506,0.5135,-1.0316,161,
2026-05-29 20:36:37,74044.45,0.3447,0.3961,0.4775,-0.2125,26,
2026-05-29 20:36:47,74030.35,0.7557,0.8014,0.7084,-0.2639,83,
2026-05-29 20:36:57,74033.45,0.5402,0.6393,0.6224,0.4877,33,
2026-05-29 20:37:07,74051.65,0.1185,0.1927,0.5615,0.4812,140,
2026-05-29 20:37:17,74024.65,0.0937,0.1835,0.4168,-0.5264,86,
2026-05-29 20:37:27,74036.85,0.0591,0.1481,0.3337,0.9378,369,
2026-05-29 20:37:37,74007.45,0.1697,0.349,0.494,-0.3943,189,
2026-05-29 20:37:47,73993.75,0.1303,0.2021,0.5268,-0.4044,45,
2026-05-29 20:37:57,74004.45,0.6207,0.7294,0.7164,1.1617,47,
2026-05-29 20:38:07,73963.95,0.1059,0.154,0.4108,-0.7837,177,
2026-05-29 20:38:18,73948.45,0.4092,0.5685,0.6236,-0.4396,44,
2026-05-29 20:38:28,73933.15,0.3674,0.4247,0.674,-0.894,116,
2026-05-29 20:38:38,73936.25,0.2345,0.3058,0.4844,0.6468,51,
2026-05-29 20:38:48,73929.65,0.48,0.6435,0.7218,0.2336,93,
2026-05-29 20:38:58,73953.85,0.7898,0.7627,0.7048,2.4005,66,
2026-05-29 20:39:08,73956.85,0.2968,0.5167,0.5896,1.216,167,
2026-05-29 20:39:18,73930.45,0.3819,0.3689,0.5703,-1.1876,76,
2026-05-29 20:39:28,73930.85,0.6326,0.5981,0.6359,-1.8141,87,
2026-05-29 20:39:38,73962.95,0.7695,0.6702,0.7085,1.2946,97,
2026-05-29 20:39:48,73962.95,0.913,0.8449,0.7845,-0.0041,3,
2026-05-29 20:39:58,73987.85,0.5982,0.4792,0.7434,0.7131,48,
2026-05-29 20:40:08,74008.75,0.1622,0.3011,0.5158,0.2423,111,
2026-05-29 20:40:18,74011.15,0.0822,0.1729,0.4439,0.066,104,
2026-05-29 20:40:28,74042.95,0.0965,0.3639,0.6403,2.2061,160,
2026-05-29 20:40:38,74053.45,0.5469,0.5842,0.7009,-0.3289,94,
2026-05-29 20:40:48,74062.35,0.326,0.3619,0.5817,-1.0028,201,
2026-05-29 20:40:58,74077.85,0.6406,0.6903,0.77,0.5673,51,
2026-05-29 20:41:08,74097.05,0.5684,0.5846,0.759,-0.4465,184,
2026-05-29 20:41:18,74097.05,0.9763,0.8745,0.885,-0.3601,87,
2026-05-29 20:41:28,74099.25,0.4552,0.5809,0.7677,-0.0514,83,
2026-05-29 20:41:38,74099.25,0.4253,0.5411,0.7553,-0.131,6,
2026-05-29 20:41:48,74080.05,0.5347,0.58,0.6468,-0.7528,123,
2026-05-29 20:41:58,74061.65,0.1507,0.3172,0.6932,-0.9021,71,
2026-05-29 20:42:08,74037.85,0.173,0.2585,0.4171,-1.784,178,
2026-05-29 20:42:18,74045.45,0.181,0.3585,0.5998,0.3913,25,
2026-05-29 20:42:28,74031.25,0.116,0.2191,0.4375,-0.4,131,
2026-05-29 20:42:38,74031.15,0.2077,0.4586,0.6874,1.434,96,
2026-05-29 20:42:48,74047.35,0.7726,0.7021,0.7313,0.7299,71,
2026-05-29 20:42:58,74040.05,0.3235,0.4569,0.646,-0.1335,47,
2026-05-29 20:43:08,74041.45,0.1742,0.4237,0.6395,0.0901,64,
2026-05-29 20:43:18,74037.95,0.4546,0.489,0.6618,-0.356,47,
2026-05-29 20:43:28,74045.35,0.334,0.4987,0.6336,0.4266,79,
2026-05-29 20:43:38,74045.35,0.522,0.5906,0.6565,-0.0105,12,
2026-05-29 20:43:48,74045.35,0.4906,0.5172,0.7393,0.0004,2,
2026-05-29 20:43:58,74024.05,0.0239,0.3337,0.506,1.0875,184,
2026-05-29 20:44:08,74032.55,0.6892,0.6854,0.7323,0.3709,28,
2026-05-29 20:44:18,74032.55,0.5724,0.5182,0.7211,0.0003,2,
2026-05-29 20:44:28,74032.55,0.924,0.7041,0.7941,0.0077,5,
2026-05-29 20:44:38,74044.85,0.6042,0.583,0.6971,0.2646,41,
2026-05-29 20:44:48,74048.85,0.8682,0.803,0.7753,0.2185,23,
2026-05-29 20:44:58,74072.45,0.7875,0.6928,0.7317,0.6723,83,
2026-05-29 20:45:08,74053.45,0.5162,0.5488,0.6189,-0.722,203,
2026-05-29 20:45:18,74052.05,0.0658,0.2949,0.5601,-0.0236,98,
2026-05-29 20:45:28,74039.95,0.4069,0.5836,0.6884,-0.5522,74,
2026-05-29 20:45:38,74002.75,0.0121,0.1234,0.4486,-1.8555,158,
2026-05-29 20:45:48,73989.15,0.3143,0.4027,0.6354,0.1071,53,
2026-05-29 20:45:58,73989.25,0.911,0.7309,0.7037,1.056,44,
2026-05-29 20:46:08,74013.95,0.9181,0.7187,0.7488,0.5159,92,
2026-05-29 20:46:18,74039.15,0.8399,0.8128,0.8376,0.1668,52,
2026-05-29 20:46:28,74048.35,0.4792,0.5335,0.5469,-0.0666,64,
2026-05-29 20:46:38,74043.75,0.0725,0.2145,0.4831,-0.0481,38,
2026-05-29 20:46:48,74047.85,0.6465,0.6206,0.7171,0.1627,31,
2026-05-29 20:46:58,74042.15,0.418,0.4373,0.6204,-0.0724,77,
2026-05-29 20:47:08,74041.05,0.9183,0.8188,0.6404,-0.1125,122,
2026-05-29 20:47:18,74043.45,0.8914,0.6724,0.5895,0.0953,21,
2026-05-29 20:47:28,74052.95,0.6888,0.7071,0.6771,-1.8077,233,
2026-05-29 20:47:38,74069.45,0.9437,0.877,0.821,0.1295,43,
2026-05-29 20:47:48,74072.95,0.1955,0.3927,0.7403,0.1464,86,
2026-05-29 20:47:58,74065.35,0.5309,0.415,0.6128,-0.2646,20,
2026-05-29 20:48:08,74071.95,0.057,0.2964,0.5889,-1.8804,41,
2026-05-29 20:48:18,74053.75,0.3043,0.4348,0.6437,-0.3636,60,
2026-05-29 20:48:28,74058.95,0.6231,0.5535,0.7191,0.0393,51,
2026-05-29 20:48:38,74043.65,0.4745,0.4443,0.4869,-1.805,66,
2026-05-29 20:48:48,74035.75,0.2858,0.394,0.5769,-0.8133,100,
2026-05-29 20:48:58,74044.65,0.8113,0.7279,0.7266,0.3534,35,
2026-05-29 20:49:08,74025.95,0.1524,0.2193,0.4238,-0.2863,146,
2026-05-29 20:49:18,74026.45,0.4675,0.4369,0.6127,-0.0659,46,
2026-05-29 20:49:28,74051.45,0.7274,0.5635,0.5675,1.7215,102,
2026-05-29 20:49:38,74054.35,0.2173,0.2815,0.5523,0.1559,54,
2026-05-29 20:49:48,74044.35,0.3278,0.3749,0.6167,-0.3241,66,
2026-05-29 20:49:58,74043.55,0.2693,0.3653,0.5923,-0.302,113,
2026-05-29 20:50:08,74009.85,0.8758,0.7563,0.6071,-0.8025,152,
2026-05-29 20:50:18,73990.35,0.1113,0.2811,0.4707,-0.8043,110,
2026-05-29 20:50:28,73989.45,0.1769,0.2628,0.5703,-0.2482,71,
2026-05-29 20:50:38,73970.45,0.098,0.19,0.5576,-1.2439,99,
2026-05-29 20:50:48,73989.25,0.4702,0.5195,0.713,0.5938,103,
2026-05-29 20:50:58,73986.65,0.5225,0.6249,0.6985,-0.0575,18,
2026-05-29 20:51:08,73995.65,0.4029,0.3547,0.5644,0.663,197,
2026-05-29 20:51:18,74007.25,0.9038,0.8663,0.7538,0.3667,111,
2026-05-29 20:51:28,74007.05,0.7233,0.6562,0.6708,-0.0978,48,
2026-05-29 20:51:38,74011.55,0.4759,0.4869,0.7059,0.2445,30,
2026-05-29 20:51:48,74018.55,0.9425,0.8644,0.7524,0.3152,30,
2026-05-29 20:51:58,73973.25,0.7599,0.5135,0.4224,-11.1512,212,
2026-05-29 20:52:08,73978.95,0.3589,0.4323,0.3763,0.993,168,
2026-05-29 20:52:18,73919.75,0.5309,0.3922,0.3399,-2.7922,341,
2026-05-29 20:52:28,73946.05,0.9192,0.8208,0.626,0.2774,119,
2026-05-29 20:52:38,73947.25,0.449,0.3365,0.3111,1.1077,126,
2026-05-29 20:52:48,73950.45,0.501,0.4611,0.4599,-0.1863,51,
2026-05-29 20:52:58,73966.85,0.6816,0.5606,0.5492,0.866,52,
2026-05-29 20:53:08,74003.75,0.6883,0.5945,0.2789,1.4861,108,
2026-05-29 20:53:18,73994.85,0.2637,0.3729,0.4257,-1.263,129,
2026-05-29 20:53:28,73991.85,0.9647,0.7323,0.5803,0.1331,45,
2026-05-29 20:53:38,73965.55,0.8078,0.7468,0.6097,-4.5032,135,
2026-05-29 20:53:48,73976.25,0.9405,0.8278,0.6972,1.5932,82,
2026-05-29 20:53:58,73984.95,0.3517,0.365,0.3109,-0.879,38,
2026-05-29 20:54:08,73988.65,0.9806,0.8837,0.5921,0.0758,23,
2026-05-29 20:54:18,74000.15,0.9051,0.7027,0.7063,0.5154,43,
2026-05-29 20:54:28,74039.75,0.8094,0.7247,0.6793,0.9975,99,
2026-05-29 20:54:38,74064.45,0.7914,0.786,0.6253,0.9932,59,
2026-05-29 20:54:48,74056.75,0.4944,0.4974,0.4141,-1.0321,99,
2026-05-29 20:54:58,74049.05,0.4836,0.4005,0.4528,-0.7916,55,
2026-05-29 20:55:08,74027.75,0.1565,0.3202,0.4278,-2.9759,153,
2026-05-29 20:55:18,74029.35,0.807,0.5655,0.4545,0.1468,18,
2026-05-29 20:55:28,74005.55,0.0874,0.3797,0.4722,-0.6593,103,
2026-05-29 20:55:38,73993.35,0.0709,0.4041,0.5489,-0.337,52,
2026-05-29 20:55:48,73981.65,0.0334,0.117,0.3151,-0.3324,70,
2026-05-29 20:55:58,73975.05,0.224,0.4312,0.389,-0.2845,49,
2026-05-29 20:56:08,73958.95,0.3216,0.3892,0.4018,-0.3619,57,
2026-05-29 20:56:18,73975.45,0.8924,0.8081,0.7219,0.5213,85,
2026-05-29 20:56:28,74002.65,0.6478,0.6461,0.5001,0.6569,85,
2026-05-29 20:56:38,74006.75,0.7532,0.5462,0.5784,1.3064,51,
2026-05-29 20:56:48,73993.85,0.4924,0.4965,0.3876,-0.3992,107,
2026-05-29 20:56:58,74001.85,0.887,0.7783,0.5394,1.3948,84,
2026-05-29 20:57:08,74007.65,0.7391,0.7295,0.5707,0.4689,17,
2026-05-29 20:57:18,73992.55,0.0956,0.2156,0.3926,-1.6337,71,
2026-05-29 20:57:28,73978.25,0.1912,0.3013,0.3249,-0.2844,48,
2026-05-29 20:57:38,73988.15,0.9604,0.7135,0.6011,0.3682,72,
2026-05-29 20:57:48,73990.65,0.6448,0.6403,0.4774,0.0734,13,
2026-05-29 20:57:58,73990.05,0.7974,0.7558,0.5315,-0.1238,41,
2026-05-29 20:58:08,74006.65,0.9619,0.8562,0.7129,0.568,74,
2026-05-29 20:58:18,74029.25,0.7167,0.6829,0.6327,0.1508,39,
2026-05-29 20:58:28,74027.55,0.4877,0.3209,0.5255,-0.1605,21,
2026-05-29 20:58:38,74027.55,0.1992,0.3496,0.4349,0.0525,4,
2026-05-29 20:58:48,74011.45,0.2388,0.1387,0.2937,-0.9408,107,
2026-05-29 20:58:58,74094.85,0.6663,0.6021,0.6472,36.1838,544,
2026-05-29 20:59:08,74092.35,0.2156,0.6245,0.5494,-1.1833,75,
2026-05-29 20:59:18,74073.35,0.563,0.5886,0.5153,-2.0282,54,
2026-05-29 20:59:28,74068.25,0.5353,0.5508,0.5819,-0.4271,66,
2026-05-29 20:59:38,74068.25,0.6465,0.4969,0.5046,0.2506,47,
2026-05-29 20:59:48,74053.05,0.504,0.6518,0.6781,-0.5327,81,
2026-05-29 20:59:58,74051.35,0.2633,0.3988,0.5272,0.145,47,
2026-05-29 21:00:08,74085.05,0.0426,0.219,0.4977,0.0793,114,
2026-05-29 21:00:18,74068.25,0.1241,0.3182,0.517,-0.7671,154,
2026-05-29 21:00:28,74098.65,0.7544,0.7213,0.4484,0.8667,69,
2026-05-29 21:00:38,74096.45,0.6836,0.6297,0.6244,1.662,110,
2026-05-29 21:00:48,74086.75,0.7993,0.4627,0.6346,-0.9289,85,
2026-05-29 21:00:58,74103.45,0.819,0.7284,0.6359,0.898,70,
2026-05-29 21:01:08,74129.45,0.6213,0.7687,0.8224,1.3619,81,
2026-05-29 21:01:18,74120.55,0.8417,0.688,0.677,1.287,87,
2026-05-29 21:01:28,74139.85,0.2747,0.4847,0.572,3.9894,164,
2026-05-29 21:01:38,74143.25,0.6094,0.3213,0.3172,4.0395,282,
2026-05-29 21:01:48,74143.65,0.0941,0.4323,0.6446,4.0982,220,
2026-05-29 21:01:58,74140.15,0.322,0.2981,0.519,3.3061,82,
2026-05-29 21:02:08,74105.45,0.3585,0.3838,0.4607,2.6968,224,
2026-05-29 21:02:18,74096.25,0.0572,0.2251,0.2226,3.2783,220,
2026-05-29 21:02:28,74055.95,0.5641,0.4051,0.4208,2.7157,170,
2026-05-29 21:02:38,74057.35,0.5077,0.3789,0.4878,3.2772,217,
2026-05-29 21:02:48,74045.25,0.4594,0.3102,0.3834,2.0142,325,
2026-05-29 21:02:58,74040.85,0.4766,0.3776,0.3452,1.8417,272,
2026-05-29 21:03:08,74010.15,0.5025,0.4941,0.3975,2.6495,311,
2026-05-29 21:03:18,74018.65,0.2006,0.1274,0.2181,3.7864,270,
2026-05-29 21:03:28,74007.75,0.4429,0.216,0.2413,3.1196,364,
2026-05-29 21:03:38,73975.25,0.3108,0.2378,0.297,1.4349,351,
2026-05-29 21:03:48,73962.95,0.2031,0.3051,0.333,3.5116,302,
2026-05-29 21:03:58,73971.85,0.3469,0.2432,0.281,3.9026,319,
2026-05-29 21:04:08,73972.95,0.3003,0.3188,0.5108,3.2067,369,
2026-05-29 21:04:18,73985.15,0.4351,0.3075,0.3204,3.2908,289,
2026-05-29 21:04:28,73969.15,0.3235,0.3608,0.5283,2.2373,377,
2026-05-29 21:04:38,73969.05,0.257,0.3372,0.4584,1.2798,215,
2026-05-29 21:04:48,73976.85,0.6269,0.5302,0.4926,0.6717,137,
2026-05-29 21:04:58,73953.65,0.9154,0.8673,0.4785,-1.0786,68,
2026-05-29 21:05:08,73958.55,0.7448,0.4613,0.5139,0.287,79,
2026-05-29 21:05:18,73950.85,0.5249,0.4807,0.4606,0.6356,139,
2026-05-29 21:05:28,73940.85,0.1817,0.1321,0.1895,-0.9732,93,
2026-05-29 21:05:38,73936.55,0.841,0.3485,0.4799,-0.3642,33,
2026-05-29 21:05:48,73940.65,0.7871,0.5384,0.4434,0.2222,29,
2026-05-29 21:05:58,73948.15,0.706,0.3247,0.4099,0.5887,63,
2026-05-29 21:06:08,73956.75,0.529,0.3499,0.4865,1.1499,138,
2026-05-29 21:06:18,73978.75,0.7976,0.3962,0.5108,0.922,72,
2026-05-29 21:06:28,73952.25,0.7394,0.6427,0.4793,-0.5772,80,
2026-05-29 21:06:38,73957.15,0.9285,0.8112,0.5357,0.2092,75,
2026-05-29 21:06:48,73967.35,0.9631,0.7944,0.7267,0.3702,43,
2026-05-29 21:06:58,73967.35,0.5609,0.616,0.6139,-0.3286,60,
2026-05-29 21:07:08,73932.05,0.551,0.5398,0.506,-1.1547,86,
2026-05-29 21:07:18,73956.75,0.5776,0.5217,0.4289,0.331,59,
2026-05-29 21:07:28,73962.85,0.8641,0.8538,0.6826,0.0493,52,
2026-05-29 21:07:38,73955.05,0.5775,0.3591,0.5069,-0.2293,23,
2026-05-29 21:07:48,73971.25,0.9211,0.499,0.4854,0.7075,62,
2026-05-29 21:07:58,73974.35,0.7408,0.3538,0.4339,0.0964,10,
2026-05-29 21:08:08,73995.55,0.8714,0.7315,0.6168,0.6521,80,
2026-05-29 21:08:18,74009.95,0.7826,0.5152,0.5859,0.4523,86,
2026-05-29 21:08:28,74027.85,0.9008,0.8716,0.6576,0.492,78,
2026-05-29 21:08:38,74039.45,0.9699,0.893,0.6393,0.0438,124,
2026-05-29 21:08:48,74048.95,0.6372,0.6567,0.5719,0.5396,46,
2026-05-29 21:08:58,74074.95,0.3452,0.52,0.7408,0.8762,97,
2026-05-29 21:09:08,74070.35,0.3092,0.3785,0.6488,0.0339,64,
2026-05-29 21:09:18,74099.25,0.9717,0.8644,0.6286,1.0517,127,
2026-05-29 21:09:28,74117.25,0.8606,0.4479,0.4609,1.4751,113,
2026-05-29 21:09:38,74150.15,0.3781,0.667,0.7198,5.8092,225,
2026-05-29 21:09:48,74135.15,0.7768,0.6766,0.6164,-7.7906,175,
2026-05-29 21:09:58,74130.15,0.8946,0.7791,0.6568,0.1718,98,
2026-05-29 21:10:08,74130.15,0.7949,0.7304,0.4829,0.2382,14,
2026-05-29 21:10:18,74130.25,0.6879,0.6453,0.4957,0.1058,28,
2026-05-29 21:10:28,74136.95,0.6837,0.6473,0.6897,0.3397,50,
2026-05-29 21:10:38,74151.15,0.8535,0.8071,0.7679,0.1818,57,
2026-05-29 21:10:48,74155.35,0.8341,0.7096,0.4918,3.4692,250,
2026-05-29 21:10:58,74152.85,0.821,0.7573,0.4532,0.0182,36,
2026-05-29 21:11:08,74169.45,0.1523,0.5673,0.7222,3.0244,235,
2026-05-29 21:11:18,74140.05,0.4483,0.4692,0.4727,-0.4213,79,
2026-05-29 21:11:28,74161.45,0.7683,0.7883,0.8164,0.8528,209,
2026-05-29 21:11:38,74158.75,0.5029,0.8726,0.8035,-0.0426,19,
2026-05-29 21:11:48,74158.75,0.5652,0.7784,0.8066,0.0002,3,
2026-05-29 21:11:58,74159.65,0.8085,0.8379,0.8509,0.0626,15,
2026-05-29 21:12:08,74203.05,0.497,0.7353,0.874,3.7961,247,
2026-05-29 21:12:18,74230.15,0.3264,0.3292,0.4427,2.7545,555,
2026-05-29 21:12:28,74284.45,0.7566,0.6607,0.788,1.2107,418,
2026-05-29 21:12:38,74274.55,0.514,0.6851,0.6544,-0.5886,104,
2026-05-29 21:12:48,74217.45,0.8287,0.5376,0.399,-5.6579,419,
2026-05-29 21:12:58,74233.05,0.5795,0.5506,0.6476,-0.3877,109,
2026-05-29 21:13:08,74241.35,0.9292,0.8047,0.7423,0.1153,43,
2026-05-29 21:13:18,74256.05,0.2638,0.3368,0.4465,-0.2032,100,
2026-05-29 21:13:28,74243.95,0.7939,0.5821,0.5408,-1.4319,97,
2026-05-29 21:13:38,74249.25,0.6868,0.6153,0.6702,-0.3916,65,
2026-05-29 21:13:48,74266.45,0.3695,0.5185,0.7227,0.6421,113,
2026-05-29 21:13:58,74251.55,0.2318,0.3416,0.3503,-0.3654,38,
2026-05-29 21:14:08,74254.15,0.6674,0.5977,0.663,0.198,139,
2026-05-29 21:14:18,74278.95,0.62,0.6042,0.7221,3.6308,251,
2026-05-29 21:14:28,74265.15,0.7945,0.7453,0.6319,-0.1996,74,
2026-05-29 21:14:38,74269.25,0.2963,0.3577,0.5035,0.7477,137,
2026-05-29 21:14:48,74267.55,0.425,0.541,0.5725,-0.3945,33,
2026-05-29 21:14:58,74247.65,0.4935,0.556,0.5754,-1.1834,91,
2026-05-29 21:15:08,74268.55,0.4222,0.4003,0.4954,1.6268,87,
2026-05-29 21:15:18,74240.95,0.5045,0.5365,0.5494,-1.011,126,
2026-05-29 21:15:28,74250.25,0.207,0.8475,0.7691,0.6144,357,
2026-05-29 21:15:38,74217.75,0.5645,0.6395,0.549,-7.8582,148,
2026-05-29 21:15:48,74194.85,0.1859,0.2696,0.3716,-1.7713,133,
2026-05-29 21:15:58,74174.45,0.3562,0.321,0.3482,-0.9086,376,
2026-05-29 21:16:08,74215.25,0.4421,0.3785,0.5263,3.9796,173,
2026-05-29 21:16:18,74200.55,0.0993,0.2215,0.3259,-0.4001,67,
2026-05-29 21:16:28,74191.55,0.4802,0.5244,0.5163,-0.5142,34,
2026-05-29 21:16:38,74220.15,0.5168,0.662,0.7631,2.8987,353,
2026-05-29 21:16:48,74171.75,0.2702,0.5314,0.5331,-5.3769,347,
2026-05-29 21:16:58,74162.85,0.2265,0.3327,0.5105,-0.2641,40,
2026-05-29 21:17:08,74202.95,0.7622,0.5102,0.5679,6.8335,297,
2026-05-29 21:17:18,74182.75,0.1823,0.2752,0.4586,-0.5129,51,
2026-05-29 21:17:28,74204.05,0.9298,0.7723,0.6657,0.76,150,
2026-05-29 21:17:38,74253.95,0.684,0.5869,0.5492,5.4175,478,
2026-05-29 21:17:48,74269.05,0.3841,0.3522,0.4551,2.4525,266,
2026-05-29 21:17:58,74296.65,0.2279,0.2867,0.4493,1.6321,375,
2026-05-29 21:18:08,74286.85,0.157,0.4234,0.5125,-0.757,46,
2026-05-29 21:18:18,74272.75,0.3626,0.3898,0.5411,-1.4692,39,
2026-05-29 21:18:28,74231.45,0.2358,0.2617,0.2994,-3.8876,130,
2026-05-29 21:18:38,74205.75,0.4509,0.6629,0.6348,-0.1507,119,
2026-05-29 21:18:48,74255.75,0.2123,0.2749,0.3761,10.4299,346,
2026-05-29 21:18:58,74243.75,0.6515,0.5962,0.413,-1.1621,70,
2026-05-29 21:19:09,74231.55,0.1695,0.4935,0.5319,-1.1526,110,
2026-05-29 21:19:19,74217.05,0.2973,0.3954,0.596,-0.5933,74,
2026-05-29 21:19:29,74210.75,0.502,0.5717,0.6607,-1.1621,53,
2026-05-29 21:19:39,74210.75,0.2206,0.4112,0.4747,-0.1274,18,
2026-05-29 21:19:49,74237.15,0.4966,0.6403,0.6666,0.7411,303,
2026-05-29 21:19:59,74218.65,0.4233,0.4387,0.5169,-0.8926,124,
2026-05-29 21:20:09,74249.95000000001,0.9372,0.7878,0.5342,3.0331,270,
2026-05-29 21:20:19,74243.25,0.065,0.2266,0.3419,-1.8254,230,
2026-05-29 21:20:29,74244.25,0.8553,0.6578,0.6071,0.2826,108,
2026-05-29 21:20:39,74246.05,0.5384,0.5293,0.6175,0.626,128,
2026-05-29 21:20:49,74267.85,0.354,0.2755,0.2384,4.9312,260,
2026-05-29 21:20:59,74266.05,0.485,0.4924,0.4,-0.585,46,
2026-05-29 21:21:09,74235.45,0.5395,0.607,0.5451,-2.2115,230,
2026-05-29 21:21:19,74211.35,0.2729,0.3444,0.522,-0.8321,189,
2026-05-29 21:21:29,74222.35,0.4712,0.5521,0.5587,0.634,48,
2026-05-29 21:21:39,74239.25,0.5895,0.468,0.5518,4.5667,254,
2026-05-29 21:21:49,74229.05,0.2418,0.2851,0.3575,-0.5454,39,
2026-05-29 21:21:59,74229.05,0.2797,0.4629,0.4887,0.0592,24,
2026-05-29 21:22:09,74225.25,0.3799,0.5374,0.4881,-0.6039,43,
2026-05-29 21:22:19,74237.85,0.887,0.7859,0.6682,1.0405,165,
2026-05-29 21:22:29,74233.75,0.4047,0.4646,0.5287,0.5283,58,
2026-05-29 21:22:39,74233.75,0.3961,0.4823,0.5762,-0.1349,32,
2026-05-29 21:22:49,74218.95,0.6044,0.5828,0.5878,-1.4965,85,
2026-05-29 21:22:59,74233.65,0.6766,0.6782,0.6999,1.3332,154,
2026-05-29 21:23:09,74238.85,0.0545,0.4913,0.6212,-0.23,70,
2026-05-29 21:23:19,74246.25,0.2776,0.4327,0.6088,0.2774,77,
2026-05-29 21:23:29,74231.15,0.1493,0.2132,0.4006,-0.787,75,
2026-05-29 21:23:39,74219.45,0.3438,0.4063,0.3983,-0.5236,29,
2026-05-29 21:23:49,74211.55,0.3386,0.5006,0.482,1.0768,210,
2026-05-29 21:23:59,74235.05,0.1363,0.4779,0.6671,1.348,220,
2026-05-29 21:24:09,74243.35,0.4273,0.5204,0.6303,1.2728,184,
2026-05-29 21:24:19,74240.95,0.3438,0.3369,0.402,-0.2595,33,
2026-05-29 21:24:29,74252.35,0.6058,0.531,0.528,0.3053,106,
2026-05-29 21:24:39,74331.55,0.7128,0.7842,0.7606,3.3823,432,
2026-05-29 21:24:49,74304.85,0.2065,0.2278,0.4681,-0.4618,71,
2026-05-29 21:24:59,74287.25,0.4913,0.4158,0.3446,-0.9074,88,
2026-05-29 21:25:09,74285.75,0.7358,0.5731,0.655,0.206,126,
2026-05-29 21:25:19,74285.75,0.1413,0.2863,0.5195,0.0802,58,
2026-05-29 21:25:29,74270.85,0.342,0.4418,0.5732,-0.5769,59,
2026-05-29 21:25:39,74218.55,0.2801,0.4476,0.6316,-2.0297,125,
2026-05-29 21:25:49,74200.65,0.1718,0.4845,0.5606,-0.3976,47,
2026-05-29 21:25:59,74196.75,0.457,0.6478,0.657,-0.1669,20,
2026-05-29 21:26:09,74188.05,0.5272,0.3992,0.4237,-0.1868,80,
2026-05-29 21:26:19,74182.75,0.2218,0.2811,0.4341,-0.2276,23,
2026-05-29 21:26:29,74186.95,0.4213,0.3709,0.6515,0.2936,54,
2026-05-29 21:26:39,74196.75,0.9057,0.5791,0.6318,0.036,62,
2026-05-29 21:26:49,74194.35,0.1585,0.3064,0.5716,-0.5788,53,
2026-05-29 21:26:59,74190.55,0.2169,0.3961,0.6971,-0.2748,20,
2026-05-29 21:27:09,74187.65,0.5144,0.4586,0.6557,-0.4707,36,
2026-05-29 21:27:19,74187.65,0.5739,0.5582,0.7014,-0.012,6,
2026-05-29 21:27:29,74187.65,0.5395,0.4813,0.6315,-0.0524,6,
2026-05-29 21:27:39,74198.85,0.5159,0.4803,0.7441,0.323,91,
2026-05-29 21:27:49,74214.25,0.8512,0.6621,0.7091,0.6996,96,
2026-05-29 21:27:59,74221.55,0.7482,0.6941,0.6606,0.2206,52,
2026-05-29 21:28:09,74242.85,0.7792,0.5596,0.5247,0.427,59,
2026-05-29 21:28:19,74248.05,0.1352,0.258,0.5273,0.129,55,
2026-05-29 21:28:29,74226.35,0.1101,0.2458,0.3476,-0.6011,69,
2026-05-29 21:28:39,74248.05,0.3931,0.5641,0.6732,-0.0743,27,
2026-05-29 21:28:49,74246.15,0.0798,0.346,0.5496,-0.1393,25,
2026-05-29 21:28:59,74250.05,0.6156,0.555,0.6676,0.4992,48,
2026-05-29 21:29:09,74250.05,0.6123,0.5401,0.6766,-0.2,10,
2026-05-29 21:29:19,74246.55,0.1839,0.3057,0.4963,-0.5789,49,
2026-05-29 21:29:29,74241.55,0.1321,0.2973,0.5199,-0.8272,56,
2026-05-29 21:29:39,74236.45,0.206,0.2987,0.5165,-0.3781,25,
2026-05-29 21:29:49,74226.75,0.4816,0.5119,0.4547,-0.4274,39,
2026-05-29 21:29:59,74228.05,0.8778,0.7538,0.7379,0.2752,46,
2026-05-29 21:30:09,74227.35,0.3364,0.3497,0.53,-0.2611,37,
2026-05-29 21:30:19,74260.15,0.4439,0.5817,0.6942,1.1857,244,
2026-05-29 21:30:29,74256.85,0.4141,0.5148,0.5411,-0.2303,114,
2026-05-29 21:30:39,74239.85,0.1363,0.2624,0.5994,-0.8185,98,
2026-05-29 21:30:49,74238.85,0.078,0.2935,0.6362,-0.1062,20,
2026-05-29 21:30:59,74260.05,0.4672,0.4929,0.5405,0.6858,86,
2026-05-29 21:31:09,74272.85,0.1437,0.3767,0.448,0.0087,157,
2026-05-29 21:31:19,74279.25,0.3652,0.5217,0.639,0.1305,44,
2026-05-29 21:31:29,74282.35,0.4542,0.4581,0.5399,-0.0495,42,
2026-05-29 21:31:39,74274.85,0.0633,0.1287,0.4508,-0.4852,47,
2026-05-29 21:31:49,74272.65,0.3296,0.4265,0.5677,-0.1386,16,
2026-05-29 21:31:59,74271.45,0.98,0.8627,0.6864,0.2393,68,
2026-05-29 21:32:09,74296.55,0.7255,0.8229,0.721,0.2011,93,
2026-05-29 21:32:19,74269.05,0.6221,0.6964,0.6143,-0.8869,85,
2026-05-29 21:32:29,74273.55,0.8461,0.702,0.6933,0.1661,77,
2026-05-29 21:32:39,74280.35,0.0978,0.2904,0.5644,0.143,79,
2026-05-29 21:32:49,74273.55,0.3118,0.3784,0.4525,-0.0973,16,
2026-05-29 21:32:59,74294.65,0.6233,0.6212,0.6908,0.2923,78,
2026-05-29 21:33:09,74297.55,0.9396,0.8396,0.741,-0.155,24,
2026-05-29 21:33:19,74297.55,0.9335,0.9221,0.7668,-0.0017,3,
2026-05-29 21:33:29,74306.95,0.8654,0.8011,0.7665,0.151,49,
2026-05-29 21:33:39,74313.75,0.3545,0.3713,0.5344,-0.0412,88,
2026-05-29 21:33:49,74263.45,0.2361,0.3518,0.3851,-1.3285,174,
2026-05-29 21:33:59,74266.65,0.1925,0.313,0.5217,0.1029,49,
2026-05-29 21:34:09,74275.85,0.0724,0.2513,0.4976,0.4438,52,
2026-05-29 21:34:19,74268.35,0.7537,0.5845,0.5965,-0.201,24,
2026-05-29 21:34:29,74268.35,0.4112,0.4401,0.5025,-0.0121,5,
2026-05-29 21:34:39,74264.85,0.1302,0.2611,0.4181,0.091,101,
2026-05-29 21:34:49,74289.95,0.808,0.7968,0.7512,0.5565,115,
2026-05-29 21:34:59,74276.15,0.1483,0.2051,0.5231,-0.1193,65,
2026-05-29 21:35:09,74247.65,0.0635,0.1321,0.365,-2.3215,142,
2026-05-29 21:35:19,74262.45,0.6161,0.2747,0.4388,0.1269,218,
2026-05-29 21:35:29,74257.15,0.9426,0.8019,0.6838,0.6635,206,
2026-05-29 21:35:39,74246.85,0.0203,0.103,0.2109,-0.653,140,
2026-05-29 21:35:49,74230.45,0.0298,0.228,0.4752,-0.682,72,
2026-05-29 21:35:59,74217.55,0.3629,0.3788,0.4923,-0.1935,46,
2026-05-29 21:36:09,74217.55,0.5865,0.4869,0.5951,-0.0439,12,
2026-05-29 21:36:19,74216.05,0.497,0.4129,0.5176,-0.2187,101,
2026-05-29 21:36:29,74219.45,0.5866,0.5033,0.6739,0.1167,48,
2026-05-29 21:36:39,74219.45,0.3242,0.379,0.6276,-0.0171,5,
2026-05-29 21:36:49,74225.05,0.4842,0.6765,0.6499,-0.7588,94,
2026-05-29 21:36:59,74246.85,0.9036,0.8699,0.7468,0.3067,68,
2026-05-29 21:37:09,74249.95,0.3525,0.4483,0.574,0.0664,57,
2026-05-29 21:37:19,74254.15,0.1121,0.4215,0.6069,0.0139,33,
2026-05-29 21:37:29,74259.95,0.8061,0.7435,0.6945,-0.0556,154,
2026-05-29 21:37:39,74294.55,0.834,0.7338,0.7375,0.3805,115,
2026-05-29 21:37:49,74321.25,0.8238,0.7386,0.8121,0.4593,100,
2026-05-29 21:37:59,74321.35,0.3483,0.4817,0.698,-0.5917,82,
2026-05-29 21:38:09,74321.55,0.1289,0.3944,0.638,-0.4187,164,
2026-05-29 21:38:19,74330.45,0.2743,0.473,0.7847,-0.0628,51,
2026-05-29 21:38:29,74330.45,0.4091,0.5183,0.7974,-0.0312,6,
2026-05-29 21:38:39,74330.45,0.3902,0.5262,0.7974,-0.1293,25,
2026-05-29 21:38:49,74327.45,0.1164,0.2098,0.6979,-0.4762,58,
2026-05-29 21:38:59,74330.05,0.1286,0.3458,0.7631,-0.1013,29,
2026-05-29 21:39:09,74323.15,0.1338,0.3319,0.5827,-0.2276,42,
2026-05-29 21:39:19,74324.25,0.165,0.2625,0.6573,-0.1093,28,
2026-05-29 21:39:29,74323.15,0.1114,0.2843,0.5519,0.1996,98,
2026-05-29 21:39:39,74323.15,0.7729,0.6503,0.8107,-0.0203,5,
2026-05-29 21:39:49,74319.45,0.2394,0.4776,0.532,-0.3551,57,
2026-05-29 21:39:59,74305.25,0.556,0.5811,0.5274,-0.6969,58,
2026-05-29 21:40:09,74304.15,0.1692,0.2802,0.4814,0.9002,131,
2026-05-29 21:40:19,74310.75,0.6248,0.593,0.6797,0.0884,87,
2026-05-29 21:40:29,74310.75,0.6824,0.6132,0.6544,-0.001,4,
2026-05-29 21:40:39,74296.75,0.0793,0.277,0.5154,-0.4227,62,
2026-05-29 21:40:49,74274.85,0.0563,0.2517,0.4191,-1.142,64,
2026-05-29 21:40:59,74272.75,0.7786,0.8662,0.7798,0.0313,83,
2026-05-29 21:41:09,74276.55,0.3752,0.3464,0.4347,0.0541,76,
2026-05-29 21:41:19,74283.85,0.4607,0.5373,0.6153,-0.1214,26,
2026-05-29 21:41:29,74281.45,0.0901,0.1936,0.4218,-0.6617,45,
2026-05-29 21:41:39,74260.95,0.8147,0.7066,0.6661,-0.0847,87,
2026-05-29 21:41:49,74268.05,0.6741,0.6842,0.6857,-0.0518,40,
2026-05-29 21:41:59,74268.05,0.8023,0.8604,0.6906,-0.088,8,
2026-05-29 21:42:09,74280.75,0.9394,0.849,0.7652,0.6235,58,
2026-05-29 21:42:19,74286.15,0.4012,0.3717,0.5275,-0.3711,81,
2026-05-29 21:42:29,74284.55,0.7751,0.7396,0.691,-0.4565,71,
2026-05-29 21:42:39,74287.85,0.7067,0.6402,0.679,0.0816,25,
2026-05-29 21:42:49,74283.65,0.4912,0.5776,0.5725,-0.4345,42,
2026-05-29 21:42:59,74281.85,0.6614,0.7024,0.6557,-0.1639,26,
2026-05-29 21:43:09,74274.65,0.4325,0.466,0.584,-0.5359,49,
2026-05-29 21:43:19,74281.75,0.1018,0.3498,0.6034,0.1826,23,
2026-05-29 21:43:29,74259.45,0.2237,0.5064,0.6441,0.1198,133,
2026-05-29 21:43:39,74252.65,0.2893,0.329,0.4856,-0.2583,46,
2026-05-29 21:43:49,74257.25,0.777,0.8372,0.7762,0.1812,39,
2026-05-29 21:43:59,74262.95,0.0987,0.2134,0.3849,0.2395,44,
2026-05-29 21:44:09,74259.25,0.4805,0.5912,0.6645,-0.016,81,
2026-05-29 21:44:19,74263.75,0.7749,0.6662,0.6078,0.3943,38,
2026-05-29 21:44:29,74253.65,0.2051,0.2956,0.4712,-0.5684,57,
2026-05-29 21:44:39,74230.45,0.1163,0.2693,0.516,-1.8863,98,
2026-05-29 21:44:49,74207.65,0.3122,0.3687,0.5429,-1.9262,119,
2026-05-29 21:44:59,74214.05,0.6897,0.6481,0.6337,0.6217,84,
2026-05-29 21:45:09,74212.95,0.3481,0.4632,0.6026,-0.4232,56,
2026-05-29 21:45:19,74182.95,0.6031,0.5276,0.3527,-0.0483,153,
2026-05-29 21:45:29,74153.95,0.9467,0.8297,0.6802,-1.1607,112,
2026-05-29 21:45:39,74130.95,0.7746,0.7605,0.6161,-0.5206,68,
2026-05-29 21:45:49,74135.25,0.6964,0.741,0.6184,0.7776,184,
2026-05-29 21:45:59,74133.65,0.7079,0.5917,0.5993,-0.0827,235,
2026-05-29 21:46:09,74151.95,0.8418,0.5711,0.5654,-0.3598,120,
2026-05-29 21:46:19,74136.85,0.788,0.6456,0.6851,-0.0452,104,
2026-05-29 21:46:29,74152.95,0.9719,0.8511,0.6594,0.8169,55,
2026-05-29 21:46:39,74155.35,0.4782,0.4717,0.5707,-0.0955,78,
2026-05-29 21:46:49,74144.95,0.0602,0.3301,0.5396,-0.1961,45,
2026-05-29 21:46:59,74135.75,0.4154,0.5689,0.5295,-0.1832,34,
2026-05-29 21:47:09,74134.25,0.6611,0.6911,0.6813,0.3549,84,
2026-05-29 21:47:19,74128.35,0.0522,0.2384,0.27,-0.1105,31,
2026-05-29 21:47:29,74104.35,0.1809,0.2849,0.3696,-0.5074,71,
2026-05-29 21:47:39,74112.95,0.7901,0.6564,0.4375,0.9206,126,
2026-05-29 21:47:49,74123.35,0.3573,0.3889,0.5643,0.3041,92,
2026-05-29 21:47:59,74124.35,0.8498,0.6732,0.7262,0.593,73,
2026-05-29 21:48:09,74115.35,0.0584,0.2703,0.3683,-0.2561,36,
2026-05-29 21:48:19,74107.95,0.0389,0.1655,0.3039,0.6494,154,
2026-05-29 21:48:29,74090.65,0.1249,0.2242,0.28,-0.5174,52,
2026-05-29 21:48:39,74088.15,0.0966,0.2049,0.2262,-0.4306,23,
2026-05-29 21:48:49,74078.35,0.3768,0.3434,0.339,-0.1904,52,
2026-05-29 21:48:59,74092.85,0.546,0.4299,0.3933,0.5691,147,
2026-05-29 21:49:09,74076.15,0.2338,0.2705,0.3302,-0.3341,50,
2026-05-29 21:49:19,74060.75,0.1555,0.2239,0.3025,-0.3664,42,
2026-05-29 21:49:29,74057.25,0.3635,0.4073,0.3865,-0.2464,19,
2026-05-29 21:49:39,74044.05,0.4718,0.3859,0.4934,-0.1525,149,
2026-05-29 21:49:49,74041.75,0.7722,0.6713,0.5166,0.1182,48,
2026-05-29 21:49:59,74054.75,0.0614,0.2088,0.4359,0.3219,49,
2026-05-29 21:50:09,74035.95,0.3517,0.2944,0.2256,-0.47,112,
2026-05-29 21:50:19,73987.35,0.6747,0.5438,0.532,-4.2231,292,
2026-05-29 21:50:29,73997.45,0.6456,0.6172,0.6217,0.8088,148,
2026-05-29 21:50:39,73990.25,0.2002,0.2444,0.2485,0.6225,99,
2026-05-29 21:50:49,73987.85,0.8822,0.7044,0.515,0.1533,75,
2026-05-29 21:50:59,73996.55,0.8705,0.7397,0.4893,0.7288,96,
2026-05-29 21:51:09,74033.45,0.6274,0.6185,0.6665,2.1578,145,
2026-05-29 21:51:19,74055.85,0.2715,0.3883,0.4065,0.4526,204,
2026-05-29 21:51:29,74059.65,0.5733,0.5141,0.5355,0.8163,50,
2026-05-29 21:51:39,74045.45,0.3208,0.39,0.3966,-1.4505,94,
2026-05-29 21:51:49,74059.35,0.6742,0.6189,0.62,0.4876,62,
2026-05-29 21:51:59,74066.85,0.6735,0.5541,0.5952,0.5872,62,
2026-05-29 21:52:09,74049.45,0.0115,0.1492,0.2966,-2.0906,125,
2026-05-29 21:52:19,74051.05,0.8275,0.6841,0.6823,0.1274,12,
2026-05-29 21:52:29,74059.95,0.6838,0.6325,0.6411,0.4556,42,
2026-05-29 21:52:39,74073.35,0.4369,0.5067,0.5899,0.1119,59,
2026-05-29 21:52:49,74069.15,0.1503,0.3008,0.3475,0.1107,65,
2026-05-29 21:52:59,74064.55,0.0938,0.298,0.5255,-0.2017,37,
2026-05-29 21:53:09,74061.25,0.6346,0.5419,0.6617,-0.4283,75,
2026-05-29 21:53:19,74033.75,0.1568,0.2938,0.4339,-0.5287,59,
2026-05-29 21:53:29,74021.45,0.4392,0.4661,0.3905,-0.5516,24,
2026-05-29 21:53:39,74017.85,0.2231,0.3647,0.6179,-0.0511,12,
2026-05-29 21:53:49,74017.85,0.3251,0.4173,0.4597,-0.0036,2,
2026-05-29 21:53:59,74020.65,0.0224,0.2079,0.4658,0.3089,57,
2026-05-29 21:54:09,74006.65,0.353,0.371,0.3642,-0.5287,47,
2026-05-29 21:54:19,74031.35,0.3871,0.4268,0.5114,0.9439,98,
2026-05-29 21:54:29,74031.35,0.2854,0.433,0.4477,-0.4777,22,
2026-05-29 21:54:39,73991.25,0.0329,0.1198,0.3061,-1.5269,104,
2026-05-29 21:54:49,73982.75,0.5248,0.463,0.4659,0.6989,73,
2026-05-29 21:54:59,73980.45,0.0147,0.1563,0.2352,-0.0339,16,
2026-05-29 21:55:09,73970.25,0.3955,0.3991,0.4642,-0.7132,57,
2026-05-29 21:55:19,73957.05,0.0688,0.2026,0.2234,-0.5051,71,
2026-05-29 21:55:29,73955.25,0.092,0.209,0.2623,-0.0113,9,
2026-05-29 21:55:39,73971.35,0.0516,0.1982,0.2867,1.1459,166,
2026-05-29 21:55:49,73957.65,0.1728,0.2758,0.235,-0.0987,25,
2026-05-29 21:55:59,73921.75,0.5607,0.4962,0.3518,-0.6572,137,
2026-05-29 21:56:09,73937.75,0.4469,0.458,0.3864,1.136,68,
2026-05-29 21:56:19,73934.65,0.3343,0.4249,0.4623,-0.0126,4,
2026-05-29 21:56:29,73935.15,0.3718,0.4272,0.5179,0.1714,56,
2026-05-29 21:56:39,73939.35,0.9093,0.7878,0.6843,1.0198,144,
2026-05-29 21:56:49,73942.55,0.4763,0.4769,0.5573,0.035,23,
2026-05-29 21:56:59,73942.55,0.7214,0.6328,0.6457,-0.07,11,
2026-05-29 21:57:09,73942.55,0.0449,0.3133,0.4605,-0.0423,24,
2026-05-29 21:57:19,73940.95,0.9539,0.8613,0.7498,0.0261,22,
2026-05-29 21:57:29,73959.55,0.9516,0.8717,0.7216,0.4379,75,
2026-05-29 21:57:39,73976.85,0.7008,0.6886,0.6632,0.4076,77,
2026-05-29 21:57:49,73965.85,0.7493,0.6603,0.6753,1.3326,58,
2026-05-29 21:57:59,73981.85,0.7298,0.6866,0.6338,-0.9459,103,
2026-05-29 21:58:09,73991.65,0.6192,0.5667,0.5729,0.3792,53,
2026-05-29 21:58:19,73986.25,0.8933,0.8442,0.7749,0.5348,40,
2026-05-29 21:58:29,73971.45,0.237,0.3776,0.5923,-1.2133,144,
2026-05-29 21:58:39,73983.65,0.2859,0.3533,0.5493,0.8266,59,
2026-05-29 21:58:50,74007.95,0.908,0.7657,0.6649,1.1765,149,
2026-05-29 21:59:00,74011.15,0.2211,0.3922,0.5298,0.0088,51,
2026-05-29 21:59:10,74010.65,0.9282,0.8936,0.8306,-0.0808,59,
2026-05-29 21:59:20,74010.65,0.2704,0.479,0.6847,-0.0005,7,
2026-05-29 21:59:30,74007.05,0.2527,0.397,0.5313,-0.1261,31,
2026-05-29 21:59:40,73992.35,0.3623,0.4652,0.5078,-0.5815,72,
2026-05-29 21:59:50,73986.65,0.344,0.4039,0.4825,-0.1979,19,
2026-05-29 22:00:00,73989.05,0.8659,0.777,0.7508,0.6659,111,
2026-05-29 22:00:10,73996.45,0.9374,0.7429,0.538,-1.65,116,
2026-05-29 22:00:20,74003.75,0.9429,0.8109,0.5182,0.0785,79,
2026-05-29 22:00:30,73972.35,0.2523,0.3056,0.4894,-1.3175,125,
2026-05-29 22:00:40,73969.05,0.9207,0.8754,0.7406,-0.1721,84,
2026-05-29 22:00:50,73970.55,0.0258,0.2365,0.4331,0.2771,89,
2026-05-29 22:01:00,73970.45,0.2737,0.4277,0.4702,0.4129,88,
2026-05-29 22:01:10,73983.65,0.7712,0.7236,0.7242,0.6226,58,
2026-05-29 22:01:20,73976.35,0.8619,0.711,0.5367,-0.5398,49,
2026-05-29 22:01:30,73994.05,0.7139,0.6479,0.5368,0.7891,53,
2026-05-29 22:01:40,73981.65,0.4803,0.5071,0.583,-0.5618,46,
2026-05-29 22:01:50,73995.85,0.0866,0.2877,0.5104,0.6394,61,
2026-05-29 22:02:00,73960.85,0.2392,0.3371,0.4586,-0.5878,94,
2026-05-29 22:02:10,73959.85,0.753,0.6784,0.6395,0.2078,110,
2026-05-29 22:02:20,73986.55,0.7064,0.6109,0.459,0.6857,108,
2026-05-29 22:02:30,74006.15,0.8721,0.8283,0.6101,0.9041,78,
2026-05-29 22:02:40,74006.85,0.7401,0.7368,0.5575,-0.3667,44,
2026-05-29 22:02:50,74006.15,0.6116,0.6118,0.6289,-0.085,41,
2026-05-29 22:03:00,74003.55,0.0442,0.2967,0.4726,0.1212,90,
2026-05-29 22:03:10,73999.55,0.4518,0.5029,0.6102,-0.0005,1,
2026-05-29 22:03:20,73980.65,0.9736,0.8637,0.6528,-0.2851,73,
2026-05-29 22:03:30,73970.75,0.2185,0.2575,0.5733,-0.2165,107,
2026-05-29 22:03:40,73970.95,0.1449,0.1826,0.3928,0.6475,82,
2026-05-29 22:03:50,73982.25,0.9143,0.84,0.7097,0.3984,78,
2026-05-29 22:04:00,73989.75,0.5792,0.5613,0.6429,0.0991,42,
2026-05-29 22:04:10,73981.05,0.8094,0.6993,0.6309,-0.5005,60,
2026-05-29 22:04:20,73995.55,0.4589,0.4885,0.521,0.3102,23,
2026-05-29 22:04:30,74038.45,0.5208,0.514,0.4789,1.0627,116,
2026-05-29 22:04:40,74013.65,0.3975,0.5234,0.4464,-0.7282,115,
2026-05-29 22:04:50,74010.15,0.8034,0.7691,0.7436,-0.0119,63,
2026-05-29 22:05:00,73991.55,0.8732,0.6285,0.4091,-3.0272,154,
2026-05-29 22:05:10,74008.05,0.5266,0.4652,0.4034,0.1797,65,
2026-05-29 22:05:20,73984.45,0.1263,0.1777,0.3533,-0.903,114,
2026-05-29 22:05:30,73945.05,0.4877,0.4696,0.5155,-2.2191,244,
2026-05-29 22:05:40,73962.35,0.436,0.4957,0.624,-0.1674,42,
2026-05-29 22:05:50,73951.45,0.7964,0.6728,0.6416,-0.2002,34,
2026-05-29 22:06:00,73955.85,0.7806,0.7268,0.7487,0.1887,48,
2026-05-29 22:06:10,73955.85,0.8352,0.7707,0.7346,-0.0104,7,
2026-05-29 22:06:20,73959.25,0.6386,0.6461,0.6731,1.0702,64,
2026-05-29 22:06:30,73959.25,0.3651,0.5415,0.6812,-0.0286,3,
2026-05-29 22:06:40,73982.85,0.5304,0.4613,0.56,0.6217,191,
2026-05-29 22:06:50,73988.65,0.0225,0.077,0.1626,0.3579,30,
2026-05-29 22:07:00,73994.25,0.4617,0.4808,0.4809,0.0816,91,
2026-05-29 22:07:10,73994.25,0.7338,0.656,0.5567,-0.0052,5,
2026-05-29 22:07:20,74015.35,0.8765,0.6888,0.7591,0.5334,83,
2026-05-29 22:07:30,74043.35,0.9029,0.7716,0.6108,0.6346,66,
2026-05-29 22:07:40,74060.15,0.2261,0.328,0.6072,0.3425,127,
2026-05-29 22:07:50,74063.45,0.3619,0.3935,0.5518,0.1223,52,
2026-05-29 22:08:00,74052.25,0.4876,0.5069,0.5681,-0.5124,45,
2026-05-29 22:08:10,74017.45,0.516,0.5224,0.3648,-0.4713,134,
2026-05-29 22:08:20,73998.05,0.6885,0.6066,0.4078,-0.8632,188,
2026-05-29 22:08:30,74013.85,0.9052,0.8381,0.7297,0.6414,143,
2026-05-29 22:08:40,73998.85,0.1216,0.2756,0.4047,-0.4942,56,
2026-05-29 22:08:50,74008.35,0.8647,0.6779,0.4755,0.1341,51,
2026-05-29 22:09:00,74011.45,0.7136,0.6274,0.6512,0.8588,52,
2026-05-29 22:09:10,74019.15,0.1649,0.2983,0.3966,0.1418,88,
2026-05-29 22:09:20,74013.65,0.0847,0.2031,0.3497,-0.2616,23,
2026-05-29 22:09:30,74024.45,0.8272,0.7487,0.6855,0.3213,45,
2026-05-29 22:09:40,74040.25,0.7062,0.6544,0.6373,1.2916,103,
2026-05-29 22:09:50,74041.95,0.5498,0.5288,0.4978,-0.365,53,
2026-05-29 22:10:00,74046.65,0.928,0.8003,0.7165,0.0927,43,
2026-05-29 22:10:10,74043.85,0.2635,0.2993,0.3423,-0.0575,101,
2026-05-29 22:10:20,74028.25,0.8039,0.6987,0.699,-0.1185,33,
2026-05-29 22:10:30,74037.85,0.99,0.815,0.5376,0.3175,92,
2026-05-29 22:10:40,74027.35,0.6795,0.5837,0.58,-0.3517,56,
2026-05-29 22:10:50,74039.65,0.8156,0.7303,0.655,0.2685,25,
2026-05-29 22:11:00,74034.75,0.1295,0.3401,0.4946,-1.0993,43,
2026-05-29 22:11:10,74034.75,0.8761,0.7716,0.7171,-0.0093,4,
2026-05-29 22:11:20,74033.55,0.2097,0.3111,0.5,-0.296,26,
2026-05-29 22:11:30,74027.35,0.0573,0.1168,0.3127,-0.4489,55,
2026-05-29 22:11:40,74020.85,0.6152,0.6142,0.6805,-0.3742,42,
2026-05-29 22:11:50,74033.35,0.5833,0.6336,0.7385,0.4883,111,
2026-05-29 22:12:00,74043.95,0.5346,0.5725,0.6251,0.4374,207,
2026-05-29 22:12:10,74035.25,0.5674,0.5425,0.5564,-0.1724,45,
2026-05-29 22:12:20,74035.25,0.4865,0.4698,0.6524,0.0,2,
2026-05-29 22:12:30,74046.05,0.8966,0.7988,0.6216,0.4647,149,
2026-05-29 22:12:40,74057.65,0.0285,0.1146,0.2881,0.5413,120,
2026-05-29 22:12:50,74063.85,0.1882,0.4569,0.5721,0.2186,172,
2026-05-29 22:13:00,74063.85,0.3258,0.447,0.6282,-0.0207,15,
2026-05-29 22:13:10,74063.85,0.1725,0.335,0.5921,-0.0035,3,
2026-05-29 22:13:20,74059.25,0.0864,0.2331,0.3752,-0.0215,108,
2026-05-29 22:13:30,74059.25,0.089,0.265,0.5167,-0.0019,3,
2026-05-29 22:13:40,74058.85,0.0645,0.2027,0.4942,-0.0395,14,
2026-05-29 22:13:50,74058.85,0.2863,0.3459,0.5831,-0.1194,14,
2026-05-29 22:14:00,74064.95,0.0411,0.2016,0.4805,0.5303,125,
2026-05-29 22:14:10,74022.25,0.266,0.4042,0.466,-1.1445,125,
2026-05-29 22:14:20,74022.25,0.3824,0.4441,0.3775,0.0091,4,
2026-05-29 22:14:30,74008.95,0.8619,0.6874,0.4455,-0.4187,47,
2026-05-29 22:14:40,74008.95,0.7689,0.5682,0.4775,0.0243,23,
2026-05-29 22:14:50,74022.15,0.5911,0.5086,0.6361,0.4369,71,
2026-05-29 22:15:00,74046.25,0.9965,0.9291,0.7857,1.5811,217,
2026-05-29 22:15:10,74020.35,0.4828,0.5175,0.5129,-1.0226,186,
2026-05-29 22:15:20,74009.15,0.4516,0.406,0.4211,0.0907,140,
2026-05-29 22:15:30,74009.15,0.5623,0.4917,0.4588,-0.0589,6,
2026-05-29 22:15:40,74003.35,0.1034,0.2982,0.4324,-0.3562,47,
2026-05-29 22:15:50,74000.65,0.9675,0.8105,0.6751,-0.2321,87,
2026-05-29 22:16:00,74000.15,0.7168,0.5429,0.5969,0.0289,134,
2026-05-29 22:16:10,73998.65,0.565,0.4479,0.4781,-0.3215,108,
2026-05-29 22:16:20,74002.95,0.3275,0.3832,0.3449,0.0234,75,
2026-05-29 22:16:30,73978.85,0.2292,0.3801,0.3455,-0.9666,69,
2026-05-29 22:16:40,73976.75,0.4961,0.4483,0.3955,0.0759,82,
2026-05-29 22:16:50,73973.65,0.3295,0.4056,0.5718,-0.0363,12,
2026-05-29 22:17:00,73985.55,0.3337,0.4121,0.5889,1.0833,98,
2026-05-29 22:17:10,74009.85,0.3384,0.4734,0.7188,2.8437,263,
2026-05-29 22:17:20,74003.65,0.6166,0.5123,0.6772,-0.307,26,
2026-05-29 22:17:30,73935.85,0.2161,0.2388,0.3318,-10.0728,293,
2026-05-29 22:17:40,73935.55,0.2395,0.3692,0.4184,-0.1584,48,
2026-05-29 22:17:50,73914.55,0.4342,0.4874,0.5016,-0.0523,292,
2026-05-29 22:18:00,73907.35,0.8205,0.6787,0.6241,0.1409,181,
2026-05-29 22:18:10,73878.65,0.6702,0.5619,0.4509,-5.3641,216,
2026-05-29 22:18:20,73917.95,0.8259,0.7299,0.625,1.373,191,
2026-05-29 22:18:30,73923.55,0.0666,0.2314,0.5366,0.9461,111,
2026-05-29 22:18:40,73929.75,0.2894,0.3431,0.4614,0.2482,105,
2026-05-29 22:18:50,73918.75,0.521,0.5372,0.6566,-0.1612,50,
2026-05-29 22:19:00,73929.05,0.1846,0.2994,0.5124,0.2446,76,
2026-05-29 22:19:10,73951.15,0.485,0.4562,0.461,0.2416,53,
2026-05-29 22:19:20,73937.25,0.6178,0.6256,0.6614,-0.3126,37,
2026-05-29 22:19:30,73889.55,0.326,0.383,0.5984,-4.9921,148,
2026-05-29 22:19:40,73905.15,0.8073,0.7665,0.6526,-0.3735,188,
2026-05-29 22:19:50,73898.65,0.6695,0.5901,0.6235,0.3781,79,
2026-05-29 22:20:00,73901.35,0.5619,0.5694,0.4855,0.0114,48,
2026-05-29 22:20:10,73920.65,0.8763,0.8194,0.7039,0.3247,50,
2026-05-29 22:20:20,73930.15,0.7352,0.664,0.687,0.1195,28,
2026-05-29 22:20:30,73933.85,0.7144,0.6336,0.7134,0.0336,24,
2026-05-29 22:20:40,73933.85,0.0597,0.3092,0.4436,0.2437,65,
2026-05-29 22:20:50,73895.65,0.8818,0.7537,0.6962,-0.9431,170,
2026-05-29 22:21:00,73873.55,0.2781,0.3763,0.368,-1.4866,158,
2026-05-29 22:21:10,73884.35,0.726,0.6449,0.6253,0.1272,70,
2026-05-29 22:21:20,73869.05,0.8531,0.7842,0.7575,-0.0471,266,
2026-05-29 22:21:30,73893.65,0.742,0.7197,0.6121,0.0956,136,
2026-05-29 22:21:40,73915.15,0.0635,0.2568,0.3754,0.2661,119,
2026-05-29 22:21:50,73862.55,0.8152,0.7071,0.567,-2.8162,177,
2026-05-29 22:22:00,73862.55,0.6893,0.6092,0.4944,-0.0481,11,
2026-05-29 22:22:10,73855.15,0.815,0.5713,0.5498,-0.0935,64,
2026-05-29 22:22:20,73847.65,0.4716,0.4854,0.3746,-2.044,204,
2026-05-29 22:22:30,73848.65,0.2558,0.5152,0.6154,-1.1291,120,
2026-05-29 22:22:40,73835.05,0.7965,0.7737,0.6606,-1.3336,151,
2026-05-29 22:22:50,73843.35,0.1584,0.3108,0.4806,0.6202,104,
2026-05-29 22:23:00,73844.55,0.4743,0.5468,0.6792,-0.0216,72,
2026-05-29 22:23:10,73844.75,0.1852,0.3849,0.5274,-0.0897,46,
2026-05-29 22:23:20,73837.75,0.9534,0.783,0.6808,-0.5078,96,
2026-05-29 22:23:30,73858.05,0.6438,0.5084,0.3639,-0.093,101,
2026-05-29 22:23:40,73863.05,0.1996,0.317,0.4231,-0.038,41,
2026-05-29 22:23:50,73849.75,0.7416,0.7086,0.5914,-0.2258,53,
2026-05-29 22:24:00,73844.45,0.3856,0.4694,0.422,-0.214,68,
2026-05-29 22:24:10,73842.45,0.5419,0.5797,0.5719,-0.1106,17,
2026-05-29 22:24:20,73842.45,0.7485,0.7353,0.6369,-0.0596,3,
2026-05-29 22:24:30,73843.25,0.8851,0.827,0.7847,0.048,34,
2026-05-29 22:24:40,73851.35,0.4051,0.4609,0.5441,0.1095,82,
2026-05-29 22:24:50,73855.95,0.6641,0.6286,0.6601,-0.0003,18,
2026-05-29 22:25:00,73852.55,0.5926,0.5608,0.7623,-0.1076,49,
2026-05-29 22:25:10,73852.55,0.8103,0.7322,0.5692,-0.1549,4,
2026-05-29 22:25:20,73869.95,0.8927,0.7858,0.7514,0.6572,70,
2026-05-29 22:25:30,73873.55,0.5531,0.5605,0.6325,-0.0012,41,
2026-05-29 22:25:40,73848.45,0.1729,0.2269,0.4802,-1.2346,87,
2026-05-29 22:25:50,73845.85,0.2898,0.3333,0.4446,-0.0541,26,
2026-05-29 22:26:00,73845.85,0.4637,0.4849,0.5305,-0.0577,8,
2026-05-29 22:26:10,73872.65,0.5809,0.7068,0.6382,1.1844,131,
2026-05-29 22:26:20,73869.75,0.7616,0.6975,0.5886,-0.4805,60,
2026-05-29 22:26:30,73869.75,0.8293,0.7572,0.6986,-0.0581,7,
2026-05-29 22:26:40,73870.55,0.3222,0.407,0.5205,0.6467,113,
2026-05-29 22:26:50,73882.45,0.7966,0.751,0.6703,0.3162,54,
2026-05-29 22:27:00,73891.15,0.8652,0.7996,0.5979,0.5258,51,
2026-05-29 22:27:10,73881.55,0.1412,0.2813,0.4629,-0.3266,39,
2026-05-29 22:27:20,73885.85,0.744,0.6926,0.7573,0.0843,28,
2026-05-29 22:27:30,73898.55,0.2954,0.3935,0.5728,0.5606,63,
2026-05-29 22:27:40,73879.35,0.8784,0.8177,0.7521,-0.3916,116,
2026-05-29 22:27:50,73878.95,0.3585,0.4779,0.5716,0.0658,77,
2026-05-29 22:28:00,73788.15,0.354,0.6238,0.7197,-8.6459,539,
2026-05-29 22:28:10,73777.35,0.5694,0.41,0.3322,-2.0731,204,
2026-05-29 22:28:20,73798.65,0.6371,0.6078,0.4908,0.194,96,
2026-05-29 22:28:30,73798.65,0.5294,0.4671,0.4725,-0.0237,14,
2026-05-29 22:28:40,73800.85,0.9924,0.7973,0.6188,-2.015,156,
2026-05-29 22:28:50,73799.75,0.4941,0.3865,0.4303,-1.8074,49,
2026-05-29 22:29:00,73784.75,0.4507,0.4722,0.4452,-3.4676,131,
2026-05-29 22:29:10,73757.45,0.9294,0.8181,0.562,-8.5957,244,
2026-05-29 22:29:20,73754.55,0.593,0.5117,0.3935,-2.0026,80,
2026-05-29 22:29:30,73767.25,0.3382,0.3177,0.4581,0.775,159,
2026-05-29 22:29:40,73778.05,0.2423,0.3806,0.6409,0.777,94,
2026-05-29 22:29:50,73806.25,0.4064,0.4736,0.4081,3.2634,152,
2026-05-29 22:30:00,73796.85,0.895,0.7891,0.4292,-0.3642,35,
2026-05-29 22:30:10,73809.85,0.7742,0.507,0.5263,0.599,89,
2026-05-29 22:30:20,73813.55,0.8562,0.7698,0.4697,0.0929,31,
2026-05-29 22:30:30,73807.15,0.6298,0.5767,0.5046,-1.0705,136,
2026-05-29 22:30:40,73784.05,0.2345,0.381,0.4633,-2.9258,102,
2026-05-29 22:30:50,73775.85,0.6419,0.6049,0.4212,-0.6546,48,
2026-05-29 22:31:00,73787.05,0.5315,0.6654,0.4732,-0.2039,75,
2026-05-29 22:31:10,73796.45,0.7734,0.7318,0.4624,0.2112,47,
2026-05-29 22:31:20,73808.75,0.948,0.7793,0.7374,0.44,98,
2026-05-29 22:31:30,73837.65,0.8551,0.7877,0.6385,1.5317,120,
2026-05-29 22:31:40,73828.55,0.8648,0.7278,0.4678,-0.1745,30,
2026-05-29 22:31:50,73828.55,0.8233,0.7204,0.5746,-0.0865,85,
2026-05-29 22:32:00,73828.65,0.4877,0.5828,0.5133,0.0024,29,
2026-05-29 22:32:10,73828.65,0.8874,0.6168,0.4814,-0.3769,64,
2026-05-29 22:32:20,73831.05,0.9488,0.7147,0.516,0.1096,25,
2026-05-29 22:32:30,73833.25,0.6728,0.4794,0.4925,-0.0151,15,
2026-05-29 22:32:40,73826.75,0.8538,0.7981,0.5294,-0.2735,29,
2026-05-29 22:32:50,73836.45,0.8869,0.8433,0.7159,0.4126,54,
2026-05-29 22:33:00,73822.95,0.3385,0.2761,0.358,-0.4556,52,
2026-05-29 22:33:10,73823.05,0.6897,0.621,0.4585,1.2497,40,
2026-05-29 22:33:20,73819.35,0.0874,0.2129,0.2348,-1.8767,33,
2026-05-29 22:33:30,73809.45,0.0253,0.3029,0.3593,-0.3897,73,
2026-05-29 22:33:40,73811.75,0.5837,0.5969,0.516,0.2978,107,
2026-05-29 22:33:50,73807.85,0.7349,0.6595,0.6421,-0.0467,25,
2026-05-29 22:34:00,73837.45,0.4379,0.3842,0.3944,0.6131,111,
2026-05-29 22:34:10,73840.15,0.8451,0.7335,0.5686,-0.036,25,
2026-05-29 22:34:20,73835.55,0.8338,0.7201,0.4885,-0.1958,29,
2026-05-29 22:34:30,73835.55,0.6163,0.5642,0.5169,-0.092,11,
2026-05-29 22:34:40,73833.35,0.5984,0.6605,0.544,0.7329,67,
2026-05-29 22:34:50,73833.35,0.6194,0.6533,0.6374,-0.1284,11,
2026-05-29 22:35:00,73834.35,0.7636,0.7279,0.5218,0.0411,45,
2026-05-29 22:35:10,73812.05,0.1276,0.2212,0.2663,-0.2905,63,
2026-05-29 22:35:20,73831.05,0.7319,0.6964,0.4832,1.1497,115,
2026-05-29 22:35:30,73826.55,0.1214,0.3984,0.3594,-0.664,60,
2026-05-29 22:35:40,73798.65,0.1577,0.3653,0.4021,-0.4722,101,
2026-05-29 22:35:50,73805.35,0.667,0.6237,0.5497,0.1375,41,
2026-05-29 22:36:00,73809.85,0.8679,0.7033,0.6896,0.1799,67,
2026-05-29 22:36:10,73801.45,0.057,0.2002,0.3059,-0.3347,94,
2026-05-29 22:36:20,73780.65,0.3529,0.4159,0.3668,-0.2857,45,
2026-05-29 22:36:30,73763.05,0.5872,0.5556,0.413,-0.3343,84,
2026-05-29 22:36:40,73771.15,0.2796,0.2826,0.37,-0.3025,76,
2026-05-29 22:36:50,73775.85,0.0768,0.2117,0.2687,0.0421,41,
2026-05-29 22:37:00,73777.75,0.9767,0.774,0.6414,0.2263,44,
2026-05-29 22:37:10,73798.25,0.9523,0.9174,0.7573,0.418,59,
2026-05-29 22:37:20,73810.45,0.1336,0.225,0.337,0.1808,74,
2026-05-29 22:37:30,73808.65,0.4113,0.5155,0.5666,-0.1513,25,
2026-05-29 22:37:40,73815.35,0.5843,0.6321,0.5798,-0.0885,50,
2026-05-29 22:37:50,73798.85,0.2215,0.4382,0.4347,-0.2579,69,
2026-05-29 22:38:00,73796.95,0.0846,0.2312,0.4807,-0.2069,26,
2026-05-29 22:38:10,73805.95,0.2928,0.3037,0.5746,0.2017,73,
2026-05-29 22:38:21,73805.95,0.3149,0.3378,0.479,-0.0612,10,
2026-05-29 22:38:31,73802.85,0.6945,0.6967,0.379,-0.8612,114,
2026-05-29 22:38:41,73805.65,0.9735,0.8321,0.7328,0.1226,48,
2026-05-29 22:38:51,73809.35,0.5211,0.4976,0.4513,0.0658,40,
2026-05-29 22:39:01,73793.15,0.5313,0.5536,0.4815,-0.4171,94,
2026-05-29 22:39:11,73809.35,0.9218,0.7909,0.7704,0.3036,59,
2026-05-29 22:39:21,73812.75,0.8794,0.819,0.5673,0.2648,45,
2026-05-29 22:39:31,73830.05,0.9376,0.8666,0.585,0.8772,125,
2026-05-29 22:39:41,73852.45,0.8854,0.8175,0.6922,-0.257,243,
2026-05-29 22:39:51,73849.15,0.3703,0.4258,0.4337,0.3475,104,
2026-05-29 22:40:01,73839.05,0.3079,0.355,0.5427,-0.4053,55,
2026-05-29 22:40:11,73839.05,0.3298,0.402,0.504,-0.0302,12,
2026-05-29 22:40:21,73839.05,0.8308,0.7232,0.7144,0.0001,1,
2026-05-29 22:40:31,73843.75,0.8881,0.7626,0.4752,0.2767,71,
2026-05-29 22:40:41,73846.75,0.3792,0.3195,0.5184,0.0943,34,
2026-05-29 22:40:51,73848.65,0.8421,0.6725,0.5718,-0.0519,40,
2026-05-29 22:41:01,73848.65,0.7708,0.7459,0.6178,-0.0003,4,
2026-05-29 22:41:11,73825.65,0.6075,0.5618,0.4934,-1.7104,115,
2026-05-29 22:41:21,73816.95,0.376,0.4104,0.3771,-0.4984,37,
2026-05-29 22:41:31,73816.95,0.3557,0.4724,0.601,0.0029,6,
2026-05-29 22:41:41,73824.35,0.3805,0.4327,0.4119,0.4862,113,
2026-05-29 22:41:51,73817.35,0.1882,0.2989,0.3615,-0.3666,59,
2026-05-29 22:42:01,73814.55,0.3974,0.4432,0.3954,-0.1821,28,
2026-05-29 22:42:11,73820.75,0.7692,0.683,0.4491,0.3123,58,
2026-05-29 22:42:21,73814.55,0.4222,0.4444,0.2776,-0.31,51,
2026-05-29 22:42:31,73814.55,0.2924,0.4297,0.3617,0.06,1,
2026-05-29 22:42:41,73813.25,0.045,0.1358,0.3431,-0.1683,118,
2026-05-29 22:42:51,73805.55,0.2413,0.3199,0.458,-0.5182,40,
2026-05-29 22:43:01,73805.55,0.3909,0.4416,0.4216,-0.0058,6,
2026-05-29 22:43:11,73800.45,0.4595,0.5665,0.7427,-0.2192,41,
2026-05-29 22:43:21,73794.55,0.3461,0.4315,0.5173,-0.1527,25,
2026-05-29 22:43:31,73794.55,0.3,0.4251,0.6375,-0.0329,6,
2026-05-29 22:43:41,73799.45,0.3581,0.4546,0.6817,0.2767,75,
2026-05-29 22:43:51,73799.45,0.5582,0.5659,0.7083,-0.0047,3,
2026-05-29 22:44:01,73800.05,0.7262,0.707,0.6933,0.1426,46,
2026-05-29 22:44:11,73800.05,0.6601,0.6726,0.6016,-0.0026,7,
2026-05-29 22:44:21,73783.25,0.7523,0.6481,0.343,-3.6716,101,
2026-05-29 22:44:31,73793.35,0.9562,0.8196,0.7982,0.7695,89,
2026-05-29 22:44:41,73793.35,0.7883,0.6923,0.6682,-0.3022,5,
2026-05-29 22:44:51,73793.35,0.6734,0.6208,0.6402,-0.1563,6,
2026-05-29 22:45:01,73798.75,0.4541,0.4417,0.6644,0.2466,48,
2026-05-29 22:45:11,73769.35,0.5793,0.5071,0.3824,-0.5372,94,
2026-05-29 22:45:21,73765.25,0.6455,0.531,0.389,-0.1271,62,
2026-05-29 22:45:31,73761.85,0.312,0.4633,0.4894,-0.1633,25,
2026-05-29 22:45:41,73739.75,0.1041,0.1943,0.1843,-0.5192,80,
2026-05-29 22:45:51,73644.85,0.3224,0.3887,0.3087,-2.1712,780,
2026-05-29 22:46:01,73624.05,0.2218,0.1782,0.2723,0.3309,282,
2026-05-29 22:46:11,73623.65,0.779,0.646,0.5515,-0.2378,272,
2026-05-29 22:46:21,73625.05,0.6146,0.5426,0.4923,1.1797,271,
2026-05-29 22:46:31,73622.25,0.5531,0.596,0.5315,1.0815,238,
2026-05-29 22:46:41,73602.65,0.8289,0.7845,0.6294,-0.1312,154,
2026-05-29 22:46:51,73623.95,0.9699,0.8139,0.6565,0.6051,149,
2026-05-29 22:47:01,73625.95,0.3727,0.3509,0.3647,1.4531,285,
2026-05-29 22:47:11,73585.05,0.2832,0.1963,0.2408,-4.0932,225,
2026-05-29 22:47:21,73592.85,0.4362,0.3451,0.3305,0.0904,104,
2026-05-29 22:47:31,73581.55,0.6627,0.5764,0.3553,0.34,169,
2026-05-29 22:47:41,73590.45,0.6459,0.6168,0.5224,-0.0186,64,
2026-05-29 22:47:51,73625.85,0.3333,0.3605,0.4755,0.5419,106,
2026-05-29 22:48:01,73636.15,0.9043,0.8555,0.7232,0.7945,65,
2026-05-29 22:48:11,73650.15,0.7804,0.6776,0.6014,0.2369,54,
2026-05-29 22:48:21,73629.35,0.8809,0.6703,0.4463,-2.0806,161,
2026-05-29 22:48:31,73592.55,0.8661,0.7896,0.4774,-0.3605,140,
2026-05-29 22:48:41,73607.15,0.7207,0.5717,0.489,0.0026,84,
2026-05-29 22:48:51,73620.25,0.7181,0.6497,0.5891,0.1033,31,
2026-05-29 22:49:01,73613.05,0.2519,0.4223,0.4333,-0.1976,24,
2026-05-29 22:49:11,73591.85,0.3614,0.3749,0.3511,-0.2471,78,
2026-05-29 22:49:21,73568.35,0.3515,0.2917,0.1996,-0.9628,113,
2026-05-29 22:49:31,73580.65,0.1377,0.2437,0.2493,0.3222,78,
2026-05-29 22:49:41,73583.85,0.8851,0.8266,0.6632,0.3128,32,
2026-05-29 22:49:51,73572.05,0.6834,0.6875,0.5775,-0.2791,57,
2026-05-29 22:50:01,73563.65,0.506,0.4871,0.292,-0.2741,32,
2026-05-29 22:50:11,73562.55,0.3519,0.2949,0.1859,-0.1327,18,
2026-05-29 22:50:21,73564.35,0.5018,0.4036,0.2227,0.2117,49,
2026-05-29 22:50:31,73570.65,0.9405,0.5057,0.3764,0.384,162,
2026-05-29 22:50:41,73583.85,0.151,0.2335,0.2728,-0.001,120,
2026-05-29 22:50:51,73565.75,0.2236,0.3358,0.1816,-0.137,125,
2026-05-29 22:51:01,73546.65,0.01,0.0243,0.2007,-0.5785,153,
2026-05-29 22:51:11,73526.95,0.7569,0.6928,0.4893,-0.9076,254,
2026-05-29 22:51:21,73496.35,0.3063,0.3351,0.2141,-1.5128,191,
2026-05-29 22:51:31,73517.05,0.7081,0.5634,0.4656,1.0871,170,
2026-05-29 22:51:41,73503.15,0.5567,0.5227,0.3717,-0.046,18,
2026-05-29 22:51:51,73510.25,0.603,0.5768,0.4005,0.4515,131,
2026-05-29 22:52:01,73482.35,0.7539,0.3492,0.2851,0.5769,306,
2026-05-29 22:52:11,73424.25,0.6499,0.5137,0.3517,-1.9336,440,
2026-05-29 22:52:21,73286.45,0.7537,0.7119,0.7317,-20.9673,2105,
2026-05-29 22:52:31,73223.25,0.6745,0.5849,0.6125,-4.7992,1317,
2026-05-29 22:52:41,73241.75,0.8394,0.6503,0.527,0.883,795,
2026-05-29 22:52:51,73233.05,0.8536,0.5854,0.5005,-1.6108,572,
2026-05-29 22:53:01,73268.05,0.9462,0.7513,0.5589,1.1233,308,
2026-05-29 22:53:11,73297.85,0.9338,0.644,0.4482,2.2569,281,
2026-05-29 22:53:21,73323.25,0.3954,0.3036,0.3551,1.6028,233,
2026-05-29 22:53:31,73322.05,0.5764,0.6349,0.4478,0.053,153,
2026-05-29 22:53:41,73326.35,0.5647,0.5114,0.457,1.3279,140,
2026-05-29 22:53:51,73352.95,0.8049,0.3265,0.4464,2.211,142,
2026-05-29 22:54:01,73327.15,0.313,0.3465,0.371,0.3963,181,
2026-05-29 22:54:11,73306.95,0.3364,0.4283,0.3697,-0.347,244,
2026-05-29 22:54:21,73313.25,0.8589,0.7362,0.736,0.4736,99,
2026-05-29 22:54:31,73332.85,0.891,0.4552,0.4139,2.1757,173,
2026-05-29 22:54:41,73351.85,0.5565,0.6197,0.6397,0.3437,63,
2026-05-29 22:54:51,73352.95,0.2773,0.4275,0.6093,0.244,91,
2026-05-29 22:55:01,73351.95,0.5305,0.4482,0.3619,-0.7816,112,
2026-05-29 22:55:11,73308.35,0.2877,0.3207,0.3474,-1.2013,179,
2026-05-29 22:55:21,73312.45,0.819,0.7298,0.5301,0.3415,174,
2026-05-29 22:55:31,73352.95,0.7354,0.7491,0.7219,0.8061,132,
2026-05-29 22:55:41,73350.05,0.5938,0.5279,0.4669,0.876,149,
2026-05-29 22:55:51,73402.95,0.5614,0.4291,0.5448,1.1869,282,
2026-05-29 22:56:01,73405.15,0.7461,0.6263,0.6426,0.153,33,
2026-05-29 22:56:11,73401.95,0.7058,0.7901,0.6991,0.0626,36,
2026-05-29 22:56:21,73381.65,0.2164,0.4968,0.6192,0.0556,125,
2026-05-29 22:56:31,73372.55,0.5733,0.4943,0.3461,-0.2912,29,
2026-05-29 22:56:41,73392.85,0.791,0.6689,0.6131,0.6172,100,
2026-05-29 22:56:51,73399.75,0.6745,0.6465,0.6766,0.2011,32,
2026-05-29 22:57:01,73372.65,0.0637,0.2402,0.3084,-0.8688,78,
2026-05-29 22:57:11,73374.55,0.4584,0.3532,0.5193,0.3419,69,
2026-05-29 22:57:21,73365.55,0.3174,0.3574,0.4132,-0.6136,206,
2026-05-29 22:57:31,73376.75,0.7278,0.7636,0.5863,0.4101,57,
2026-05-29 22:57:41,73388.95,0.7712,0.7984,0.7851,0.1665,34,
2026-05-29 22:57:51,73392.65,0.8496,0.783,0.7843,0.1106,20,
2026-05-29 22:58:01,73372.65,0.4538,0.4649,0.3512,-0.5943,83,
2026-05-29 22:58:11,73350.65,0.9609,0.8175,0.69,-1.9571,135,
2026-05-29 22:58:21,73345.95,0.5313,0.6151,0.4628,0.1658,38,
2026-05-29 22:58:31,73354.15,0.6999,0.7212,0.5976,0.5369,108,
2026-05-29 22:58:41,73361.05,0.8291,0.749,0.5932,0.7392,46,
2026-05-29 22:58:51,73365.15,0.4362,0.5087,0.6596,0.2739,80,
2026-05-29 22:59:01,73357.95,0.0489,0.2906,0.4535,-0.2305,32,
2026-05-29 22:59:11,73350.95,0.713,0.6421,0.6708,0.0607,52,
2026-05-29 22:59:21,73367.25,0.798,0.6439,0.4649,0.4128,53,
2026-05-29 22:59:31,73362.75,0.8939,0.6343,0.6591,-1.0692,96,
2026-05-29 22:59:41,73373.45,0.8629,0.763,0.6456,0.4688,56,
2026-05-29 22:59:51,73375.95,0.8913,0.6555,0.4999,-1.1276,63,
2026-05-29 23:00:01,73374.45,0.8917,0.7961,0.6214,-0.1604,49,
2026-05-29 23:00:11,73412.25,0.5543,0.6314,0.6899,2.0679,225,
2026-05-29 23:00:21,73370.95,0.1336,0.2579,0.4763,-1.6071,102,
2026-05-29 23:00:31,73374.95,0.2346,0.3432,0.5127,3.8708,244,
2026-05-29 23:00:41,73353.55,0.5869,0.6042,0.4493,-0.5406,49,
2026-05-29 23:00:51,73338.25,0.0686,0.3216,0.56,-0.0851,56,
2026-05-29 23:01:01,73306.45,0.7353,0.5776,0.3702,-0.1441,63,
2026-05-29 23:01:11,73322.05,0.712,0.6388,0.6147,1.5334,135,
2026-05-29 23:01:21,73346.85,0.7616,0.7239,0.6372,1.2775,108,
2026-05-29 23:01:31,73356.35,0.6187,0.6198,0.6848,1.0986,76,
2026-05-29 23:01:41,73368.15,0.922,0.8625,0.6569,0.3293,49,
2026-05-29 23:01:51,73378.05,0.8991,0.7123,0.7739,-0.003,50,
2026-05-29 23:02:01,73376.95,0.0999,0.1651,0.4503,0.2347,104,
2026-05-29 23:02:11,73391.75,0.4586,0.3714,0.48,-0.0005,66,
2026-05-29 23:02:21,73398.15,0.6274,0.6339,0.6342,0.2136,36,
2026-05-29 23:02:31,73404.85,0.9589,0.8008,0.5795,0.4486,56,
2026-05-29 23:02:41,73436.75,0.6507,0.7093,0.7503,1.9454,183,
2026-05-29 23:02:51,73439.95,0.9225,0.8187,0.6658,1.7193,135,
2026-05-29 23:03:01,73448.55,0.1376,0.2813,0.4151,0.6584,100,
2026-05-29 23:03:11,73451.75,0.8951,0.7863,0.6015,0.1174,34,
2026-05-29 23:03:21,73453.55,0.5508,0.4451,0.5053,0.0594,74,
2026-05-29 23:03:31,73450.95,0.6813,0.5293,0.7137,-0.0112,82,
2026-05-29 23:03:41,73458.15,0.9353,0.8193,0.7671,0.175,35,
2026-05-29 23:03:51,73451.35,0.93,0.7957,0.6638,-0.9439,36,
2026-05-29 23:04:01,73456.55,0.1997,0.5226,0.5553,0.3241,32,
2026-05-29 23:04:11,73466.95,0.257,0.35,0.396,0.1775,64,
2026-05-29 23:04:21,73474.15,0.8199,0.6981,0.4639,0.6445,46,
2026-05-29 23:04:31,73473.15,0.833,0.802,0.6727,0.5399,56,
2026-05-29 23:04:41,73464.75,0.1402,0.3692,0.4742,-0.2388,45,
2026-05-29 23:04:51,73454.55,0.701,0.6699,0.5232,-0.2794,39,
2026-05-29 23:05:01,73466.15,0.4396,0.4431,0.6342,0.3587,67,
2026-05-29 23:05:11,73474.45,0.238,0.4362,0.5222,0.0081,32,
2026-05-29 23:05:21,73461.35,0.9524,0.7775,0.7131,-0.1334,58,
2026-05-29 23:05:31,73473.45,0.6893,0.6673,0.7252,0.38,64,
2026-05-29 23:05:41,73471.05,0.9472,0.8265,0.6821,-0.403,54,
2026-05-29 23:05:51,73467.85,0.9656,0.863,0.778,0.0809,64,
2026-05-29 23:06:01,73471.25,0.8418,0.741,0.7144,0.0835,19,
2026-05-29 23:06:11,73462.25,0.1576,0.3891,0.54,-0.7282,68,
2026-05-29 23:06:21,73464.45,0.9733,0.865,0.6578,0.5417,63,
2026-05-29 23:06:31,73473.05,0.9104,0.7577,0.6576,0.332,36,
2026-05-29 23:06:41,73476.15,0.4741,0.5262,0.5996,0.3055,31,
2026-05-29 23:06:51,73466.95,0.6717,0.6147,0.4656,-0.4001,101,
2026-05-29 23:07:01,73448.75,0.1155,0.2865,0.3051,0.1403,142,
2026-05-29 23:07:11,73476.95,0.7153,0.7029,0.7348,1.866,103,
2026-05-29 23:07:21,73472.05,0.693,0.627,0.4587,0.2397,56,
2026-05-29 23:07:31,73472.05,0.1799,0.3971,0.3316,-0.0792,9,
2026-05-29 23:07:41,73476.15,0.9688,0.8319,0.5179,0.1402,77,
2026-05-29 23:07:51,73486.55,0.6711,0.6533,0.5441,0.0899,116,
2026-05-29 23:08:01,73498.35,0.1973,0.3894,0.5798,0.5295,99,
2026-05-29 23:08:11,73499.95,0.8456,0.6874,0.6088,0.5347,45,
2026-05-29 23:08:21,73497.05,0.6497,0.7234,0.5413,0.0752,47,
2026-05-29 23:08:31,73490.25,0.5287,0.5994,0.458,-0.0865,37,
2026-05-29 23:08:41,73490.25,0.5519,0.6305,0.5282,0.0575,25,
2026-05-29 23:08:51,73490.25,0.831,0.7637,0.5849,0.0603,12,
2026-05-29 23:09:01,73491.45,0.7508,0.6817,0.6442,0.1529,29,
2026-05-29 23:09:11,73492.55,0.8631,0.7357,0.6741,0.085,21,
2026-05-29 23:09:21,73501.95,0.9742,0.8258,0.686,0.1169,58,
2026-05-29 23:09:31,73514.75,0.4178,0.3237,0.3655,-0.9856,74,
2026-05-29 23:09:41,73486.55,0.2383,0.3339,0.2833,-0.6586,83,
2026-05-29 23:09:51,73472.85,0.7781,0.7045,0.6987,-0.2367,125,
2026-05-29 23:10:01,73472.85,0.5163,0.5022,0.5408,-0.0605,9,
2026-05-29 23:10:11,73470.15,0.1071,0.1835,0.4465,-0.0482,19,
2026-05-29 23:10:21,73470.15,0.9191,0.8457,0.6624,-0.9449,95,
2026-05-29 23:10:31,73477.35,0.7149,0.6309,0.6309,0.5878,79,
2026-05-29 23:10:41,73482.05,0.5573,0.625,0.6405,0.5291,66,
2026-05-29 23:10:51,73487.55,0.7573,0.7231,0.4756,0.4523,41,
2026-05-29 23:11:01,73484.85,0.1125,0.241,0.4562,-0.3574,39,
2026-05-29 23:11:11,73468.05,0.3877,0.4519,0.3736,-0.446,86,
2026-05-29 23:11:21,73462.75,0.4512,0.5365,0.3675,-0.1274,54,
2026-05-29 23:11:31,73462.75,0.9473,0.8726,0.7051,0.2625,58,
2026-05-29 23:11:41,73475.55,0.1059,0.2739,0.5137,0.1537,74,
2026-05-29 23:11:51,73468.35,0.1446,0.1979,0.3992,-0.298,51,
2026-05-29 23:12:01,73459.85,0.4035,0.4193,0.3044,-0.1167,163,
2026-05-29 23:12:11,73456.75,0.0685,0.1323,0.5006,-0.0747,49,
2026-05-29 23:12:21,73432.75,0.2165,0.3416,0.4726,-0.3913,121,
2026-05-29 23:12:31,73442.05,0.8789,0.7986,0.8495,0.8357,115,
2026-05-29 23:12:41,73445.35,0.4999,0.5128,0.6249,0.4438,30,
2026-05-29 23:12:51,73445.35,0.5966,0.5848,0.6547,0.0487,8,
2026-05-29 23:13:01,73445.85,0.6532,0.5546,0.615,0.1082,29,
2026-05-29 23:13:11,73445.85,0.287,0.4824,0.5061,-0.0026,6,
2026-05-29 23:13:21,73428.45,0.5165,0.6127,0.625,-0.2341,98,
2026-05-29 23:13:31,73430.75,0.7348,0.6734,0.5941,0.0888,23,
2026-05-29 23:13:41,73432.95,0.3049,0.459,0.5219,0.0575,62,
2026-05-29 23:13:51,73428.45,0.3426,0.4937,0.5528,-0.1698,33,
2026-05-29 23:14:01,73444.05,0.5252,0.5629,0.5955,0.2122,73,
2026-05-29 23:14:11,73444.05,0.1762,0.3745,0.595,-0.0454,17,
2026-05-29 23:14:21,73431.95,0.0703,0.2561,0.425,-0.484,62,
2026-05-29 23:14:31,73431.95,0.104,0.3442,0.4729,-0.0331,6,
2026-05-29 23:14:41,73432.95,0.8678,0.7824,0.6036,-0.1131,51,
2026-05-29 23:14:51,73432.95,0.6037,0.6364,0.57,0.1058,47,
2026-05-29 23:15:01,73423.25,0.5937,0.5529,0.4895,0.4406,144,
2026-05-29 23:15:11,73443.95,0.9531,0.8729,0.6266,0.7919,137,
2026-05-29 23:15:21,73450.95,0.3798,0.3418,0.3368,-0.7376,119,
2026-05-29 23:15:31,73411.65,0.909,0.8007,0.5612,-0.399,160,
2026-05-29 23:15:41,73423.25,0.7728,0.7107,0.5936,0.3986,116,
2026-05-29 23:15:51,73423.25,0.7334,0.6542,0.5749,0.0427,28,
2026-05-29 23:16:01,73410.65,0.2378,0.3559,0.3539,-0.5529,82,
2026-05-29 23:16:11,73403.75,0.6382,0.5419,0.5023,0.0106,48,
2026-05-29 23:16:21,73403.75,0.6089,0.6357,0.4576,-0.1017,17,
2026-05-29 23:16:31,73403.75,0.5024,0.5371,0.3917,-0.1305,22,
2026-05-29 23:16:41,73400.05,0.1713,0.2191,0.3814,-0.1275,34,
2026-05-29 23:16:51,73395.35,0.7168,0.6066,0.4296,-0.3885,110,
2026-05-29 23:17:01,73419.25,0.952,0.815,0.6466,0.9548,108,
2026-05-29 23:17:11,73395.75,0.078,0.2828,0.5169,-0.1956,54,
2026-05-29 23:17:21,73379.05,0.0706,0.2591,0.3988,-0.1302,48,
2026-05-29 23:17:31,73368.05,0.5071,0.3864,0.4674,-0.1672,32,
2026-05-29 23:17:41,73332.05,0.4472,0.5293,0.5423,-0.1538,68,
2026-05-29 23:17:51,73338.55,0.7323,0.6574,0.6956,1.1138,92,
2026-05-29 23:18:01,73342.45,0.7351,0.7302,0.4641,-2.1444,187,
2026-05-29 23:18:11,73353.55,0.7369,0.542,0.4789,0.693,166,
2026-05-29 23:18:21,73369.95,0.5238,0.5407,0.7008,1.5052,183,
2026-05-29 23:18:31,73375.35,0.6243,0.68,0.6856,1.0928,156,
2026-05-29 23:18:41,73323.05,0.585,0.5602,0.44,-1.2353,162,
2026-05-29 23:18:51,73286.95,0.3805,0.3974,0.2763,0.4439,117,
2026-05-29 23:19:02,73258.35,0.7518,0.6643,0.6001,-1.7484,268,
2026-05-29 23:19:12,73272.85,0.0175,0.1118,0.2358,-0.4126,163,
2026-05-29 23:19:22,73269.45,0.9277,0.8416,0.6039,1.4812,186,
2026-05-29 23:19:32,73279.45,0.6228,0.5184,0.4057,0.9768,167,
2026-05-29 23:19:42,73287.55,0.8131,0.6621,0.682,0.1983,130,
2026-05-29 23:19:52,73297.75,0.9453,0.7778,0.5453,0.2543,91,
2026-05-29 23:20:02,73318.15,0.6001,0.5133,0.6175,1.1271,132,
2026-05-29 23:20:12,73323.95,0.4704,0.491,0.5262,0.427,21,
2026-05-29 23:20:22,73321.65,0.4472,0.5286,0.5256,0.0127,26,
2026-05-29 23:20:32,73281.05,0.587,0.5963,0.4493,-0.8515,74,
2026-05-29 23:20:42,73291.75,0.9607,0.8435,0.6097,-0.4691,68,
2026-05-29 23:20:52,73297.55,0.7412,0.6237,0.4679,-0.5187,140,
2026-05-29 23:21:02,73281.05,0.4287,0.4929,0.5024,-0.4211,83,
2026-05-29 23:21:12,73287.65,0.39,0.3984,0.4125,0.7292,131,
2026-05-29 23:21:22,73299.35,0.9111,0.7831,0.5503,0.672,94,
2026-05-29 23:21:32,73303.95,0.8416,0.6862,0.5476,0.1154,19,
2026-05-29 23:21:42,73310.45,0.8656,0.6908,0.4678,0.4441,57,
2026-05-29 23:21:52,73316.35,0.8642,0.6825,0.5997,0.0694,24,
2026-05-29 23:22:02,73303.55,0.3531,0.4585,0.5198,-0.5799,130,
2026-05-29 23:22:12,73293.55,0.9569,0.8049,0.6037,-0.4989,86,
2026-05-29 23:22:22,73293.55,0.8933,0.765,0.6379,-0.015,3,
2026-05-29 23:22:32,73286.95,0.9626,0.9064,0.5791,0.2867,75,
2026-05-29 23:22:42,73310.25,0.8,0.7773,0.6712,0.5705,61,
2026-05-29 23:22:52,73313.35,0.5015,0.5429,0.5931,0.2912,48,
2026-05-29 23:23:02,73311.05,0.4714,0.5603,0.459,-0.0976,19,
2026-05-29 23:23:12,73314.05,0.9308,0.7355,0.4875,0.1521,22,
2026-05-29 23:23:22,73322.15,0.665,0.6289,0.5879,0.0999,19,
2026-05-29 23:23:32,73316.35,0.4932,0.4949,0.6653,-3.0438,187,
2026-05-29 23:23:42,73319.75,0.5228,0.5835,0.6643,0.3007,51,
2026-05-29 23:23:52,73325.35,0.9727,0.8489,0.7674,0.0507,14,
2026-05-29 23:24:02,73325.35,0.3334,0.4451,0.4532,0.0031,3,
2026-05-29 23:24:12,73326.15,0.2446,0.3587,0.7092,0.2511,60,
2026-05-29 23:24:22,73327.15,0.9736,0.8484,0.6884,0.1366,27,
2026-05-29 23:24:32,73348.85,0.8053,0.5563,0.4862,1.2257,84,
2026-05-29 23:24:42,73348.85,0.7897,0.6852,0.567,-0.0302,7,
2026-05-29 23:24:52,73335.05,0.2702,0.209,0.2541,-0.4664,73,
2026-05-29 23:25:02,73332.45,0.9424,0.8749,0.7093,0.1534,79,
2026-05-29 23:25:12,73344.65,0.7995,0.7281,0.5159,0.0986,46,
2026-05-29 23:25:22,73356.85,0.4105,0.4315,0.5886,0.1627,88,
2026-05-29 23:25:32,73344.45,0.1291,0.2505,0.2442,-0.2456,48,
2026-05-29 23:25:42,73353.85,0.6043,0.6,0.57,0.1995,72,
2026-05-29 23:25:52,73333.65,0.4075,0.4698,0.6521,-0.9639,96,
2026-05-29 23:26:02,73339.25,0.5885,0.5717,0.5197,0.2689,38,
2026-05-29 23:26:12,73344.85,0.8984,0.7161,0.5317,0.0729,42,
2026-05-29 23:26:22,73340.95,0.3544,0.4592,0.4855,0.0341,30,
2026-05-29 23:26:32,73340.95,0.4527,0.5349,0.4132,-0.0035,3,
2026-05-29 23:26:42,73336.15,0.3947,0.4123,0.4531,-0.1028,53,
2026-05-29 23:26:52,73336.15,0.2957,0.3804,0.3952,-0.012,4,
2026-05-29 23:27:02,73327.15,0.2867,0.3563,0.3,-0.1028,45,
2026-05-29 23:27:12,73335.95,0.867,0.8183,0.5844,0.1517,23,
2026-05-29 23:27:22,73340.45,0.9319,0.8123,0.7091,0.1067,23,
2026-05-29 23:27:32,73345.05,0.386,0.4155,0.3394,-0.6657,73,
2026-05-29 23:27:42,73345.05,0.4586,0.4781,0.4503,0.0023,5,
2026-05-29 23:27:52,73345.05,0.4776,0.3978,0.3306,-0.001,5,
2026-05-29 23:28:02,73345.05,0.4877,0.4072,0.3903,-0.0007,1,
2026-05-29 23:28:12,73345.05,0.5551,0.5684,0.4325,-0.0055,4,
2026-05-29 23:28:22,73332.25,0.3043,0.3829,0.3389,-0.1268,83,
2026-05-29 23:28:32,73338.55,0.9174,0.8488,0.7007,0.1921,27,
2026-05-29 23:28:42,73340.85,0.7818,0.7056,0.5574,0.0838,23,
2026-05-29 23:28:52,73340.85,0.0671,0.2277,0.2523,0.0519,16,
2026-05-29 23:29:02,73338.45,0.324,0.3856,0.3311,-0.1767,29,
2026-05-29 23:29:12,73338.45,0.6117,0.606,0.3712,0.0,2,
2026-05-29 23:29:22,73338.45,0.5454,0.6332,0.4162,0.0,1,
2026-05-29 23:29:32,73340.45,0.8658,0.7983,0.5123,0.1823,32,
2026-05-29 23:29:42,73315.75,0.878,0.7642,0.6664,-0.533,139,
2026-05-29 23:29:52,73317.95,0.7666,0.7076,0.5718,0.3609,16,
2026-05-29 23:30:02,73345.05,0.8394,0.6775,0.4054,0.934,95,
2026-05-29 23:30:12,73355.85,0.9683,0.8833,0.7108,0.3052,61,
2026-05-29 23:30:22,73353.15,0.5872,0.7252,0.4064,-0.359,24,
2026-05-29 23:30:32,73355.55,0.8708,0.8284,0.5681,0.1324,24,
2026-05-29 23:30:42,73356.75,0.3875,0.4457,0.4179,0.1468,13,
2026-05-29 23:30:52,73356.75,0.676,0.661,0.425,-0.049,5,
2026-05-29 23:31:02,73384.05,0.9939,0.8092,0.7071,0.4707,97,
2026-05-29 23:31:12,73422.85,0.815,0.6705,0.546,0.7915,84,
2026-05-29 23:31:22,73444.85,0.7179,0.6476,0.6596,1.7097,188,
2026-05-29 23:31:32,73429.15,0.3074,0.3691,0.4095,-0.16,67,
2026-05-29 23:31:42,73431.35,0.919,0.8434,0.682,0.0067,76,
2026-05-29 23:31:52,73455.75,0.952,0.8431,0.7105,0.7201,128,
2026-05-29 23:32:02,73439.75,0.2779,0.4956,0.4205,-0.3936,79,
2026-05-29 23:32:12,73445.45,0.547,0.5631,0.583,0.6159,39,
2026-05-29 23:32:22,73446.55,0.3897,0.4314,0.4325,0.7045,47,
2026-05-29 23:32:32,73467.95,0.6648,0.6486,0.5645,0.8974,68,
2026-05-29 23:32:42,73467.95,0.7598,0.7344,0.6722,-0.5124,44,
2026-05-29 23:32:52,73473.75,0.5073,0.5465,0.4349,0.5708,58,
2026-05-29 23:33:02,73495.55,0.7613,0.7388,0.7367,-0.0067,75,
2026-05-29 23:33:12,73527.45,0.6888,0.6421,0.6221,1.1683,135,
2026-05-29 23:33:22,73554.75,0.6972,0.634,0.6687,1.0921,127,
2026-05-29 23:33:32,73563.15,0.2562,0.3341,0.4646,2.2829,270,
2026-05-29 23:33:42,73563.15,0.7502,0.6977,0.563,0.4592,45,
2026-05-29 23:33:52,73545.05,0.2353,0.4711,0.5483,-1.1613,147,
2026-05-29 23:34:02,73554.45,0.988,0.8571,0.703,0.3353,76,
2026-05-29 23:34:12,73549.35,0.5199,0.5068,0.381,-0.092,25,
2026-05-29 23:34:22,73573.25,0.9793,0.8744,0.7298,0.6722,76,
2026-05-29 23:34:32,73563.55,0.1224,0.1532,0.2451,-1.6478,194,
2026-05-29 23:34:42,73556.85,0.9341,0.7624,0.5606,-0.4758,26,
2026-05-29 23:34:52,73557.45,0.8206,0.6873,0.6045,-0.9973,94,
2026-05-29 23:35:02,73605.15,0.1172,0.2647,0.5144,2.1215,173,
2026-05-29 23:35:12,73619.75,0.8454,0.6666,0.6888,0.057,183,
2026-05-29 23:35:22,73622.85,0.1956,0.3289,0.5851,0.1122,27,
2026-05-29 23:35:32,73626.35,0.8898,0.8236,0.8232,0.9577,72,
2026-05-29 23:35:42,73631.45,0.1207,0.2453,0.3475,0.5018,113,
2026-05-29 23:35:52,73611.25,0.6151,0.6226,0.4703,-0.7456,132,
2026-05-29 23:36:02,73625.55,0.8172,0.7228,0.6411,1.1323,124,
2026-05-29 23:36:12,73621.55,0.4885,0.6164,0.6294,0.0815,103,
2026-05-29 23:36:22,73614.25,0.7984,0.769,0.5835,0.0786,94,
2026-05-29 23:36:32,73632.35,0.9264,0.7997,0.7669,0.321,55,
2026-05-29 23:36:42,73639.65,0.1194,0.3164,0.4123,0.01,56,
2026-05-29 23:36:52,73636.25,0.4665,0.5429,0.5579,0.111,87,
2026-05-29 23:37:02,73643.05,0.807,0.7315,0.7966,0.2646,29,
2026-05-29 23:37:12,73624.75,0.579,0.5367,0.4086,-0.4787,162,
2026-05-29 23:37:22,73629.05,0.2469,0.4226,0.4833,3.6101,251,
2026-05-29 23:37:32,73667.55,0.9912,0.92,0.7972,1.4457,126,
2026-05-29 23:37:42,73671.45,0.2199,0.4496,0.5652,-0.1661,21,
2026-05-29 23:37:52,73680.95,0.8416,0.8029,0.8306,0.8526,62,
2026-05-29 23:38:02,73696.85,0.6495,0.6361,0.6247,4.5047,243,
2026-05-29 23:38:12,73714.85,0.4681,0.5906,0.655,0.2547,96,
2026-05-29 23:38:22,73705.05,0.4283,0.5375,0.6351,-0.0048,46,
2026-05-29 23:38:32,73708.95,0.1638,0.3428,0.5087,0.1444,70,
2026-05-29 23:38:42,73726.75,0.4064,0.5641,0.7054,0.6016,85,
2026-05-29 23:38:52,73726.45,0.6065,0.5835,0.6861,-0.3819,180,
2026-05-29 23:39:02,73719.35,0.4785,0.5772,0.4784,-1.2216,92,
2026-05-29 23:39:12,73700.85,0.1718,0.3892,0.4563,-1.7753,146,
2026-05-29 23:39:22,73700.85,0.639,0.5735,0.5717,0.002,4,
2026-05-29 23:39:32,73712.95,0.7237,0.6206,0.5784,0.8799,94,
2026-05-29 23:39:42,73712.95,0.5682,0.5316,0.4783,-0.0037,6,
2026-05-29 23:39:52,73700.05,0.5757,0.5112,0.3826,-0.7655,70,
2026-05-29 23:40:02,73692.65,0.0684,0.2907,0.4894,-0.5155,50,
2026-05-29 23:40:12,73732.05,0.7047,0.7489,0.7266,1.2977,145,
2026-05-29 23:40:22,73728.15,0.0351,0.2247,0.4319,-0.105,35,
2026-05-29 23:40:32,73715.65,0.0796,0.2513,0.335,-0.1867,56,
2026-05-29 23:40:42,73733.55,0.7735,0.7169,0.6161,0.6144,62,
2026-05-29 23:40:52,73726.85,0.0746,0.2077,0.4786,-0.0624,23,
2026-05-29 23:41:02,73731.45,0.3917,0.5537,0.6858,0.7353,126,
2026-05-29 23:41:12,73731.45,0.5371,0.6201,0.7122,0.0006,3,
2026-05-29 23:41:22,73725.25,0.1154,0.2542,0.4507,-0.1609,67,
2026-05-29 23:41:32,73708.65,0.54,0.5427,0.4652,-0.2097,61,
2026-05-29 23:41:42,73704.65,0.2623,0.3666,0.4951,-0.2302,59,
2026-05-29 23:41:52,73698.25,0.2437,0.4337,0.4925,0.1249,64,
2026-05-29 23:42:02,73700.15,0.6533,0.6765,0.5977,0.3091,44,
2026-05-29 23:42:12,73697.65,0.1568,0.2584,0.4753,-0.2617,113,
2026-05-29 23:42:22,73704.65,0.883,0.8092,0.6844,0.2943,100,
2026-05-29 23:42:32,73705.95,0.6789,0.6907,0.6112,0.0973,12,
2026-05-29 23:42:42,73705.95,0.6673,0.6468,0.5968,-0.0342,3,
2026-05-29 23:42:52,73693.25,0.1122,0.2134,0.3148,-0.761,64,
2026-05-29 23:43:02,73693.25,0.3929,0.4389,0.532,0.0042,5,
2026-05-29 23:43:12,73690.65,0.282,0.3209,0.3974,-0.2778,40,
2026-05-29 23:43:22,73678.75,0.4307,0.413,0.3613,-0.5914,60,
2026-05-29 23:43:32,73678.75,0.8042,0.7661,0.6404,0.1716,45,
2026-05-29 23:43:42,73678.75,0.6471,0.6292,0.4804,-0.0135,11,
2026-05-29 23:43:52,73681.25,0.7376,0.6637,0.5359,-1.1567,86,
2026-05-29 23:44:02,73681.25,0.4831,0.5218,0.5603,0.0163,6,
2026-05-29 23:44:12,73681.25,0.3637,0.4186,0.5324,0.0039,2,
2026-05-29 23:44:22,73668.05,0.7197,0.6139,0.6561,-0.2202,93,
2026-05-29 23:44:32,73672.65,0.2399,0.4342,0.5588,-2.1714,73,
2026-05-29 23:44:42,73677.45,0.4301,0.5055,0.4571,0.1051,29,
2026-05-29 23:44:52,73685.85,0.5591,0.5196,0.6519,0.2578,38,
2026-05-29 23:45:02,73692.25,0.0648,0.1508,0.3203,0.7363,46,
2026-05-29 23:45:12,73685.45,0.5425,0.5601,0.4619,-0.1567,44,
2026-05-29 23:45:22,73698.75,0.4482,0.5208,0.6348,0.7771,86,
2026-05-29 23:45:32,73701.05,0.5399,0.5763,0.5594,2.1626,36,
2026-05-29 23:45:42,73701.75,0.8489,0.776,0.7344,0.7512,46,
2026-05-29 23:45:52,73710.65,0.857,0.7646,0.6129,0.861,60,
2026-05-29 23:46:02,73696.95,0.345,0.4679,0.4027,-0.1229,101,
2026-05-29 23:46:12,73696.95,0.5031,0.5157,0.4305,-0.0009,7,
2026-05-29 23:46:22,73681.35,0.5676,0.5278,0.4643,-1.0675,143,
2026-05-29 23:46:32,73669.25,0.9629,0.9004,0.6699,0.5496,97,
2026-05-29 23:46:42,73669.25,0.0981,0.2607,0.5904,0.019,49,
2026-05-29 23:46:52,73656.95,0.1556,0.2129,0.349,-0.2156,65,
2026-05-29 23:47:02,73667.55,0.6245,0.6032,0.6519,0.2536,44,
2026-05-29 23:47:12,73667.55,0.7118,0.673,0.7419,-0.0348,8,
2026-05-29 23:47:22,73667.55,0.6494,0.6016,0.6574,-0.0342,6,
2026-05-29 23:47:32,73684.05,0.7828,0.7504,0.7404,0.8289,83,
2026-05-29 23:47:42,73676.15,0.9344,0.7523,0.4935,-0.3219,71,
2026-05-29 23:47:52,73661.75,0.0193,0.2544,0.3608,-1.1216,111,
2026-05-29 23:48:02,73651.95,0.1026,0.2217,0.2909,-0.1028,39,
2026-05-29 23:48:12,73655.45,0.6449,0.6035,0.6225,2.1419,107,
2026-05-29 23:48:22,73655.85,0.259,0.3459,0.4776,-0.0229,21,
2026-05-29 23:48:32,73655.35,0.9675,0.8639,0.7219,0.7592,64,
2026-05-29 23:48:42,73655.35,0.8158,0.7155,0.6668,-0.0019,3,
2026-05-29 23:48:52,73655.35,0.715,0.6905,0.6452,-0.0035,9,
2026-05-29 23:49:02,73662.25,0.5146,0.5072,0.6514,0.3502,37,
2026-05-29 23:49:12,73662.25,0.5259,0.4707,0.56,-0.0111,8,
2026-05-29 23:49:22,73657.65,0.5305,0.5552,0.5572,-0.1994,36,
2026-05-29 23:49:32,73657.65,0.4988,0.5461,0.5642,-0.0042,4,
2026-05-29 23:49:42,73655.05,0.9083,0.8022,0.5911,-0.0621,16,
2026-05-29 23:49:52,73668.25,0.8513,0.7779,0.7677,0.404,71,
2026-05-29 23:50:02,73681.25,0.8281,0.7503,0.6636,-1.9518,185,
2026-05-29 23:50:12,73662.55,0.4973,0.5645,0.4912,-0.8649,81,
2026-05-29 23:50:22,73662.55,0.5339,0.5594,0.4809,0.0119,9,
2026-05-29 23:50:32,73668.25,0.4975,0.4865,0.4941,0.2958,54,
2026-05-29 23:50:42,73631.45,0.2857,0.3878,0.4966,-0.6775,120,
2026-05-29 23:50:52,73631.45,0.1917,0.2991,0.4676,-0.0138,16,
2026-05-29 23:51:02,73645.55,0.5302,0.5793,0.5999,0.2971,92,
2026-05-29 23:51:12,73636.95,0.5268,0.4876,0.4356,-0.0871,11,
2026-05-29 23:51:22,73642.75,0.3553,0.3814,0.5207,0.6049,89,
2026-05-29 23:51:32,73645.15,0.5143,0.5039,0.5373,0.2484,36,
2026-05-29 23:51:42,73642.25,0.1297,0.2421,0.4475,-0.1104,22,
2026-05-29 23:51:52,73642.25,0.7726,0.6884,0.6989,0.0028,4,
2026-05-29 23:52:02,73623.35,0.482,0.5248,0.4734,-0.5253,91,
2026-05-29 23:52:12,73615.45,0.4164,0.4556,0.4952,-0.5135,36,
2026-05-29 23:52:22,73607.05,0.8261,0.7838,0.6488,0.7614,106,
2026-05-29 23:52:32,73621.15,0.2842,0.3443,0.4821,0.3369,62,
2026-05-29 23:52:42,73615.05,0.7574,0.674,0.5073,-0.1147,100,
2026-05-29 23:52:52,73625.35,0.4387,0.4936,0.5227,0.3208,119,
2026-05-29 23:53:02,73620.75,0.1787,0.2452,0.3111,-0.4753,50,
2026-05-29 23:53:12,73633.55,0.5564,0.5867,0.5498,0.3291,45,
2026-05-29 23:53:22,73648.75,0.9369,0.8577,0.7241,0.7247,80,
2026-05-29 23:53:32,73657.95,0.8241,0.7724,0.7195,0.3918,35,
2026-05-29 23:53:42,73649.45,0.1038,0.2868,0.3697,0.4036,56,
2026-05-29 23:53:52,73642.65,0.1333,0.2648,0.2859,-0.1045,39,
2026-05-29 23:54:02,73622.35,0.4191,0.4409,0.4105,-0.6498,69,
2026-05-29 23:54:12,73621.85,0.5613,0.5461,0.5039,0.2603,68,
2026-05-29 23:54:22,73619.95,0.4495,0.4045,0.4311,-0.7796,68,
2026-05-29 23:54:32,73596.05,0.6791,0.6116,0.504,-0.8245,80,
2026-05-29 23:54:42,73596.15,0.9132,0.8151,0.6567,0.3091,40,
2026-05-29 23:54:52,73601.25,0.3651,0.3757,0.333,0.2988,53,
2026-05-29 23:55:02,73609.15,0.8777,0.7668,0.6499,1.1938,119,
2026-05-29 23:55:12,73608.75,0.4868,0.5262,0.5455,-0.0076,12,
2026-05-29 23:55:22,73616.15,0.2256,0.2967,0.4451,0.2413,130,
2026-05-29 23:55:32,73616.15,0.492,0.4807,0.5379,-0.0804,9,
2026-05-29 23:55:42,73612.65,0.9114,0.8335,0.6733,-0.3081,70,
2026-05-29 23:55:52,73604.15,0.1348,0.2486,0.328,-1.1337,36,
2026-05-29 23:56:03,73578.05,0.6288,0.6071,0.4845,-0.3477,84,
2026-05-29 23:56:13,73578.05,0.0553,0.2755,0.3097,-0.0013,12,
2026-05-29 23:56:23,73549.75,0.4736,0.4938,0.5681,-0.7825,85,
2026-05-29 23:56:33,73552.35,0.2839,0.4223,0.3587,0.5636,20,
2026-05-29 23:56:43,73567.35,0.5666,0.5492,0.6687,0.4619,56,
2026-05-29 23:56:53,73538.15,0.1385,0.1912,0.359,-2.0229,144,
2026-05-29 23:57:03,73525.55,0.4405,0.467,0.3829,-0.1644,58,
2026-05-29 23:57:13,73541.75,0.6818,0.5819,0.4633,-0.1263,97,
2026-05-29 23:57:23,73540.75,0.6506,0.6427,0.5178,-0.023,24,
2026-05-29 23:57:33,73540.75,0.8053,0.7489,0.6368,-0.0036,5,
2026-05-29 23:57:43,73545.85,0.3786,0.3256,0.3854,0.8246,62,
2026-05-29 23:57:53,73542.45,0.2671,0.3807,0.3809,-0.1429,30,
2026-05-29 23:58:03,73543.65,0.1724,0.314,0.4843,0.1846,77,
2026-05-29 23:58:13,73518.95,0.8032,0.6806,0.5014,0.2956,83,
2026-05-29 23:58:23,73522.25,0.8671,0.7454,0.6867,0.1322,33,
2026-05-29 23:58:33,73534.65,0.9833,0.9198,0.6375,0.3381,56,
2026-05-29 23:58:43,73536.65,0.817,0.764,0.5854,0.0027,6,
2026-05-29 23:58:53,73538.75,0.1763,0.3539,0.543,0.3235,48,
2026-05-29 23:59:03,73537.45,0.3476,0.3473,0.3232,-0.1557,38,
2026-05-29 23:59:13,73539.05,0.9157,0.8124,0.6309,1.0318,20,
2026-05-29 23:59:23,73537.45,0.1832,0.2649,0.3428,-0.0129,43,
2026-05-29 23:59:33,73531.65,0.5172,0.5158,0.6166,-0.4346,84,
2026-05-29 23:59:43,73533.05,0.9199,0.7769,0.6674,-0.0869,35,
2026-05-29 23:59:53,73535.55,0.6397,0.5381,0.5601,0.1724,89,
2026-05-30 00:00:03,73547.55,0.4226,0.4033,0.4178,-2.8039,374,
2026-05-30 00:00:13,73543.45,0.5655,0.5448,0.5334,-0.5013,109,
2026-05-30 00:00:23,73556.35,0.8921,0.7565,0.6999,1.2311,87,
2026-05-30 00:00:33,73562.95,0.8748,0.7476,0.6337,-0.7012,97,
2026-05-30 00:00:43,73566.65,0.3763,0.4155,0.4241,0.097,46,
2026-05-30 00:00:53,73566.65,0.4963,0.4969,0.5401,0.1574,7,
2026-05-30 00:01:03,73575.85,0.5153,0.5649,0.6089,0.6769,49,
2026-05-30 00:01:13,73575.85,0.528,0.5562,0.5392,0.0558,15,
2026-05-30 00:01:23,73571.25,0.6203,0.6173,0.4603,-0.1443,49,
2026-05-30 00:01:33,73575.65,0.6737,0.654,0.6603,0.0178,68,
2026-05-30 00:01:43,73589.35,0.3223,0.3365,0.566,0.5419,62,
2026-05-30 00:01:53,73584.15,0.4448,0.4399,0.3916,-0.1458,58,
2026-05-30 00:02:03,73575.65,0.9876,0.9506,0.703,-0.4091,79,
2026-05-30 00:02:13,73577.65,0.8644,0.8248,0.5738,0.0971,17,
2026-05-30 00:02:23,73574.85,0.0258,0.1691,0.2809,-0.1084,51,
2026-05-30 00:02:33,73565.75,0.1048,0.2402,0.2776,-0.123,35,
2026-05-30 00:02:43,73555.75,0.8786,0.7865,0.6516,-0.2144,54,
2026-05-30 00:02:53,73555.75,0.595,0.5629,0.5687,0.0215,8,
2026-05-30 00:03:03,73559.85,0.7925,0.7139,0.6453,0.128,132,
2026-05-30 00:03:13,73543.25,0.3606,0.3762,0.3901,-0.4288,95,
2026-05-30 00:03:23,73542.95,0.8842,0.7826,0.7105,-0.5383,137,
2026-05-30 00:03:33,73550.85,0.5489,0.5599,0.5622,0.1791,32,
2026-05-30 00:03:43,73530.05,0.2618,0.3357,0.3267,-1.6493,127,
2026-05-30 00:03:53,73539.95,0.612,0.63,0.5405,0.5608,75,
2026-05-30 00:04:03,73535.55,0.1565,0.3355,0.3648,-0.0549,43,
2026-05-30 00:04:13,73512.95,0.93,0.7386,0.856,-0.3687,142,
2026-05-30 00:04:23,73521.85,0.2914,0.3236,0.5688,0.3645,100,
2026-05-30 00:04:33,73536.55,0.928,0.8369,0.6975,0.5654,59,
2026-05-30 00:04:43,73552.85,0.8847,0.8482,0.734,0.4208,66,
2026-05-30 00:04:53,73560.55,0.5404,0.4945,0.5122,0.3059,39,
2026-05-30 00:05:03,73574.65,0.9335,0.8512,0.72,0.7411,52,
2026-05-30 00:05:13,73574.85,0.6197,0.5797,0.5727,-0.3455,97,
2026-05-30 00:05:23,73574.85,0.6814,0.6286,0.5435,0.0527,13,
2026-05-30 00:05:33,73574.85,0.7498,0.6898,0.7011,0.1551,7,
2026-05-30 00:05:43,73566.35,0.1516,0.2717,0.3307,-0.2802,99,
2026-05-30 00:05:53,73578.85,0.9709,0.9216,0.7219,0.5264,86,
2026-05-30 00:06:03,73609.25,0.3883,0.5281,0.4264,1.1915,163,
2026-05-30 00:06:13,73609.25,0.5272,0.5836,0.544,-0.0776,13,
2026-05-30 00:06:23,73590.15,0.4597,0.506,0.4081,-0.6809,75,
2026-05-30 00:06:33,73589.15,0.0503,0.2097,0.3108,-0.0328,23,
2026-05-30 00:06:43,73587.05,0.501,0.526,0.4195,-0.4229,26,
2026-05-30 00:06:53,73593.55,0.975,0.7974,0.6462,0.6692,51,
2026-05-30 00:07:03,73608.95,0.8398,0.7916,0.659,0.6056,51,
2026-05-30 00:07:13,73606.55,0.2692,0.4261,0.5119,-0.0326,41,
2026-05-30 00:07:23,73602.05,0.5739,0.5668,0.4463,-0.0757,23,
2026-05-30 00:07:33,73602.05,0.6041,0.5929,0.5611,0.0155,6,
2026-05-30 00:07:43,73602.05,0.4912,0.5256,0.4526,0.0216,7,
2026-05-30 00:07:53,73588.95,0.2086,0.2451,0.347,-0.5279,92,
2026-05-30 00:08:03,73597.85,0.6495,0.635,0.6565,0.2459,46,
2026-05-30 00:08:13,73618.65,0.9419,0.8285,0.651,1.1682,57,
2026-05-30 00:08:23,73649.55,0.569,0.5274,0.5952,1.7082,119,
2026-05-30 00:08:33,73649.55,0.7623,0.6454,0.6245,0.0089,12,
2026-05-30 00:08:43,73664.45,0.9321,0.8226,0.7727,1.1959,53,
2026-05-30 00:08:53,73664.45,0.8243,0.7322,0.6417,0.1191,7,
2026-05-30 00:09:03,73625.75,0.5316,0.526,0.5564,-1.8995,241,
2026-05-30 00:09:13,73625.75,0.6482,0.6393,0.4918,0.0232,8,
2026-05-30 00:09:23,73638.55,0.8746,0.7926,0.7257,0.9229,58,
2026-05-30 00:09:33,73638.55,0.8913,0.7725,0.6309,0.0477,11,
2026-05-30 00:09:43,73638.55,0.2305,0.3578,0.4319,-0.0276,8,
2026-05-30 00:09:53,73651.05,0.9039,0.8323,0.7048,0.8192,78,
2026-05-30 00:10:03,73645.75,0.6256,0.6117,0.4846,-0.5438,65,
2026-05-30 00:10:13,73645.75,0.449,0.5368,0.4543,-0.0198,11,
2026-05-30 00:10:23,73630.15,0.222,0.4225,0.4399,-0.2441,91,
2026-05-30 00:10:33,73630.15,0.7856,0.7412,0.747,-0.3014,67,
2026-05-30 00:10:43,73634.15,0.9079,0.8435,0.6614,0.3846,36,
2026-05-30 00:10:53,73665.95,0.1748,0.3218,0.4238,-0.2584,215,
2026-05-30 00:11:03,73680.45,0.6048,0.598,0.5533,1.6339,88,
2026-05-30 00:11:13,73675.85,0.4334,0.4674,0.5509,-0.9397,52,
2026-05-30 00:11:23,73668.55,0.2397,0.3518,0.445,-0.048,46,
2026-05-30 00:11:33,73671.05,0.9722,0.8803,0.6789,0.2807,38,
2026-05-30 00:11:43,73675.15,0.6333,0.613,0.6144,0.1605,25,
2026-05-30 00:11:53,73660.75,0.1259,0.2835,0.4562,-0.8031,107,
2026-05-30 00:12:03,73658.15,0.0633,0.1251,0.4323,-0.1853,49,
2026-05-30 00:12:13,73642.55,0.4307,0.4601,0.5131,-0.5697,86,
2026-05-30 00:12:23,73636.35,0.4957,0.4883,0.4511,-0.2532,26,
2026-05-30 00:12:33,73636.35,0.4756,0.495,0.5314,-0.0158,9,
2026-05-30 00:12:43,73643.05,0.8034,0.751,0.6737,0.2545,46,
2026-05-30 00:12:53,73647.15,0.7759,0.7083,0.6851,0.2988,42,
2026-05-30 00:13:03,73634.15,0.1538,0.2291,0.3128,-0.3093,77,
2026-05-30 00:13:13,73634.15,0.6675,0.617,0.5463,0.0024,123,
2026-05-30 00:13:23,73634.15,0.6327,0.5956,0.6174,-0.0225,9,
2026-05-30 00:13:33,73634.05,0.7027,0.6478,0.5527,-0.3701,41,
2026-05-30 00:13:43,73624.65,0.1361,0.3397,0.4622,-0.5307,60,
2026-05-30 00:13:53,73639.15,0.4974,0.536,0.6171,1.5805,58,
2026-05-30 00:14:03,73657.75,0.9097,0.7894,0.6123,0.6862,60,
2026-05-30 00:14:13,73664.45,0.0849,0.2579,0.4585,0.2861,25,
2026-05-30 00:14:23,73656.95,0.0986,0.2165,0.2688,-0.0484,50,
2026-05-30 00:14:33,73659.85,0.6914,0.635,0.5411,0.3635,27,
2026-05-30 00:14:43,73655.65,0.6958,0.6121,0.5022,-0.1195,34,
2026-05-30 00:14:53,73653.35,0.3397,0.3917,0.3827,-1.1368,61,
2026-05-30 00:15:03,73641.85,0.8089,0.7563,0.7305,-0.1033,108,
2026-05-30 00:15:13,73641.85,0.5835,0.5937,0.5955,0.0388,5,
2026-05-30 00:15:23,73639.45,0.8414,0.8352,0.7398,-0.4535,87,
2026-05-30 00:15:33,73655.75,0.4656,0.5021,0.6268,0.7948,76,
2026-05-30 00:15:43,73662.25,0.4087,0.4052,0.4238,0.3269,39,
2026-05-30 00:15:53,73655.15,0.0248,0.1427,0.2257,-0.5643,91,
2026-05-30 00:16:03,73655.15,0.1563,0.2472,0.2718,-0.0062,7,
2026-05-30 00:16:13,73624.65,0.3287,0.4416,0.6152,-0.2138,111,
2026-05-30 00:16:23,73615.65,0.2995,0.3561,0.4158,-0.6411,91,
2026-05-30 00:16:33,73615.65,0.382,0.3881,0.492,0.1841,8,
2026-05-30 00:16:43,73621.05,0.8486,0.6027,0.4781,0.3826,35,
2026-05-30 00:16:53,73624.05,0.6009,0.6038,0.5992,0.2117,20,
2026-05-30 00:17:03,73613.35,0.252,0.3171,0.2251,-0.8873,74,
2026-05-30 00:17:13,73592.25,0.8166,0.6167,0.483,-0.6938,84,
2026-05-30 00:17:23,73608.65,0.9069,0.7781,0.4927,0.2395,43,
2026-05-30 00:17:33,73599.95,0.6059,0.5609,0.524,-2.2412,75,
2026-05-30 00:17:43,73600.05,0.9474,0.8667,0.5947,0.2975,30,
2026-05-30 00:17:53,73602.15,0.9727,0.8756,0.6996,0.2115,38,
2026-05-30 00:18:03,73606.05,0.5164,0.5024,0.5405,0.2101,45,
2026-05-30 00:18:13,73602.15,0.0632,0.1552,0.3846,-0.1732,59,
2026-05-30 00:18:23,73598.15,0.1832,0.2489,0.4431,-0.263,42,
2026-05-30 00:18:33,73595.95,0.3134,0.4147,0.417,-0.0764,30,
2026-05-30 00:18:43,73615.35,0.9163,0.8308,0.4087,0.421,72,
2026-05-30 00:18:53,73644.45,0.4776,0.489,0.5338,3.4335,74,
2026-05-30 00:19:03,73665.75,0.7566,0.6906,0.5483,1.0074,76,
2026-05-30 00:19:13,73665.75,0.623,0.5809,0.6016,0.001,7,
2026-05-30 00:19:23,73642.15,0.2027,0.2878,0.3658,-0.5801,132,
2026-05-30 00:19:33,73634.05,0.6435,0.5974,0.5035,-0.075,18,
2026-05-30 00:19:43,73656.75,0.0757,0.1864,0.4214,-0.1924,96,
2026-05-30 00:19:53,73656.75,0.4513,0.461,0.4938,0.0194,14,
2026-05-30 00:20:03,73656.75,0.5236,0.5025,0.4637,-0.0165,12,
2026-05-30 00:20:13,73669.95,0.9583,0.8295,0.7531,0.6868,69,
2026-05-30 00:20:23,73678.25,0.2,0.2959,0.4583,0.3656,46,
2026-05-30 00:20:33,73678.25,0.2954,0.3799,0.4677,0.195,11,
2026-05-30 00:20:43,73673.65,0.4108,0.321,0.4111,-0.386,68,
2026-05-30 00:20:53,73684.15,0.6312,0.619,0.6747,0.503,43,
2026-05-30 00:21:03,73684.15,0.6426,0.6312,0.6173,0.0429,13,
2026-05-30 00:21:13,73686.75,0.5533,0.5523,0.5921,0.5317,33,
2026-05-30 00:21:23,73686.75,0.6086,0.5767,0.5337,0.0083,8,
2026-05-30 00:21:33,73685.35,0.7314,0.6672,0.6015,-0.7066,102,
2026-05-30 00:21:43,73685.35,0.6136,0.5864,0.5668,-0.0121,8,
2026-05-30 00:21:53,73686.95,0.9287,0.8022,0.6937,-0.8174,137,
2026-05-30 00:22:03,73685.35,0.1478,0.269,0.5071,-0.074,29,
2026-05-30 00:22:13,73683.45,0.1196,0.2377,0.3749,0.0101,16,
2026-05-30 00:22:23,73678.15,0.7232,0.6257,0.4884,0.1411,25,
2026-05-30 00:22:33,73686.95,0.962,0.8597,0.7573,0.2945,49,
2026-05-30 00:22:43,73699.95,0.1357,0.2347,0.4046,0.5167,77,
2026-05-30 00:22:53,73714.05,0.4022,0.4808,0.5246,0.4692,58,
2026-05-30 00:23:03,73721.65,0.922,0.8352,0.8286,0.5386,72,
2026-05-30 00:23:13,73698.05,0.5368,0.4994,0.4043,-0.7447,133,
2026-05-30 00:23:23,73689.85,0.6723,0.6232,0.5636,-0.4105,53,
2026-05-30 00:23:33,73699.15,0.5778,0.4898,0.5005,-0.4153,78,
2026-05-30 00:23:43,73706.25,0.1267,0.2554,0.3592,-0.127,91,
2026-05-30 00:23:53,73706.25,0.2492,0.2437,0.3318,0.0003,4,
2026-05-30 00:24:03,73710.45,0.6989,0.6684,0.6318,0.2706,44,
2026-05-30 00:24:13,73710.45,0.7482,0.7105,0.5728,0.0045,10,
2026-05-30 00:24:23,73710.45,0.872,0.7545,0.6078,0.2223,14,
2026-05-30 00:24:33,73727.15,0.9417,0.8644,0.8216,1.3547,88,
2026-05-30 00:24:43,73724.75,0.4997,0.4003,0.5182,-0.7462,50,
2026-05-30 00:24:53,73746.55,0.0706,0.1951,0.6087,0.2395,107,
2026-05-30 00:25:03,73734.55,0.3761,0.4122,0.3829,0.0313,72,
2026-05-30 00:25:13,73734.55,0.5559,0.5339,0.5928,0.0551,13,
2026-05-30 00:25:23,73729.95,0.14,0.1605,0.2785,0.001,26,
2026-05-30 00:25:33,73739.95,0.8566,0.8117,0.7381,0.3847,55,
2026-05-30 00:25:43,73729.75,0.8931,0.8112,0.6663,-0.8531,86,
2026-05-30 00:25:53,73729.75,0.674,0.6821,0.6179,0.0133,16,
2026-05-30 00:26:03,73720.35,0.0245,0.0577,0.1867,-0.6087,55,
2026-05-30 00:26:13,73713.65,0.7028,0.6442,0.5816,-1.3258,163,
2026-05-30 00:26:23,73720.35,0.5087,0.5099,0.4923,0.1599,36,
2026-05-30 00:26:33,73726.45,0.6652,0.6553,0.6808,0.251,29,
2026-05-30 00:26:43,73726.45,0.4748,0.4572,0.5543,0.1618,21,
2026-05-30 00:26:53,73726.45,0.5884,0.5065,0.5128,0.0102,7,
2026-05-30 00:27:03,73728.15,0.4153,0.466,0.5162,0.1252,22,
2026-05-30 00:27:13,73728.15,0.4689,0.4728,0.529,0.0733,9,
2026-05-30 00:27:23,73729.75,0.8699,0.8026,0.7539,0.1062,20,
2026-05-30 00:27:33,73737.75,0.7435,0.6174,0.6521,-0.0545,97,
2026-05-30 00:27:43,73739.35,0.8754,0.8281,0.749,0.0837,30,
2026-05-30 00:27:53,73739.35,0.2671,0.3236,0.5092,-0.0154,8,
2026-05-30 00:28:03,73748.85,0.6642,0.6478,0.722,0.3687,116,
2026-05-30 00:28:13,73748.85,0.4789,0.4034,0.4779,0.0093,3,
2026-05-30 00:28:23,73739.85,0.3094,0.4273,0.4322,-1.0956,75,
2026-05-30 00:28:33,73721.65,0.0839,0.2073,0.3302,-0.6896,51,
2026-05-30 00:28:43,73706.55,0.8928,0.7377,0.6115,-0.8392,101,
2026-05-30 00:28:53,73713.45,0.9444,0.8875,0.7102,0.1683,31,
2026-05-30 00:29:03,73728.75,0.8428,0.7574,0.5841,3.2872,139,
2026-05-30 00:29:13,73728.75,0.7973,0.7985,0.6397,-0.0291,6,
2026-05-30 00:29:23,73724.35,0.7404,0.6923,0.6149,-0.1549,21,
2026-05-30 00:29:33,73724.35,0.6492,0.6369,0.6243,0.0038,3,
2026-05-30 00:29:43,73709.05,0.6865,0.6865,0.582,-2.0928,206,
2026-05-30 00:29:53,73709.05,0.8556,0.804,0.6866,0.2766,14,
2026-05-30 00:30:03,73725.15,0.9255,0.8731,0.709,0.4772,81,
2026-05-30 00:30:13,73722.25,0.985,0.938,0.6531,-0.3835,123,
2026-05-30 00:30:23,73754.35,0.9103,0.8077,0.79,1.1904,73,
2026-05-30 00:30:33,73751.05,0.7056,0.6499,0.5745,-0.2778,136,
2026-05-30 00:30:43,73751.05,0.5466,0.5557,0.5137,0.0786,9,
2026-05-30 00:30:53,73764.65,0.3467,0.4052,0.6452,0.3192,56,
2026-05-30 00:31:03,73754.05,0.2105,0.27,0.4993,-0.5537,91,
2026-05-30 00:31:13,73752.15,0.2376,0.3304,0.459,0.1202,67,
2026-05-30 00:31:23,73745.85,0.5385,0.5003,0.5707,-0.5475,54,
2026-05-30 00:31:33,73745.85,0.5818,0.5165,0.5557,0.0201,10,
2026-05-30 00:31:43,73745.85,0.5832,0.5351,0.5889,0.0006,9,
2026-05-30 00:31:53,73745.85,0.8864,0.7735,0.6937,0.0331,9,
2026-05-30 00:32:03,73752.55,0.8844,0.7437,0.4982,0.1584,38,
2026-05-30 00:32:13,73762.05,0.7839,0.7305,0.687,0.3191,32,
2026-05-30 00:32:23,73758.75,0.2006,0.2706,0.523,0.3859,45,
2026-05-30 00:32:33,73728.65,0.1742,0.2379,0.4201,-0.4838,94,
2026-05-30 00:32:43,73728.65,0.4157,0.4307,0.4802,-0.023,16,
2026-05-30 00:32:53,73728.65,0.431,0.4499,0.4934,0.0571,7,
2026-05-30 00:33:03,73711.25,0.4374,0.498,0.5508,-0.6016,58,
2026-05-30 00:33:13,73711.25,0.6238,0.5472,0.6445,0.1334,12,
2026-05-30 00:33:23,73747.55,0.8339,0.6562,0.6513,0.5984,79,
2026-05-30 00:33:34,73751.05,0.5698,0.5762,0.6836,0.3102,27,
2026-05-30 00:33:44,73734.25,0.2307,0.333,0.5092,-1.4992,94,
2026-05-30 00:33:54,73742.75,0.7053,0.6455,0.6282,0.0719,12,
2026-05-30 00:34:04,73742.85,0.0321,0.1111,0.2467,-0.1442,55,
2026-05-30 00:34:14,73735.35,0.1855,0.2821,0.4354,-0.3624,41,
2026-05-30 00:34:24,73733.45,0.1763,0.2815,0.4223,0.0893,14,
2026-05-30 00:34:34,73731.55,0.2479,0.254,0.4167,0.0515,30,
2026-05-30 00:34:44,73731.55,0.1875,0.2157,0.2863,-0.1581,35,
2026-05-30 00:34:54,73731.55,0.1912,0.2174,0.3891,0.018,5,
2026-05-30 00:35:04,73741.65,0.4787,0.5297,0.6054,0.395,57,
2026-05-30 00:35:14,73734.35,0.3302,0.3485,0.354,-0.3775,47,
2026-05-30 00:35:24,73734.35,0.4307,0.454,0.3764,0.0497,4,
2026-05-30 00:35:34,73734.35,0.5145,0.5154,0.3594,0.0688,6,
2026-05-30 00:35:44,73734.35,0.9087,0.7468,0.5237,-0.0087,10,
2026-05-30 00:35:54,73734.35,0.1791,0.2398,0.2296,0.0257,7,
2026-05-30 00:36:04,73717.75,0.0385,0.1805,0.4148,-0.9131,108,
2026-05-30 00:36:14,73712.75,0.0982,0.2074,0.4335,-0.249,42,
2026-05-30 00:36:24,73706.85,0.3288,0.4144,0.4237,-0.2285,28,
2026-05-30 00:36:34,73706.05,0.4985,0.4947,0.5015,-0.353,59,
2026-05-30 00:36:44,73695.05,0.2743,0.3119,0.2907,-0.0883,58,
2026-05-30 00:36:54,73695.05,0.4487,0.3644,0.4495,0.0461,6,
2026-05-30 00:37:04,73697.55,0.9535,0.8367,0.8012,1.1224,60,
2026-05-30 00:37:14,73708.55,0.8436,0.7587,0.6759,0.4064,80,
2026-05-30 00:37:24,73714.95,0.9358,0.9316,0.8319,0.1696,46,
2026-05-30 00:37:34,73708.15,0.0444,0.148,0.4318,-0.074,75,
2026-05-30 00:37:44,73707.55,0.5079,0.4512,0.6535,0.1744,21,
2026-05-30 00:37:54,73691.55,0.0583,0.2287,0.4548,-0.3053,68,
2026-05-30 00:38:04,73711.35,0.9777,0.8543,0.6173,0.6162,82,
2026-05-30 00:38:14,73718.35,0.6976,0.688,0.6512,0.1362,18,
2026-05-30 00:38:24,73705.45,0.1756,0.2295,0.5694,-0.4908,62,
2026-05-30 00:38:34,73700.45,0.68,0.6191,0.6881,0.1415,45,
2026-05-30 00:38:44,73704.35,0.8654,0.7859,0.6787,0.2064,45,
2026-05-30 00:38:54,73710.85,0.9621,0.9377,0.7846,0.2504,55,
2026-05-30 00:39:04,73713.95,0.4399,0.4637,0.6751,0.0757,16,
2026-05-30 00:39:14,73704.35,0.4304,0.41,0.4337,-1.0271,96,
2026-05-30 00:39:24,73704.35,0.0976,0.2919,0.5114,0.0671,6,
2026-05-30 00:39:34,73704.35,0.5038,0.4923,0.5298,0.1008,17,
2026-05-30 00:39:44,73705.95,0.5998,0.6059,0.6299,0.1905,19,
2026-05-30 00:39:54,73705.95,0.6138,0.6105,0.6418,0.0597,6,
2026-05-30 00:40:04,73705.95,0.573,0.5926,0.6506,0.0701,18,
2026-05-30 00:40:14,73702.75,0.6601,0.6882,0.6481,0.0808,80,
2026-05-30 00:40:24,73702.75,0.5058,0.5388,0.6171,0.0132,4,
2026-05-30 00:40:34,73706.95,0.6913,0.6486,0.6557,0.1662,36,
2026-05-30 00:40:44,73706.95,0.5783,0.5892,0.5667,0.0234,5,
2026-05-30 00:40:54,73704.55,0.0314,0.1435,0.4381,-1.4792,32,
2026-05-30 00:41:04,73692.15,0.2704,0.306,0.4063,-0.2971,64,
2026-05-30 00:41:14,73692.15,0.288,0.3542,0.5118,0.0059,2,
2026-05-30 00:41:24,73695.25,0.959,0.8508,0.6832,0.2359,40,
2026-05-30 00:41:34,73698.95,0.7245,0.6658,0.6464,0.0801,12,
2026-05-30 00:41:44,73698.95,0.696,0.6505,0.6178,0.0212,8,
2026-05-30 00:41:54,73705.05,0.673,0.6586,0.5851,0.2274,45,
2026-05-30 00:42:04,73705.05,0.5551,0.5468,0.5803,0.007,6,
2026-05-30 00:42:14,73705.05,0.5534,0.545,0.6053,0.1118,9,
2026-05-30 00:42:24,73705.05,0.7704,0.6519,0.672,0.1557,5,
2026-05-30 00:42:34,73705.05,0.7297,0.6196,0.6387,0.0921,13,
2026-05-30 00:42:44,73705.05,0.4622,0.4993,0.5313,0.1003,3,
2026-05-30 00:42:54,73705.05,0.5558,0.5707,0.566,0.0973,7,
2026-05-30 00:43:04,73705.05,0.9366,0.841,0.5754,0.1082,19,
2026-05-30 00:43:14,73706.35,0.8128,0.7444,0.6007,0.0685,16,
2026-05-30 00:43:24,73706.35,0.625,0.6306,0.5609,0.1775,16,
2026-05-30 00:43:34,73706.35,0.4262,0.3949,0.4993,0.0551,13,
2026-05-30 00:43:44,73706.35,0.431,0.3758,0.5067,0.0713,5,
2026-05-30 00:43:54,73703.95,0.0645,0.1361,0.262,-1.1812,45,
2026-05-30 00:44:04,73703.95,0.3073,0.3345,0.5178,0.0999,8,
2026-05-30 00:44:14,73703.95,0.5639,0.561,0.6377,0.0596,8,
2026-05-30 00:44:24,73703.95,0.5628,0.4541,0.5826,0.0839,8,
2026-05-30 00:44:34,73703.95,0.4121,0.4029,0.4943,0.0483,4,
2026-05-30 00:44:44,73703.95,0.3647,0.3809,0.4844,0.0112,4,
2026-05-30 00:44:54,73702.85,0.0776,0.1375,0.2387,-0.0867,44,
2026-05-30 00:45:04,73715.65,0.9125,0.8303,0.7262,2.6288,111,
2026-05-30 00:45:14,73719.35,0.93,0.8922,0.7709,3.0972,161,
2026-05-30 00:45:24,73726.05,0.9076,0.7926,0.6282,0.4606,42,
2026-05-30 00:45:34,73733.35,0.9524,0.9312,0.6392,0.7133,55,
2026-05-30 00:45:44,73736.75,0.5097,0.5217,0.5376,0.2463,27,
2026-05-30 00:45:54,73735.95,0.9847,0.8964,0.7478,-0.2987,84,
2026-05-30 00:46:04,73742.35,0.4907,0.4587,0.499,0.1844,35,
2026-05-30 00:46:14,73742.35,0.4603,0.3975,0.4789,0.0872,8,
2026-05-30 00:46:24,73732.85,0.6713,0.6584,0.6541,-0.5545,120,
2026-05-30 00:46:34,73740.15,0.9696,0.9423,0.702,0.3298,46,
2026-05-30 00:46:44,73740.15,0.659,0.6156,0.5495,0.1532,25,
2026-05-30 00:46:54,73740.15,0.676,0.6307,0.5512,0.099,8,
2026-05-30 00:47:04,73754.15,0.5772,0.4751,0.5275,1.1123,57,
2026-05-30 00:47:14,73743.65,0.6189,0.5804,0.5464,-0.3093,44,
2026-05-30 00:47:24,73743.65,0.6257,0.5809,0.593,0.0502,3,
2026-05-30 00:47:34,73743.65,0.449,0.5105,0.4437,0.1092,11,
2026-05-30 00:47:44,73731.05,0.2336,0.3758,0.4464,-0.1204,51,
2026-05-30 00:47:54,73731.05,0.5287,0.5623,0.6429,0.0034,9,
2026-05-30 00:48:04,73742.65,0.9045,0.815,0.5786,0.0173,78,
2026-05-30 00:48:14,73747.85,0.9424,0.8509,0.6963,0.1552,19,
2026-05-30 00:48:24,73742.65,0.2036,0.2536,0.4474,-0.0889,47,
2026-05-30 00:48:34,73739.75,0.3113,0.2999,0.4492,0.0764,20,
2026-05-30 00:48:44,73731.25,0.1003,0.1478,0.231,-0.2218,49,
2026-05-30 00:48:54,73718.55,0.0854,0.2221,0.4468,-0.1116,47,
2026-05-30 00:49:04,73715.45,0.069,0.1979,0.2431,-0.3305,82,
2026-05-30 00:49:14,73707.65,0.7001,0.6882,0.5905,1.048,79,
2026-05-30 00:49:24,73717.95,0.8657,0.7893,0.6961,0.4687,45,
2026-05-30 00:49:34,73717.95,0.7583,0.6793,0.6692,0.0027,4,
2026-05-30 00:49:44,73723.55,0.9599,0.8683,0.7202,0.2554,37,
2026-05-30 00:49:54,73723.55,0.9429,0.8524,0.7273,0.0143,8,
2026-05-30 00:50:04,73737.15,0.9656,0.9006,0.7848,0.2813,61,
2026-05-30 00:50:14,73724.35,0.104,0.1446,0.3761,-0.597,78,
2026-05-30 00:50:24,73718.15,0.1458,0.1955,0.4415,-0.0483,20,
2026-05-30 00:50:34,73718.15,0.8194,0.7139,0.6017,0.0261,6,
2026-05-30 00:50:44,73718.25,0.9594,0.8017,0.6965,0.1053,29,
2026-05-30 00:50:54,73712.05,0.3541,0.4114,0.3958,-0.0532,112,
2026-05-30 00:51:04,73711.35,0.4662,0.5478,0.6626,-0.0698,18,
2026-05-30 00:51:14,73711.35,0.5514,0.596,0.4743,0.0165,40,
2026-05-30 00:51:24,73716.55,0.948,0.8713,0.7363,0.2925,58,
2026-05-30 00:51:34,73716.55,0.8446,0.7803,0.7082,0.0179,7,
2026-05-30 00:51:44,73714.95,0.2488,0.2753,0.3349,-0.5829,53,
2026-05-30 00:51:54,73700.75,0.3794,0.4353,0.372,-0.4824,86,
2026-05-30 00:52:04,73698.65,0.093,0.2008,0.5038,-0.0055,24,
2026-05-30 00:52:14,73679.35,0.1112,0.1396,0.2889,-0.9206,86,
2026-05-30 00:52:24,73676.05,0.473,0.491,0.4332,-0.1494,40,
2026-05-30 00:52:34,73676.05,0.5152,0.5238,0.5026,0.0293,12,
2026-05-30 00:52:44,73676.05,0.3461,0.4025,0.3559,0.0901,9,
2026-05-30 00:52:54,73674.65,0.4847,0.5055,0.5757,0.0164,19,
2026-05-30 00:53:04,73674.65,0.3327,0.3428,0.3164,0.0568,13,
2026-05-30 00:53:14,73666.15,0.1261,0.1926,0.2945,-0.7866,54,
2026-05-30 00:53:24,73666.15,0.2936,0.3229,0.4064,0.1324,8,
2026-05-30 00:53:34,73666.15,0.1538,0.2108,0.4716,0.0143,6,
2026-05-30 00:53:44,73661.85,0.1355,0.1901,0.3129,-0.2438,49,
2026-05-30 00:53:54,73661.95,0.7839,0.7182,0.6075,-0.193,98,
2026-05-30 00:54:04,73667.55,0.6418,0.5502,0.4396,0.5708,42,
2026-05-30 00:54:14,73672.25,0.6415,0.6393,0.7053,0.2748,37,
2026-05-30 00:54:24,73657.65,0.5729,0.5673,0.4547,-0.5013,87,
2026-05-30 00:54:34,73657.65,0.7203,0.7104,0.6454,-0.0399,12,
2026-05-30 00:54:44,73658.75,0.9594,0.8817,0.7278,0.1598,36,
2026-05-30 00:54:54,73667.05,0.1962,0.3115,0.4776,0.1247,29,
2026-05-30 00:55:04,73667.05,0.5914,0.5538,0.5553,0.0085,5,
2026-05-30 00:55:14,73653.55,0.3111,0.3725,0.4759,-0.4979,53,
2026-05-30 00:55:24,73642.65,0.3175,0.3779,0.4316,-0.1533,43,
2026-05-30 00:55:34,73642.65,0.3544,0.4054,0.4847,0.0073,4,
2026-05-30 00:55:44,73642.65,0.1937,0.2967,0.3095,-0.0008,2,
2026-05-30 00:55:54,73636.85,0.1486,0.1737,0.4023,-0.0888,24,
2026-05-30 00:56:04,73629.35,0.4932,0.4797,0.3449,-0.5765,35,
2026-05-30 00:56:14,73620.55,0.8409,0.7279,0.6003,-0.4624,57,
2026-05-30 00:56:24,73631.35,0.7804,0.7482,0.7083,0.2646,57,
2026-05-30 00:56:34,73631.35,0.7895,0.7121,0.6419,0.003,14,
2026-05-30 00:56:44,73642.85,0.7911,0.7728,0.7821,0.4369,65,
2026-05-30 00:56:54,73642.85,0.6433,0.643,0.6444,0.0771,6,
2026-05-30 00:57:04,73640.35,0.0661,0.188,0.4558,-0.1392,63,
2026-05-30 00:57:14,73637.95,0.5486,0.5363,0.5114,0.0285,17,
2026-05-30 00:57:24,73651.15,0.8846,0.779,0.5448,0.4002,94,
2026-05-30 00:57:34,73652.95,0.727,0.6704,0.6302,0.2508,29,
2026-05-30 00:57:44,73652.95,0.5278,0.5694,0.5603,0.0632,21,
2026-05-30 00:57:54,73652.95,0.5372,0.5798,0.537,0.0418,19,
2026-05-30 00:58:04,73652.95,0.6176,0.6462,0.6054,0.1727,17,
2026-05-30 00:58:14,73653.95,0.1716,0.1866,0.2371,0.3026,69,
2026-05-30 00:58:24,73653.95,0.5247,0.5475,0.3781,-0.104,28,
2026-05-30 00:58:34,73658.15,0.9742,0.8304,0.5911,0.4335,41,
2026-05-30 00:58:44,73665.45,0.7471,0.6688,0.5877,0.4209,51,
2026-05-30 00:58:54,73661.65,0.3598,0.4033,0.4144,-0.1449,71,
2026-05-30 00:59:04,73661.65,0.4373,0.4519,0.4586,-0.0715,21,
2026-05-30 00:59:14,73661.65,0.4332,0.4716,0.416,0.0192,18,
2026-05-30 00:59:24,73689.05,0.9831,0.8982,0.7324,0.9563,90,
2026-05-30 00:59:34,73684.95,0.0969,0.1787,0.4814,0.2849,49,
2026-05-30 00:59:44,73680.35,0.1224,0.2568,0.4163,0.1608,100,
2026-05-30 00:59:54,73672.05,0.3919,0.4206,0.4965,-1.4184,51,
2026-05-30 01:00:04,73683.35,0.6799,0.6038,0.5009,1.9992,79,
2026-05-30 01:00:14,73686.25,0.7388,0.6079,0.583,0.409,55,
2026-05-30 01:00:24,73689.75,0.9187,0.7324,0.678,0.306,48,
2026-05-30 01:00:34,73690.65,0.0485,0.1789,0.4159,-0.0806,48,
2026-05-30 01:00:44,73686.05,0.4933,0.4035,0.4036,0.012,47,
2026-05-30 01:00:54,73686.05,0.4853,0.3976,0.3655,0.0401,18,
2026-05-30 01:01:04,73692.15,0.8197,0.7348,0.7206,0.0928,55,
2026-05-30 01:01:14,73694.45,0.7425,0.6678,0.6952,0.6841,41,
2026-05-30 01:01:24,73694.45,0.4803,0.4608,0.5355,0.0421,24,
2026-05-30 01:01:34,73689.85,0.0482,0.1371,0.438,-0.1282,40,
2026-05-30 01:01:44,73685.55,0.2848,0.2926,0.4642,0.0994,44,
2026-05-30 01:01:54,73674.55,0.0494,0.1801,0.2365,-0.1492,64,
2026-05-30 01:02:04,73674.55,0.1427,0.2585,0.2957,0.0455,14,
2026-05-30 01:02:14,73661.25,0.0282,0.1179,0.2234,-0.7101,80,
2026-05-30 01:02:24,73656.45,0.101,0.2498,0.4653,-0.1741,36,
2026-05-30 01:02:34,73646.65,0.6517,0.6165,0.5472,-0.2835,47,
2026-05-30 01:02:44,73653.45,0.9335,0.878,0.8053,0.5096,70,
2026-05-30 01:02:54,73683.75,0.6688,0.6108,0.7128,0.9197,154,
2026-05-30 01:03:04,73696.65,0.9771,0.8692,0.7207,0.542,61,
2026-05-30 01:03:14,73703.55,0.2264,0.2514,0.3211,0.0599,29,
2026-05-30 01:03:24,73681.85,0.3436,0.3482,0.3435,-0.8287,88,
2026-05-30 01:03:34,73681.85,0.3444,0.3813,0.3436,0.0302,9,
2026-05-30 01:03:44,73676.85,0.091,0.2151,0.2615,-0.3141,41,
2026-05-30 01:03:54,73671.55,0.1521,0.2549,0.2646,-0.247,44,
2026-05-30 01:04:04,73671.55,0.1754,0.2469,0.2513,0.1139,11,
2026-05-30 01:04:14,73681.15,0.8718,0.8806,0.7225,0.6921,62,
2026-05-30 01:04:24,73689.15,0.9106,0.8646,0.5867,0.4493,28,
2026-05-30 01:04:34,73689.15,0.9074,0.847,0.6788,0.2244,15,
2026-05-30 01:04:44,73689.15,0.9023,0.8455,0.7175,0.0795,21,
2026-05-30 01:04:54,73689.15,0.8273,0.7812,0.6819,0.0528,9,
2026-05-30 01:05:04,73689.15,0.851,0.8053,0.6905,0.0314,8,
2026-05-30 01:05:14,73707.65,0.9202,0.7848,0.7404,0.5808,92,
2026-05-30 01:05:24,73707.65,0.8604,0.7579,0.6475,-0.1983,11,
2026-05-30 01:05:34,73707.65,0.8954,0.7517,0.567,0.0797,11,
2026-05-30 01:05:44,73707.65,0.8473,0.7716,0.7984,0.0463,8,
2026-05-30 01:05:54,73707.65,0.8484,0.7624,0.7453,0.0967,28,
2026-05-30 01:06:04,73699.85,0.3401,0.3335,0.3086,-0.1942,60,
2026-05-30 01:06:14,73699.85,0.4792,0.4227,0.4948,0.0364,10,
2026-05-30 01:06:24,73699.85,0.4702,0.4838,0.5138,0.0473,6,
2026-05-30 01:06:34,73707.65,0.664,0.6473,0.6931,0.3805,64,
2026-05-30 01:06:44,73695.55,0.101,0.1592,0.3331,-0.3779,21,
2026-05-30 01:06:54,73705.35,0.9867,0.8384,0.6593,1.2248,49,
2026-05-30 01:07:04,73744.05,0.9275,0.8268,0.7541,1.6261,112,
2026-05-30 01:07:14,73757.45,0.3362,0.3694,0.5239,0.3663,51,
2026-05-30 01:07:24,73764.45,0.7194,0.6712,0.6473,0.7241,28,
2026-05-30 01:07:34,73775.35,0.6181,0.6365,0.7659,0.4392,60,
2026-05-30 01:07:44,73759.85,0.0964,0.1335,0.3154,-0.7566,56,
2026-05-30 01:07:54,73759.85,0.5991,0.5763,0.6727,0.0154,9,
2026-05-30 01:08:04,73738.75,0.3103,0.3717,0.5427,-0.8706,79,
2026-05-30 01:08:14,73727.05,0.4347,0.451,0.5578,-0.0504,33,
2026-05-30 01:08:24,73727.05,0.4372,0.4587,0.5927,0.0044,4,
2026-05-30 01:08:34,73727.05,0.3929,0.429,0.5937,-0.0006,4,
2026-05-30 01:08:44,73721.25,0.2716,0.4079,0.331,-0.3953,41,
2026-05-30 01:08:54,73721.25,0.7623,0.7462,0.424,-0.0194,14,
2026-05-30 01:09:04,73719.55,0.7602,0.6563,0.4465,-0.711,110,
2026-05-30 01:09:14,73733.95,0.8684,0.8041,0.6901,0.5036,71,
2026-05-30 01:09:24,73720.45,0.1582,0.2702,0.308,-1.738,52,
2026-05-30 01:09:34,73731.65,0.76,0.6941,0.552,0.7105,83,
2026-05-30 01:09:44,73724.85,0.0804,0.2397,0.3411,-0.2179,21,
2026-05-30 01:09:54,73724.85,0.0928,0.2317,0.285,-0.0036,3,
2026-05-30 01:10:04,73724.85,0.1132,0.2667,0.3128,0.0019,4,
2026-05-30 01:10:14,73724.85,0.1049,0.262,0.2596,0.0001,1,
2026-05-30 01:10:24,73723.05,0.295,0.4389,0.3212,-0.0546,16,
2026-05-30 01:10:34,73723.05,0.2897,0.4461,0.3449,-0.0025,1,
2026-05-30 01:10:45,73723.25,0.9711,0.8651,0.6952,0.7163,69,
2026-05-30 01:10:55,73730.95,0.2441,0.4157,0.4905,0.5695,44,
2026-05-30 01:11:05,73733.15,0.897,0.8163,0.6812,0.4275,47,
2026-05-30 01:11:15,73735.75,0.943,0.8092,0.6725,0.062,14,
2026-05-30 01:11:25,73746.35,0.7271,0.6534,0.4696,0.3355,72,
2026-05-30 01:11:35,73750.25,0.7918,0.7408,0.5815,0.1601,18,
2026-05-30 01:11:45,73750.25,0.9024,0.7796,0.6693,-0.0047,2,
2026-05-30 01:11:55,73757.65,0.4173,0.353,0.5417,0.3211,27,
2026-05-30 01:12:05,73759.85,0.3245,0.4001,0.5882,1.6833,82,
2026-05-30 01:12:15,73757.65,0.182,0.2692,0.5072,-0.4898,56,
2026-05-30 01:12:25,73764.25,0.6875,0.6718,0.5972,0.1014,22,
2026-05-30 01:12:35,73764.25,0.655,0.6408,0.5515,-0.004,1,
2026-05-30 01:12:45,73766.05,0.8317,0.7645,0.6483,0.1008,25,
2026-05-30 01:12:55,73761.55,0.1023,0.1438,0.4892,-0.5181,26,
2026-05-30 01:13:05,73777.25,0.9017,0.8375,0.8281,1.3752,101,
2026-05-30 01:13:15,73810.05,0.3984,0.4865,0.7433,2.2212,175,
2026-05-30 01:13:25,73825.95,0.4392,0.5221,0.6602,1.0921,98,
2026-05-30 01:13:35,73849.95,0.3902,0.5312,0.6917,1.2666,109,
2026-05-30 01:13:45,73839.25,0.2721,0.3581,0.4918,-0.7682,58,
2026-05-30 01:13:55,73831.25,0.3754,0.4303,0.5297,-1.569,112,
2026-05-30 01:14:05,73825.25,0.0752,0.2393,0.3361,-0.2218,48,
2026-05-30 01:14:15,73807.55,0.1133,0.3067,0.4056,-0.4214,58,
2026-05-30 01:14:25,73807.55,0.4416,0.5009,0.4384,-0.0299,9,
2026-05-30 01:14:35,73810.25,0.9033,0.8585,0.7448,0.2337,43,
2026-05-30 01:14:45,73815.15,0.0453,0.1408,0.2699,0.1234,49,
2026-05-30 01:14:55,73808.35,0.3105,0.4806,0.4468,-0.2167,33,
2026-05-30 01:15:05,73812.95,0.6959,0.6463,0.5231,0.0781,25,
2026-05-30 01:15:15,73803.65,0.0339,0.2756,0.3444,-0.409,49,
2026-05-30 01:15:25,73804.75,0.2168,0.3424,0.4055,0.0339,28,
2026-05-30 01:15:35,73804.75,0.2137,0.3425,0.3914,-0.0698,16,
2026-05-30 01:15:45,73804.75,0.2259,0.351,0.4121,-0.0073,6,
2026-05-30 01:15:55,73793.95,0.6469,0.612,0.6458,-0.5843,49,
2026-05-30 01:16:05,73793.95,0.599,0.5867,0.704,-0.0199,3,
2026-05-30 01:16:15,73793.95,0.5963,0.5874,0.7039,-0.0106,4,
2026-05-30 01:16:25,73789.45,0.4954,0.5258,0.5441,-1.4077,40,
2026-05-30 01:16:35,73789.45,0.4013,0.4946,0.5788,-0.0747,15,
2026-05-30 01:16:45,73787.25,0.1674,0.2898,0.3533,0.0542,39,
2026-05-30 01:16:55,73787.25,0.2092,0.3357,0.4317,0.0004,2,
2026-05-30 01:17:05,73783.15,0.3001,0.3518,0.4227,-0.0793,26,
2026-05-30 01:17:15,73783.15,0.1457,0.2805,0.3975,-0.0002,1,
2026-05-30 01:17:25,73783.15,0.228,0.3275,0.4145,-0.0664,11,
2026-05-30 01:17:35,73783.15,0.2196,0.3218,0.5526,-0.0056,4,
2026-05-30 01:17:45,73783.15,0.2128,0.3335,0.4598,-0.0251,8,
2026-05-30 01:17:55,73783.15,0.2316,0.3556,0.4619,-0.0055,3,
2026-05-30 01:18:05,73775.85,0.1393,0.2793,0.2405,-0.4915,63,
2026-05-30 01:18:15,73771.95,0.1256,0.2311,0.3192,-0.2009,24,
2026-05-30 01:18:25,73757.15,0.1289,0.2682,0.4259,-0.432,67,
2026-05-30 01:18:35,73755.05,0.0979,0.1972,0.2674,-0.0488,20,
2026-05-30 01:18:45,73736.15,0.3898,0.4165,0.4572,-0.2333,32,
2026-05-30 01:19:05,73725.25,0.2655,0.3604,0.4154,-0.3644,65,
2026-05-30 01:19:15,73725.25,0.3382,0.4428,0.5119,0.0017,4,
2026-05-30 01:19:25,73725.25,0.2686,0.3722,0.4247,-0.0041,6,
2026-05-30 01:19:35,73725.25,0.0477,0.2728,0.4137,-0.0041,5,
2026-05-30 01:19:45,73725.25,0.4721,0.5271,0.5374,0.0,1,
2026-05-30 01:19:55,73725.25,0.4759,0.5247,0.4885,-0.0167,6,
2026-05-30 01:20:15,73718.75,0.0511,0.2126,0.2841,-0.0879,24,
2026-05-30 01:20:25,73718.75,0.0724,0.2487,0.2912,-0.0017,4,
2026-05-30 01:20:35,73715.45,0.2235,0.3415,0.4897,-0.0479,13,
2026-05-30 01:20:45,73715.45,0.3182,0.3442,0.3741,-0.0323,8,
2026-05-30 01:20:55,73707.75,0.0851,0.2856,0.323,-0.1469,44,
2026-05-30 01:21:05,73702.65,0.1932,0.2743,0.3494,-0.0923,23,
2026-05-30 01:21:15,73697.65,0.0509,0.2442,0.2906,-0.2745,20,
2026-05-30 01:21:25,73697.65,0.0476,0.2427,0.4687,-0.0027,8,
2026-05-30 01:21:35,73687.35,0.3606,0.4259,0.4451,-0.3369,71,
2026-05-30 01:21:45,73676.55,0.1576,0.288,0.2823,-0.8474,30,
2026-05-30 01:21:55,73676.55,0.3756,0.4589,0.3646,0.0181,6,
2026-05-30 01:22:05,73692.55,0.8631,0.7165,0.6737,0.588,54,
2026-05-30 01:22:15,73692.55,0.8359,0.7014,0.6824,-0.0082,3,
2026-05-30 01:22:25,73692.55,0.6892,0.6056,0.7094,0.005,4,
2026-05-30 01:22:35,73643.65,0.8729,0.7948,0.6254,-13.8034,483,
2026-05-30 01:22:45,73562.95,0.5458,0.4771,0.3752,-5.5578,541,
2026-05-30 01:22:55,73576.85,0.7818,0.423,0.4283,1.0145,57,
2026-05-30 01:23:05,73593.85,0.7207,0.5939,0.3491,1.2077,113,
2026-05-30 01:23:15,73593.85,0.3082,0.3996,0.4599,-0.1361,34,
2026-05-30 01:23:25,73593.85,0.4231,0.3776,0.4289,-0.0015,2,
2026-05-30 01:23:35,73593.85,0.2854,0.4252,0.5227,-0.0054,6,
2026-05-30 01:23:45,73593.85,0.6005,0.4999,0.5526,-0.0025,7,
2026-05-30 01:23:55,73593.85,0.6005,0.5485,0.4273,-0.0291,8,
2026-05-30 01:24:05,73593.85,0.5892,0.375,0.3948,0.0015,2,
2026-05-30 01:24:15,73608.15,0.9229,0.7342,0.4136,0.7926,87,
2026-05-30 01:24:25,73628.45,0.3989,0.437,0.5436,2.2948,90,
2026-05-30 01:24:35,73634.05,0.7372,0.585,0.6965,0.5139,36,
2026-05-30 01:24:45,73634.05,0.7042,0.5786,0.5636,-0.0012,4,
2026-05-30 01:24:55,73626.95,0.5126,0.522,0.527,-0.5552,52,
2026-05-30 01:25:05,73624.45,0.6105,0.7591,0.6038,-0.0371,12,
2026-05-30 01:25:15,73618.45,0.1887,0.3901,0.4438,-0.512,38,
2026-05-30 01:25:25,73618.45,0.1131,0.3927,0.5139,0.0868,21,
2026-05-30 01:25:35,73613.45,0.4072,0.4385,0.4075,-0.04,18,
2026-05-30 01:25:45,73613.45,0.49,0.4769,0.4428,0.0624,7,
2026-05-30 01:25:55,73593.85,0.8164,0.786,0.6479,-1.3436,154,
2026-05-30 01:26:05,73601.25,0.5482,0.4908,0.5608,0.213,34,
2026-05-30 01:26:25,73587.05,0.0958,0.2038,0.2926,0.0259,82,
2026-05-30 01:26:35,73584.05,0.2053,0.1693,0.2335,-0.2537,19,
2026-05-30 01:26:45,73567.25,0.2438,0.4095,0.3142,-0.4231,56,
2026-05-30 01:26:55,73559.75,0.4437,0.2428,0.504,-0.3478,59,
2026-05-30 01:27:05,73578.55,0.6792,0.6814,0.674,1.9242,117,
2026-05-30 01:27:15,73584.05,0.5077,0.4188,0.3995,0.0021,63,
2026-05-30 01:27:25,73584.05,0.4901,0.455,0.5226,-0.0001,1,
2026-05-30 01:27:35,73569.25,0.4652,0.524,0.5627,-0.8157,56,
2026-05-30 01:27:45,73581.15,0.6238,0.5787,0.5278,1.5731,80,
2026-05-30 01:27:55,73557.85,0.441,0.6418,0.5289,-1.0783,77,
2026-05-30 01:28:05,73557.85,0.4097,0.4186,0.4996,0.0005,3,
2026-05-30 01:28:15,73557.85,0.3961,0.4332,0.5289,0.0014,1,
2026-05-30 01:28:35,73562.45,0.3551,0.336,0.4748,0.3724,40,
2026-05-30 01:28:45,73555.95,0.5682,0.7057,0.5146,0.2447,97,
2026-05-30 01:28:55,73568.95,0.5691,0.5495,0.5736,1.0605,46,
2026-05-30 01:29:05,73557.25,0.3636,0.4111,0.4555,-0.7942,65,
2026-05-30 01:29:15,73556.35,0.422,0.2477,0.5325,-0.0447,12,
2026-05-30 01:29:25,73556.35,0.38,0.5435,0.5626,0.0,2,
2026-05-30 01:29:35,73550.35,0.5053,0.6022,0.5788,-0.1758,36,
2026-05-30 01:29:45,73550.35,0.4306,0.5059,0.5167,0.0053,3,
2026-05-30 01:29:55,73538.45,0.3159,0.4429,0.398,-0.5083,45,
2026-05-30 01:30:05,73528.15,0.6887,0.6829,0.4999,-0.3918,28,
2026-05-30 01:30:15,73522.45,0.4265,0.4938,0.4677,-0.2302,14,
2026-05-30 01:30:25,73507.45,0.4651,0.3715,0.8358,-0.4731,107,
2026-05-30 01:30:35,73498.15,0.7004,0.5691,0.3569,-11.5529,297,
2026-05-30 01:30:45,73498.15,0.6676,0.5926,0.3691,0.0,1,
2026-05-30 01:30:55,73528.25,0.7179,0.5656,0.3923,2.4657,95,
2026-05-30 01:31:05,73539.75,0.7206,0.6388,0.5934,1.2389,30,
2026-05-30 01:31:15,73545.35,0.6964,0.4567,0.2497,0.5285,38,
2026-05-30 01:31:25,73549.85,0.4316,0.3365,0.3696,-0.2189,33,
2026-05-30 01:31:35,73549.85,0.4125,0.3338,0.3744,0.0014,2,
2026-05-30 01:31:45,73549.85,0.3759,0.3986,0.3776,-0.0079,5,
2026-05-30 01:31:55,73562.05,0.651,0.484,0.463,0.9265,61,
2026-05-30 01:32:05,73549.15,0.5842,0.5154,0.3544,-1.1462,68,
2026-05-30 01:32:15,73549.15,0.5199,0.4954,0.4449,0.0154,2,
2026-05-30 01:32:25,73549.15,0.2306,0.3647,0.4024,-0.0019,1,
2026-05-30 01:32:35,73545.75,0.4653,0.4439,0.4494,-0.1284,20,
2026-05-30 01:32:45,73545.75,0.4186,0.4099,0.363,-0.002,3,
2026-05-30 01:32:55,73557.25,0.9609,0.7844,0.509,0.1537,146,
2026-05-30 01:33:05,73563.95,0.6854,0.6272,0.3715,0.771,46,
2026-05-30 01:33:15,73563.95,0.6684,0.6167,0.3078,-0.0334,8,
2026-05-30 01:33:25,73575.15,0.6599,0.6333,0.3252,1.0337,61,
2026-05-30 01:33:35,73585.05,0.6861,0.545,0.2553,0.1246,93,
2026-05-30 01:33:45,73588.85,0.7766,0.5648,0.329,0.4926,16,
2026-05-30 01:33:55,73588.85,0.7712,0.6141,0.4256,0.0001,1,
2026-05-30 01:34:05,73578.85,0.1958,0.1863,0.1823,-0.52,113,
2026-05-30 01:34:15,73576.45,0.2978,0.4118,0.2876,-0.1935,14,
2026-05-30 01:34:25,73569.75,0.3181,0.4133,0.2833,-0.2327,32,
2026-05-30 01:34:35,73569.75,0.3898,0.4326,0.2641,-0.0027,4,
2026-05-30 01:34:45,73557.75,0.2229,0.4121,0.2678,-0.4002,61,
2026-05-30 01:34:55,73551.35,0.0285,0.2875,0.2939,-0.2719,40,
2026-05-30 01:35:05,73551.35,0.3008,0.4973,0.3458,-0.0017,1,
2026-05-30 01:35:15,73570.65,0.8151,0.6582,0.266,0.9759,100,
2026-05-30 01:35:25,73565.85,0.0568,0.2178,0.2307,-0.218,62,
2026-05-30 01:35:35,73561.85,0.0782,0.3906,0.2514,-0.0713,12,
2026-05-30 01:35:45,73561.85,0.1334,0.3972,0.2514,-0.0126,5,
2026-05-30 01:35:55,73556.75,0.3857,0.3865,0.2464,-0.112,23,
2026-05-30 01:36:05,73556.75,0.3831,0.4181,0.2699,-0.0194,6,
2026-05-30 01:36:15,73556.75,0.3805,0.4241,0.2388,-0.0227,5,
2026-05-30 01:36:25,73566.85,0.6362,0.4327,0.2211,0.4847,54,
2026-05-30 01:36:35,73566.85,0.8121,0.6421,0.3829,-0.0431,3,
2026-05-30 01:36:45,73566.85,0.7952,0.5447,0.3157,-0.0017,4,
2026-05-30 01:36:55,73566.85,0.8111,0.5548,0.3208,-0.0019,2,
2026-05-30 01:37:05,73566.85,0.5453,0.4745,0.3165,-0.0149,6,
2026-05-30 01:37:15,73566.85,0.1814,0.2842,0.2519,-0.0276,13,
2026-05-30 01:37:25,73566.85,0.4071,0.3569,0.3052,0.038,11,
2026-05-30 01:37:35,73566.85,0.3808,0.3405,0.2824,-0.061,16,
2026-05-30 01:37:45,73566.85,0.1759,0.3107,0.2281,-0.002,4,
2026-05-30 01:37:55,73566.85,0.205,0.281,0.2526,0.0,2,
2026-05-30 01:38:05,73550.85,0.9753,0.7859,0.2731,-0.1513,325,
2026-05-30 01:38:15,73562.05,0.6853,0.6466,0.2917,0.31,52,
2026-05-30 01:38:25,73566.55,0.8283,0.6746,0.3609,0.317,37,
2026-05-30 01:38:35,73578.45,0.8189,0.7237,0.4499,0.8608,83,
2026-05-30 01:38:45,73578.45,0.9012,0.6864,0.3454,-0.0075,3,
2026-05-30 01:38:55,73571.65,0.4232,0.3756,0.3768,-0.7197,76,
2026-05-30 01:39:05,73578.15,0.9013,0.7958,0.3156,0.133,50,
2026-05-30 01:39:15,73586.05,0.8243,0.7312,0.3069,0.4684,61,
2026-05-30 01:39:25,73589.85,0.7263,0.639,0.2927,0.3643,38,
2026-05-30 01:39:35,73597.75,0.8017,0.6647,0.3068,0.735,36,
2026-05-30 01:39:45,73605.15,0.6803,0.5864,0.2353,0.2886,49,
2026-05-30 01:39:55,73605.25,0.6029,0.5566,0.3639,0.3902,14,
2026-05-30 01:40:05,73611.15,0.6109,0.3905,0.3046,0.6099,53,
2026-05-30 01:40:25,73599.15,0.1361,0.2414,0.1875,-1.4065,138,
2026-05-30 01:40:35,73595.05,0.291,0.4338,0.4083,-0.024,6,
2026-05-30 01:40:45,73591.75,0.8139,0.7612,0.5944,-0.0497,79,
2026-05-30 01:40:55,73591.75,0.7465,0.5807,0.4766,-0.0022,4,
2026-05-30 01:41:05,73591.75,0.4847,0.3343,0.2917,-0.0049,3,
2026-05-30 01:41:15,73591.75,0.4946,0.429,0.343,-0.0015,2,
2026-05-30 01:41:25,73604.05,0.7961,0.7307,0.4029,0.7209,75,
2026-05-30 01:41:35,73604.95,0.4579,0.392,0.2521,0.0479,13,
2026-05-30 01:41:45,73604.95,0.5815,0.3154,0.3044,-0.0094,2,
2026-05-30 01:41:55,73604.95,0.7767,0.4078,0.3185,-0.0021,4,
2026-05-30 01:42:05,73604.95,0.7924,0.6412,0.3179,0.0163,6,
2026-05-30 01:42:15,73604.95,0.8018,0.564,0.2784,-0.0074,6,
2026-05-30 01:42:25,73604.95,0.7897,0.6667,0.3343,-0.0014,2,
2026-05-30 01:42:35,73604.95,0.7978,0.6629,0.5644,-0.0024,4,
2026-05-30 01:42:45,73604.95,0.8144,0.6522,0.5669,-0.0016,2,
2026-05-30 01:42:55,73604.95,0.8125,0.6672,0.4924,-0.0082,4,
2026-05-30 01:43:05,73604.95,0.7804,0.6641,0.469,-0.1352,4,
2026-05-30 01:43:15,73604.95,0.78,0.6638,0.4205,-0.0003,1,
2026-05-30 01:43:25,73604.95,0.79,0.6444,0.454,-0.0055,2,
2026-05-30 01:43:35,73604.95,0.789,0.5726,0.442,-0.0013,2,
2026-05-30 01:43:45,73604.95,0.7883,0.6056,0.4551,-0.0042,4,
2026-05-30 01:43:55,73584.65,0.816,0.6694,0.4206,-0.4573,217,
2026-05-30 01:44:05,73609.15,0.4327,0.3778,0.2037,0.299,113,
2026-05-30 01:44:15,73611.45,0.8245,0.5411,0.2641,0.3344,28,
2026-05-30 01:44:25,73611.45,0.8575,0.6077,0.2614,0.006,4,
2026-05-30 01:44:55,73611.45,0.8412,0.3542,0.2407,-0.0014,2,
2026-05-30 01:45:05,73619.15,0.9153,0.6551,0.3232,0.4924,45,
2026-05-30 01:45:15,73624.35,0.769,0.7546,0.391,0.428,37,
2026-05-30 01:45:25,73624.35,0.6825,0.7021,0.3955,-0.0035,2,
2026-05-30 01:45:35,73624.35,0.7156,0.661,0.3568,-0.0138,6,
2026-05-30 01:45:45,73624.35,0.578,0.6084,0.3825,0.021,4,
2026-05-30 01:45:55,73612.65,0.5136,0.4998,0.3296,-0.6759,100,
2026-05-30 01:46:05,73612.65,0.4728,0.5012,0.2874,0.0001,2,
2026-05-30 01:46:15,73598.25,0.2224,0.2823,0.289,-0.5439,104,
2026-05-30 01:46:25,73581.05,0.3294,0.4903,0.3555,-0.7874,112,
2026-05-30 01:46:35,73578.05,0.2322,0.3067,0.2761,-0.373,26,
2026-05-30 01:46:45,73595.05,0.7513,0.6778,0.2597,0.6219,117,
2026-05-30 01:46:55,73592.75,0.1505,0.2912,0.2934,-0.1072,27,
2026-05-30 01:47:05,73583.35,0.0371,0.2273,0.2994,-0.2356,72,
2026-05-30 01:47:25,73576.65,0.0358,0.2782,0.3334,-0.1044,25,
2026-05-30 01:47:35,73583.35,0.9309,0.7783,0.5613,0.2763,53,
2026-05-30 01:47:45,73583.35,0.894,0.7802,0.5996,-0.0017,5,
2026-05-30 01:47:55,73584.25,0.9093,0.7592,0.3465,0.0865,20,
2026-05-30 01:48:05,73587.95,0.937,0.7734,0.5116,0.0997,35,
2026-05-30 01:48:15,73587.95,0.9148,0.7377,0.3447,-0.0105,3,
2026-05-30 01:48:26,73580.25,0.5236,0.4395,0.4286,-1.2823,163,
2026-05-30 01:48:36,73566.05,0.4962,0.4475,0.36,-0.4759,73,
2026-05-30 01:48:46,73528.35,0.558,0.4812,0.437,-0.3932,242,
2026-05-30 01:48:56,73530.95,0.6431,0.5763,0.402,0.8678,45,
2026-05-30 01:49:06,73530.95,0.0681,0.2618,0.2477,-0.0165,12,
2026-05-30 01:49:16,73516.25,0.4491,0.5592,0.5886,-0.1374,43,
2026-05-30 01:49:26,73528.65,0.9012,0.7626,0.3483,0.258,100,
2026-05-30 01:49:36,73529.25,0.904,0.7202,0.4242,0.0437,11,
2026-05-30 01:49:46,73505.25,0.3191,0.4513,0.3292,-0.7439,124,
2026-05-30 01:49:56,73496.05,0.1467,0.3587,0.3609,0.008,146,
2026-05-30 01:50:06,73492.25,0.3353,0.3672,0.3084,-0.855,17,
2026-05-30 01:50:16,73492.25,0.1371,0.3152,0.2745,-0.0112,8,
2026-05-30 01:50:26,73481.75,0.2387,0.4725,0.2032,-0.2977,46,
2026-05-30 01:50:36,73467.25,0.893,0.6641,0.2871,-0.2463,224,
2026-05-30 01:50:46,73450.55,0.4595,0.4689,0.3234,-0.3478,94,
2026-05-30 01:50:56,73467.85,0.9251,0.6509,0.3172,0.1426,138,
2026-05-30 01:51:06,73462.05,0.1636,0.3185,0.3715,0.4918,77,
2026-05-30 01:51:16,73462.05,0.6788,0.6069,0.4725,-0.0,1,
2026-05-30 01:51:26,73479.15,0.3229,0.4636,0.4266,0.9639,208,
2026-05-30 01:51:36,73472.35,0.1685,0.3415,0.3585,-0.1216,13,
2026-05-30 01:51:46,73472.35,0.259,0.4052,0.5854,0.0143,4,
2026-05-30 01:51:56,73483.85,0.4367,0.1486,0.1738,0.457,54,
2026-05-30 01:52:06,73472.95,0.1106,0.3215,0.409,-0.4319,38,
2026-05-30 01:52:16,73470.15,0.1375,0.2742,0.1987,-0.1027,27,
2026-05-30 01:52:26,73470.15,0.1247,0.2972,0.2111,-0.0024,2,
2026-05-30 01:52:36,73470.15,0.1501,0.2448,0.2123,0.0029,4,
2026-05-30 01:52:46,73453.85,0.029,0.2536,0.2845,-0.344,48,
2026-05-30 01:52:56,73449.55,0.0815,0.2325,0.1997,-0.0232,14,
2026-05-30 01:53:06,73471.05,0.9545,0.8104,0.538,1.3729,100,
2026-05-30 01:53:16,73463.35,0.0693,0.3235,0.2949,-0.3091,177,
2026-05-30 01:53:26,73458.45,0.1005,0.245,0.2233,-0.1222,29,
2026-05-30 01:53:36,73449.05,0.3836,0.3447,0.2725,0.2307,40,
2026-05-30 01:53:46,73449.05,0.3406,0.3982,0.2482,-0.0076,4,
2026-05-30 01:53:56,73449.05,0.1216,0.3558,0.2275,-0.0004,2,
2026-05-30 01:54:06,73442.85,0.5572,0.5908,0.3464,-0.0655,24,
2026-05-30 01:54:16,73427.05,0.4898,0.5414,0.2197,-0.484,46,
2026-05-30 01:54:26,73454.75,0.718,0.589,0.294,0.9311,54,
2026-05-30 01:54:36,73460.45,0.7462,0.5809,0.248,0.1564,33,
2026-05-30 01:54:46,73430.35,0.3152,0.3229,0.3569,-1.3757,143,
2026-05-30 01:54:56,73426.75,0.2529,0.2168,0.1662,-0.1123,27,
2026-05-30 01:55:06,73423.05,0.3014,0.3905,0.2568,0.5088,41,
2026-05-30 01:55:16,73419.55,0.2545,0.3835,0.4056,-0.1432,42,
2026-05-30 01:55:26,73419.85,0.4477,0.4703,0.2467,0.5103,18,
2026-05-30 01:55:36,73435.35,0.2563,0.4441,0.2035,1.0514,109,
2026-05-30 01:55:46,73421.15,0.0839,0.1445,0.1618,-0.6403,81,
2026-05-30 01:55:56,73427.95,0.5039,0.5104,0.2037,0.3075,23,
2026-05-30 01:56:06,73430.75,0.517,0.508,0.2911,-0.3169,36,
2026-05-30 01:56:16,73430.75,0.4884,0.5008,0.2639,-0.0839,20,
2026-05-30 01:56:26,73432.15,0.8285,0.7283,0.4041,0.0439,20,
2026-05-30 01:56:36,73432.15,0.6127,0.5964,0.3794,-0.031,8,
2026-05-30 01:56:46,73432.15,0.4121,0.4736,0.3098,-0.0167,19,
2026-05-30 01:56:56,73443.45,0.6553,0.4956,0.299,0.4974,97,
2026-05-30 01:57:06,73443.45,0.4769,0.4727,0.4068,-0.075,5,
2026-05-30 01:57:16,73443.35,0.3442,0.3301,0.3682,-0.2776,33,
2026-05-30 01:57:26,73436.65,0.3768,0.4155,0.2143,-0.3408,56,
2026-05-30 01:57:36,73438.75,0.7786,0.666,0.3013,0.0968,21,
2026-05-30 01:57:46,73441.55,0.8998,0.779,0.3835,0.0997,16,
2026-05-30 01:57:56,73441.55,0.5067,0.4734,0.2627,-0.0142,2,
2026-05-30 01:58:06,73439.85,0.4162,0.4688,0.4328,-0.1594,14,
2026-05-30 01:58:16,73439.85,0.4529,0.3698,0.4158,-0.0013,2,
2026-05-30 01:58:26,73439.85,0.4235,0.4522,0.4129,-0.0181,9,
2026-05-30 01:58:36,73439.85,0.437,0.5251,0.4276,-0.0004,1,
2026-05-30 01:58:46,73444.85,0.7478,0.6615,0.5213,0.5116,50,
2026-05-30 01:58:56,73450.15,0.937,0.7259,0.3826,0.2855,46,
2026-05-30 01:59:06,73449.85,0.6819,0.5473,0.3381,0.18,58,
2026-05-30 01:59:16,73449.85,0.6214,0.506,0.4496,-0.01,5,
2026-05-30 01:59:26,73449.85,0.6186,0.494,0.4387,-0.018,7,
2026-05-30 01:59:36,73439.45,0.0945,0.2865,0.1603,-0.8155,98,
2026-05-30 01:59:46,73428.45,0.5669,0.6421,0.5332,-0.4091,93,
2026-05-30 01:59:56,73421.95,0.14,0.2664,0.1997,-0.2037,44,
2026-05-30 02:00:06,73427.65,0.5958,0.5819,0.524,-0.0323,88,
2026-05-30 02:00:16,73428.95,0.6242,0.609,0.4153,0.2702,25,
2026-05-30 02:00:26,73435.65,0.8731,0.7883,0.6262,-0.3892,91,
2026-05-30 02:00:36,73435.65,0.6689,0.62,0.5351,-0.0061,2,
2026-05-30 02:00:46,73425.55,0.3367,0.3628,0.4264,-0.2964,53,
2026-05-30 02:00:56,73423.45,0.3479,0.4477,0.4078,-0.085,21,
2026-05-30 02:01:06,73424.25,0.7153,0.7026,0.675,0.776,78,
2026-05-30 02:01:16,73431.95,0.7268,0.7104,0.6018,0.2763,39,
2026-05-30 02:01:26,73431.95,0.5979,0.584,0.5148,-0.0897,11,
2026-05-30 02:01:36,73431.95,0.6075,0.6304,0.5379,-0.1353,7,
2026-05-30 02:01:46,73441.25,0.673,0.5625,0.4999,0.59,65,
2026-05-30 02:01:56,73449.85,0.7096,0.6306,0.4731,0.2502,32,
2026-05-30 02:02:06,73470.85,0.4099,0.4584,0.4083,0.4587,104,
2026-05-30 02:02:16,73478.95,0.6958,0.6269,0.3437,0.3324,28,
2026-05-30 02:02:26,73490.55,0.7388,0.5861,0.4672,0.1605,99,
2026-05-30 02:02:36,73491.85,0.1416,0.3067,0.5391,0.1255,72,
2026-05-30 02:02:46,73482.05,0.2205,0.3512,0.2878,-0.1704,12,
2026-05-30 02:02:56,73477.55,0.0514,0.2382,0.2294,-0.1344,31,
2026-05-30 02:03:06,73477.55,0.0758,0.2537,0.2419,-0.0394,13,
2026-05-30 02:03:16,73479.45,0.1531,0.2405,0.305,0.0868,59,
2026-05-30 02:03:26,73476.25,0.3469,0.4402,0.3314,-0.077,16,
2026-05-30 02:03:36,73468.15,0.3868,0.4895,0.3329,-0.1217,82,
2026-05-30 02:03:46,73475.45,0.5799,0.6347,0.4,0.2514,19,
2026-05-30 02:03:56,73467.55,0.3183,0.4273,0.309,-0.1278,38,
2026-05-30 02:04:06,73467.85,0.0828,0.1794,0.175,0.1234,64,
2026-05-30 02:04:16,73459.65,0.1694,0.2868,0.241,-0.142,40,
2026-05-30 02:04:26,73449.95,0.8275,0.7463,0.7153,-0.4278,88,
2026-05-30 02:04:36,73443.05,0.3906,0.38,0.2415,-0.1364,33,
2026-05-30 02:04:46,73450.15,0.364,0.4685,0.4679,0.2221,82,
2026-05-30 02:04:56,73417.25,0.4268,0.3766,0.326,-4.0699,124,
2026-05-30 02:05:06,73408.35,0.0652,0.2583,0.2005,-0.3443,31,
2026-05-30 02:05:16,73416.35,0.9371,0.737,0.6669,3.2984,164,
2026-05-30 02:05:26,73416.75,0.8621,0.611,0.6222,0.0147,7,
2026-05-30 02:05:36,73409.95,0.0915,0.133,0.2402,-0.7288,35,
2026-05-30 02:05:46,73398.45,0.0803,0.1276,0.1882,-0.5325,57,
2026-05-30 02:05:56,73422.25,0.3664,0.2839,0.2378,0.5589,60,
2026-05-30 02:06:06,73417.05,0.2804,0.3011,0.4544,-0.3839,22,
2026-05-30 02:06:16,73392.25,0.114,0.1028,0.1677,-0.78,80,
2026-05-30 02:06:26,73394.45,0.9726,0.8187,0.3456,0.1369,85,
2026-05-30 02:06:36,73399.25,0.9378,0.7894,0.5218,0.3046,31,
2026-05-30 02:06:46,73400.75,0.8549,0.78,0.7192,0.0247,15,
2026-05-30 02:06:56,73403.15,0.7754,0.7217,0.5307,0.2598,22,
2026-05-30 02:07:06,73403.15,0.521,0.5539,0.5152,-0.0,2,
2026-05-30 02:07:16,73413.25,0.8859,0.6944,0.332,0.2501,41,
2026-05-30 02:07:26,73416.15,0.5328,0.4842,0.6332,0.0258,3,
2026-05-30 02:07:36,73400.75,0.0701,0.1793,0.3412,-0.4218,79,
2026-05-30 02:07:46,73400.75,0.2163,0.3157,0.4903,-0.0983,5,
2026-05-30 02:07:56,73400.75,0.7179,0.6385,0.5593,-0.0117,7,
2026-05-30 02:08:06,73405.15,0.8972,0.7189,0.5592,0.2231,27,
2026-05-30 02:08:16,73385.45,0.0688,0.1553,0.2303,-0.4566,70,
2026-05-30 02:08:26,73393.15,0.6371,0.5424,0.3912,0.5074,54,
2026-05-30 02:08:36,73390.95,0.0657,0.175,0.2873,0.261,27,
2026-05-30 02:08:46,73383.55,0.2868,0.3166,0.3301,-0.0824,27,
2026-05-30 02:08:56,73394.05,0.6545,0.5703,0.4175,0.3113,45,
2026-05-30 02:09:06,73399.25,0.5258,0.5126,0.4522,0.0541,11,
2026-05-30 02:09:16,73399.85,0.2616,0.2576,0.3875,-1.1847,164,
2026-05-30 02:09:26,73396.55,0.7416,0.7809,0.6401,-0.6463,99,
2026-05-30 02:09:36,73396.55,0.5687,0.4879,0.3453,0.024,3,
2026-05-30 02:09:46,73390.85,0.3487,0.3816,0.3385,-0.1906,33,
2026-05-30 02:09:56,73407.05,0.4634,0.5129,0.4921,2.9286,164,
2026-05-30 02:10:06,73405.15,0.2271,0.3156,0.499,-0.2603,32,
2026-05-30 02:10:16,73390.85,0.6014,0.5117,0.2424,-0.4847,66,
2026-05-30 02:10:26,73394.65,0.8931,0.7664,0.61,0.2935,52,
2026-05-30 02:10:36,73412.25,0.3565,0.4342,0.4388,0.581,65,
2026-05-30 02:10:46,73412.25,0.1189,0.3446,0.4481,-0.0209,4,
2026-05-30 02:10:56,73400.55,0.173,0.3037,0.3217,-0.561,49,
2026-05-30 02:11:06,73412.25,0.7456,0.6547,0.6493,0.4379,56,
2026-05-30 02:11:16,73405.45,0.1902,0.2463,0.3099,-0.3337,39,
2026-05-30 02:11:26,73405.45,0.4539,0.4465,0.5196,0.0559,8,
2026-05-30 02:11:36,73405.45,0.4091,0.4316,0.3354,-0.0265,7,
2026-05-30 02:11:46,73405.45,0.5464,0.5525,0.5472,-0.0011,1,
2026-05-30 02:11:56,73409.95,0.9166,0.8702,0.5962,0.3528,50,
2026-05-30 02:12:06,73414.15,0.7631,0.7164,0.6291,0.2415,27,
2026-05-30 02:12:16,73414.15,0.7922,0.7327,0.6009,-0.0523,7,
2026-05-30 02:12:26,73414.15,0.7212,0.686,0.63,0.0149,8,
2026-05-30 02:12:36,73414.15,0.8132,0.7614,0.6612,0.0007,6,
2026-05-30 02:12:46,73414.15,0.5474,0.5521,0.5891,0.0018,1,
2026-05-30 02:12:56,73414.15,0.6754,0.6548,0.6011,0.0002,3,
2026-05-30 02:13:06,73416.35,0.9439,0.8537,0.6616,0.0999,25,
2026-05-30 02:13:16,73418.05,0.6649,0.6409,0.5468,0.0698,16,
2026-05-30 02:13:26,73415.75,0.9592,0.7895,0.484,-0.7033,82,
2026-05-30 02:13:36,73417.05,0.898,0.8363,0.554,-0.005,22,
2026-05-30 02:13:46,73419.95,0.5785,0.5753,0.5049,0.1501,18,
2026-05-30 02:13:56,73424.75,0.857,0.7797,0.5076,0.1986,30,
2026-05-30 02:14:06,73430.55,0.8492,0.6373,0.5568,-0.0363,45,
2026-05-30 02:14:16,73433.05,0.1445,0.2633,0.4075,-0.1596,107,
2026-05-30 02:14:26,73433.05,0.2643,0.3159,0.4867,-0.0029,1,
2026-05-30 02:14:36,73403.85,0.592,0.558,0.5506,-2.6192,178,
2026-05-30 02:14:46,73404.95,0.3926,0.4745,0.5133,0.2543,42,
2026-05-30 02:14:56,73405.45,0.9008,0.7849,0.6035,1.1369,38,
2026-05-30 02:15:06,73425.75,0.4441,0.4715,0.5225,0.1366,130,
2026-05-30 02:15:16,73410.45,0.3492,0.3664,0.5133,-0.8161,98,
2026-05-30 02:15:26,73410.45,0.5948,0.5014,0.5759,-0.0086,5,
2026-05-30 02:15:36,73411.15,0.366,0.4143,0.3842,0.0326,24,
2026-05-30 02:15:46,73411.15,0.3518,0.3794,0.4847,-0.0102,6,
2026-05-30 02:15:56,73411.15,0.5211,0.4773,0.5583,-0.0025,3,
2026-05-30 02:16:06,73411.15,0.7429,0.611,0.6601,-0.0003,2,
2026-05-30 02:16:16,73428.95,0.8761,0.6747,0.6138,0.5662,100,
2026-05-30 02:16:26,73451.65,0.9656,0.8134,0.6317,1.9646,96,
2026-05-30 02:16:36,73451.85,0.9832,0.8336,0.7399,0.1652,46,
2026-05-30 02:16:46,73451.85,0.9035,0.7754,0.6417,-0.0073,7,
2026-05-30 02:16:56,73456.35,0.6928,0.6243,0.5549,0.2211,27,
2026-05-30 02:17:06,73442.15,0.5413,0.445,0.3918,-0.9153,122,
2026-05-30 02:17:16,73443.35,0.9489,0.7494,0.4131,0.0883,18,
2026-05-30 02:17:26,73448.55,0.7558,0.6753,0.5445,0.0366,25,
2026-05-30 02:17:36,73448.55,0.9068,0.7892,0.7634,-0.0361,4,
2026-05-30 02:17:46,73448.55,0.9113,0.7883,0.7468,0.0334,19,
2026-05-30 02:17:56,73448.65,0.8819,0.7922,0.7085,0.1188,20,
2026-05-30 02:18:06,73445.15,0.2111,0.2111,0.3856,-0.3477,50,
2026-05-30 02:18:16,73458.95,0.5752,0.584,0.5267,0.4054,51,
2026-05-30 02:18:26,73464.65,0.6562,0.6262,0.6278,0.2603,53,
2026-05-30 02:18:36,73464.65,0.5763,0.5601,0.5842,-0.0693,6,
2026-05-30 02:18:46,73470.15,0.8478,0.6989,0.5133,0.1338,33,
2026-05-30 02:18:56,73473.25,0.4589,0.5172,0.5623,-0.0433,66,
2026-05-30 02:19:06,73483.65,0.8588,0.7259,0.5745,0.256,41,
2026-05-30 02:19:16,73476.85,0.1247,0.2811,0.3262,-0.5458,77,
2026-05-30 02:19:26,73476.85,0.062,0.1899,0.3953,-0.0104,12,
2026-05-30 02:19:36,73487.45,0.8566,0.6647,0.5307,0.3655,60,
2026-05-30 02:19:46,73496.95,0.781,0.7532,0.5741,0.2423,33,
2026-05-30 02:19:56,73496.95,0.803,0.6829,0.6415,0.0417,5,
2026-05-30 02:20:06,73498.35,0.9619,0.8025,0.6272,0.0075,10,
2026-05-30 02:20:16,73505.55,0.6515,0.5892,0.5795,-1.1121,50,
2026-05-30 02:20:26,73519.65,0.6796,0.5076,0.4461,0.2873,34,
2026-05-30 02:20:36,73525.05,0.9304,0.8587,0.6641,0.0885,24,
2026-05-30 02:20:46,73541.75,0.7437,0.5971,0.6076,0.0435,32,
2026-05-30 02:20:56,73547.55,0.5879,0.5506,0.6343,0.0025,15,
2026-05-30 02:21:06,73562.55,0.9055,0.8135,0.7012,0.128,33,
2026-05-30 02:21:16,73551.15,0.0513,0.31,0.3704,-0.8346,241,
2026-05-30 02:21:26,73534.75,0.3147,0.4756,0.3634,-0.5464,91,
2026-05-30 02:21:36,73528.95,0.2178,0.3259,0.2921,-0.0475,14,
2026-05-30 02:21:46,73528.95,0.8698,0.6856,0.664,0.0478,22,
2026-05-30 02:21:56,73544.95,0.9753,0.8022,0.7264,0.2904,68,
2026-05-30 02:22:06,73570.15,0.8452,0.6001,0.6545,-0.2381,118,
2026-05-30 02:22:16,73569.85,0.4578,0.4735,0.4974,-0.2924,79,
2026-05-30 02:22:26,73563.05,0.076,0.2591,0.4153,-0.2461,44,
2026-05-30 02:22:36,73564.15,0.9356,0.815,0.5448,0.1464,31,
2026-05-30 02:22:46,73564.15,0.3991,0.4537,0.49,-0.0124,6,
2026-05-30 02:22:56,73564.15,0.4347,0.5375,0.5057,0.0142,6,
2026-05-30 02:23:06,73564.15,0.5141,0.5547,0.4925,0.0007,4,
2026-05-30 02:23:16,73564.15,0.8395,0.7382,0.5856,-0.316,106,
2026-05-30 02:23:26,73555.15,0.4952,0.5618,0.492,-0.4076,46,
2026-05-30 02:23:36,73550.65,0.6238,0.6252,0.4728,-0.1071,19,
2026-05-30 02:23:46,73564.15,0.5458,0.5094,0.564,0.6465,87,
2026-05-30 02:23:56,73564.15,0.5015,0.5421,0.5738,-0.0359,11,
2026-05-30 02:24:06,73567.35,0.8512,0.7092,0.5515,0.0649,40,
2026-05-30 02:24:16,73550.45,0.0203,0.2203,0.3802,-0.4767,82,
2026-05-30 02:24:26,73548.65,0.4438,0.5716,0.5029,-0.032,31,
2026-05-30 02:24:36,73548.65,0.5397,0.6365,0.5359,-0.0022,4,
2026-05-30 02:24:46,73536.55,0.145,0.226,0.298,-0.3315,44,
2026-05-30 02:24:56,73528.65,0.324,0.42,0.5224,-0.0853,25,
2026-05-30 02:25:06,73528.65,0.1566,0.2894,0.4196,0.0078,12,
2026-05-30 02:25:16,73528.65,0.3769,0.4731,0.4346,0.0695,13,
2026-05-30 02:25:26,73521.15,0.072,0.2204,0.4004,-0.2241,74,
2026-05-30 02:25:36,73518.15,0.3333,0.378,0.352,-0.0341,40,
2026-05-30 02:25:47,73521.85,0.9409,0.8088,0.6492,0.2174,26,
2026-05-30 02:25:57,73530.55,0.9289,0.7726,0.6711,0.1272,22,
2026-05-30 02:26:07,73530.55,0.7523,0.6985,0.6478,-0.0183,7,
2026-05-30 02:26:17,73530.55,0.7553,0.5982,0.5863,0.0001,1,
2026-05-30 02:26:37,73530.55,0.8246,0.6292,0.5888,-0.0007,1,
2026-05-30 02:26:47,73531.25,0.8125,0.6296,0.5893,0.3881,48,
2026-05-30 02:26:57,73531.25,0.5453,0.4844,0.5829,-0.0055,6,
2026-05-30 02:27:07,73531.25,0.546,0.4848,0.5852,-0.0,2,
2026-05-30 02:27:17,73522.75,0.7127,0.6951,0.5944,-0.5425,79,
2026-05-30 02:27:27,73522.75,0.8573,0.7185,0.5706,0.0077,4,
2026-05-30 02:27:37,73527.25,0.9102,0.6415,0.3867,0.0724,24,
2026-05-30 02:27:47,73528.45,0.946,0.8341,0.737,0.0305,10,
2026-05-30 02:27:57,73528.45,0.8811,0.7181,0.6822,-0.1597,9,
2026-05-30 02:28:07,73528.45,0.8567,0.7042,0.6656,-0.0029,2,
2026-05-30 02:28:17,73529.75,0.897,0.6741,0.5806,0.0771,15,
2026-05-30 02:28:27,73529.75,0.8808,0.7177,0.5366,-0.0033,2,
2026-05-30 02:28:37,73529.75,0.784,0.6641,0.5114,-0.0055,1,
2026-05-30 02:28:57,73531.05,0.9072,0.7844,0.4147,0.0994,18,
2026-05-30 02:29:07,73532.55,0.6773,0.4253,0.5488,-0.0055,35,
2026-05-30 02:29:17,73521.25,0.2642,0.3803,0.4118,-0.4082,79,
2026-05-30 02:29:27,73519.15,0.4209,0.416,0.5362,-0.0369,11,
2026-05-30 02:29:37,73519.15,0.8938,0.7005,0.753,0.0643,5,
2026-05-30 02:29:47,73519.15,0.8635,0.6401,0.7168,-0.0008,4,
2026-05-30 02:29:57,73519.15,0.9347,0.7444,0.734,0.0196,8,
2026-05-30 02:30:07,73533.75,0.9717,0.757,0.6403,0.3774,92,
2026-05-30 02:30:17,73533.75,0.4094,0.4299,0.5046,0.0003,10,
2026-05-30 02:30:27,73533.75,0.9277,0.731,0.5984,-0.0016,2,
2026-05-30 02:30:37,73539.95,0.7763,0.6694,0.5813,0.2345,37,
2026-05-30 02:30:47,73539.95,0.887,0.6878,0.5208,-0.0059,2,
2026-05-30 02:30:57,73539.95,0.7606,0.6333,0.5136,-0.0005,4,
2026-05-30 02:31:07,73535.35,0.8548,0.7935,0.418,-0.4346,102,
2026-05-30 02:31:17,73542.95,0.8634,0.7176,0.5665,0.2752,46,
2026-05-30 02:31:27,73546.35,0.822,0.6145,0.3882,0.658,18,
2026-05-30 02:31:37,73547.25,0.9255,0.7781,0.5079,0.1993,22,
2026-05-30 02:31:47,73547.25,0.8853,0.6811,0.5463,-0.0157,2,
2026-05-30 02:31:57,73547.25,0.8917,0.7606,0.5597,-0.0028,2,
2026-05-30 02:32:07,73547.25,0.8713,0.7332,0.5754,-0.0001,4,
2026-05-30 02:32:17,73547.25,0.8773,0.7375,0.5832,-0.0113,2,
2026-05-30 02:32:27,73547.25,0.9587,0.6972,0.5049,-0.0069,2,
2026-05-30 02:32:37,73553.75,0.9897,0.824,0.6847,0.2996,23,
2026-05-30 02:32:47,73549.15,0.2972,0.4088,0.429,-0.342,52,
2026-05-30 02:32:57,73549.15,0.8795,0.7043,0.4062,-0.0012,3,
2026-05-30 02:33:07,73551.55,0.8934,0.7529,0.5642,0.0946,17,
2026-05-30 02:33:17,73554.85,0.9745,0.8063,0.6305,0.1652,20,
2026-05-30 02:33:27,73548.85,0.5221,0.5615,0.3389,-0.6006,104,
2026-05-30 02:33:37,73542.25,0.3504,0.4789,0.4397,-0.2431,49,
2026-05-30 02:33:47,73542.25,0.2109,0.3313,0.2591,0.0043,7,
2026-05-30 02:33:57,73538.45,0.5215,0.5243,0.405,-0.1783,30,
2026-05-30 02:34:07,73533.15,0.7392,0.7082,0.632,-0.2382,51,
2026-05-30 02:34:17,73541.05,0.841,0.7493,0.6749,0.5404,51,
2026-05-30 02:34:27,73541.05,0.867,0.7451,0.6728,0.1114,15,
2026-05-30 02:34:37,73541.05,0.7266,0.6556,0.647,0.0,1,
2026-05-30 02:34:47,73543.85,0.4056,0.4003,0.2345,0.5451,53,
2026-05-30 02:34:57,73521.45,0.4119,0.4708,0.4286,-3.543,97,
2026-05-30 02:35:07,73499.25,0.8189,0.7274,0.4065,-0.4589,70,
2026-05-30 02:35:17,73499.25,0.21,0.3255,0.213,-0.011,25,
2026-05-30 02:35:27,73484.85,0.5903,0.5221,0.5343,-0.0774,36,
2026-05-30 02:35:37,73491.79999999999,0.983,0.7708,0.4036,0.4926,56,
2026-05-30 02:35:47,73495.55,0.8764,0.7276,0.5098,0.0455,10,
2026-05-30 02:36:07,73495.55,0.904,0.723,0.6215,-0.0008,3,
2026-05-30 02:36:17,73498.75,0.884,0.7658,0.5435,0.1202,22,
2026-05-30 02:36:27,73508.85,0.7367,0.6633,0.4217,-0.6197,149,
2026-05-30 02:36:37,73502.05,0.6181,0.6159,0.3867,-0.6825,63,
2026-05-30 02:36:47,73488.45,0.6478,0.5674,0.3772,-1.2319,124,
2026-05-30 02:36:57,73484.35,0.8086,0.7658,0.5775,-0.4053,50,
2026-05-30 02:37:07,73484.35,0.8022,0.7663,0.5877,0.0109,5,
2026-05-30 02:37:17,73482.95,0.27,0.4006,0.3291,-0.6419,65,
2026-05-30 02:37:27,73476.45,0.4905,0.4602,0.2901,0.0585,26,
2026-05-30 02:37:37,73476.95,0.7756,0.6617,0.4666,0.4086,17,
2026-05-30 02:37:47,73473.75,0.9143,0.8221,0.4413,-0.1993,65,
2026-05-30 02:37:57,73477.65,0.6379,0.635,0.4725,0.2261,28,
2026-05-30 02:38:07,73475.45,0.7218,0.6657,0.3979,0.5298,43,
2026-05-30 02:38:17,73483.35,0.9351,0.7224,0.5011,0.3303,52,
2026-05-30 02:38:27,73484.05,0.5216,0.4487,0.23,-0.4261,77,
2026-05-30 02:38:37,73488.15,0.3217,0.3585,0.3256,0.515,26,
2026-05-30 02:38:47,73472.05,0.2642,0.4013,0.2286,-0.4213,73,
2026-05-30 02:38:57,73452.65,0.5927,0.6213,0.5778,-1.2812,130,
2026-05-30 02:39:07,73480.65,0.8583,0.6779,0.5818,1.4174,98,
2026-05-30 02:39:17,73483.55,0.6885,0.644,0.5541,0.0756,16,
2026-05-30 02:39:37,73473.15,0.5991,0.6033,0.5341,-0.9234,116,
2026-05-30 02:39:47,73467.75,0.2988,0.3236,0.4336,-1.3625,64,
2026-05-30 02:39:57,73465.35,0.0955,0.2097,0.3099,-0.1955,17,
2026-05-30 02:40:07,73479.15,0.8385,0.7596,0.6174,0.4268,102,
2026-05-30 02:40:17,73479.15,0.5509,0.5173,0.4983,0.0053,6,
2026-05-30 02:40:27,73486.95,0.8948,0.7021,0.3168,0.5136,52,
2026-05-30 02:40:37,73494.65,0.7034,0.6138,0.4714,0.228,18,
2026-05-30 02:40:47,73486.35,0.1131,0.2847,0.317,-0.4959,72,
2026-05-30 02:40:57,73478.75,0.1861,0.2741,0.3356,-0.1642,34,
2026-05-30 02:41:07,73475.55,0.5012,0.5671,0.5227,0.2092,30,
2026-05-30 02:41:17,73475.55,0.5611,0.5927,0.6741,-0.0037,3,
2026-05-30 02:41:27,73475.55,0.5235,0.5649,0.5313,-0.0004,1,
2026-05-30 02:41:37,73479.85,0.7674,0.759,0.4971,0.2063,36,
2026-05-30 02:41:47,73469.15,0.4041,0.5573,0.5547,-0.2645,58,
2026-05-30 02:41:57,73473.75,0.7696,0.749,0.3877,0.1423,29,
2026-05-30 02:42:07,73473.45,0.2784,0.2846,0.254,-0.0019,6,
2026-05-30 02:42:37,73470.85,0.6932,0.6471,0.4231,-0.255,28,
2026-05-30 02:42:47,73472.75,0.3974,0.4505,0.3489,0.0655,16,
2026-05-30 02:42:57,73472.75,0.6133,0.6222,0.3161,0.0682,5,
2026-05-30 02:43:07,73470.95,0.236,0.3596,0.2596,-0.0905,23,
2026-05-30 02:43:17,73470.95,0.3784,0.3997,0.2764,-0.0166,8,
2026-05-30 02:43:27,73470.95,0.4226,0.424,0.2902,-0.0099,5,
2026-05-30 02:43:37,73470.95,0.3176,0.4272,0.3697,-0.0354,12,
2026-05-30 02:43:47,73466.95,0.261,0.3834,0.328,-0.0983,26,
2026-05-30 02:43:57,73466.95,0.1754,0.4129,0.3222,0.0001,1,
2026-05-30 02:44:07,73458.15,0.1232,0.2278,0.2093,-0.2786,44,
2026-05-30 02:44:17,73458.15,0.3369,0.3658,0.3803,-0.0199,8,
2026-05-30 02:44:27,73458.15,0.5518,0.4818,0.3988,-0.0179,5,
2026-05-30 02:44:37,73460.65,0.7876,0.6907,0.4748,0.3403,40,
2026-05-30 02:44:47,73479.85,0.9216,0.7985,0.4719,0.3098,71,
2026-05-30 02:44:57,73479.85,0.4952,0.4947,0.2954,-0.0572,3,
2026-05-30 02:45:07,73469.95,0.3958,0.4324,0.2542,-0.7166,79,
2026-05-30 02:45:17,73477.55,0.7929,0.7213,0.3966,0.3341,44,
2026-05-30 02:45:27,73477.55,0.7723,0.7222,0.4927,-0.0164,1,
2026-05-30 02:45:37,73487.65,0.5892,0.4904,0.2533,0.3608,41,
2026-05-30 02:45:47,73511.15,0.4162,0.4699,0.4543,1.1439,85,
2026-05-30 02:45:57,73511.15,0.5469,0.544,0.4745,-0.0066,4,
2026-05-30 02:46:07,73511.15,0.5697,0.569,0.4737,-0.0068,11,
2026-05-30 02:46:17,73511.15,0.5244,0.5507,0.4679,-0.0028,3,
2026-05-30 02:46:27,73511.15,0.5397,0.527,0.4473,0.0012,3,
2026-05-30 02:46:37,73526.35,0.388,0.4572,0.4654,0.1435,94,
2026-05-30 02:46:47,73526.35,0.5318,0.6036,0.4554,-0.0052,5,
2026-05-30 02:46:57,73526.35,0.5651,0.5961,0.5796,-0.0392,13,
2026-05-30 02:47:07,73519.45,0.5094,0.5389,0.4507,-0.3939,63,
2026-05-30 02:47:17,73519.45,0.7501,0.6925,0.5479,0.0049,5,
2026-05-30 02:47:27,73519.45,0.6767,0.636,0.7129,0.0025,3,
2026-05-30 02:47:37,73521.35,0.8468,0.742,0.5837,0.5785,34,
2026-05-30 02:47:47,73521.35,0.9131,0.8328,0.6746,0.0343,17,
2026-05-30 02:47:57,73517.05,0.292,0.5079,0.6242,-0.2323,40,
2026-05-30 02:48:07,73519.95,0.9076,0.8726,0.6935,0.1379,20,
2026-05-30 02:48:17,73515.65,0.0672,0.2167,0.3761,-0.7679,80,
2026-05-30 02:48:27,73459.55,0.8156,0.7351,0.4275,-5.3163,181,
2026-05-30 02:48:37,73470.65,0.9314,0.7789,0.6247,0.3776,41,
2026-05-30 02:48:47,73487.75,0.913,0.7581,0.6099,0.3366,50,
2026-05-30 02:48:57,73487.75,0.8108,0.6747,0.496,-0.008,4,
2026-05-30 02:49:07,73502.35,0.95,0.8267,0.5838,0.4687,41,
2026-05-30 02:49:17,73506.95,0.8015,0.6767,0.5381,0.0491,15,
2026-05-30 02:49:27,73521.65,0.6177,0.4858,0.4787,0.4287,68,
2026-05-30 02:49:37,73510.05,0.4496,0.2593,0.3178,-0.7227,98,
2026-05-30 02:49:47,73510.05,0.1612,0.223,0.4152,0.0001,1,
2026-05-30 02:49:57,73510.05,0.3832,0.3252,0.3451,-0.0089,5,
2026-05-30 02:50:07,73482.65,0.3349,0.3896,0.3723,-4.1294,236,
2026-05-30 02:50:17,73452.65,0.4805,0.477,0.3591,-0.5759,104,
2026-05-30 02:50:27,73452.65,0.4738,0.4472,0.4373,-0.0001,1,
2026-05-30 02:50:37,73460.85,0.7472,0.4793,0.5068,0.4263,34,
2026-05-30 02:50:47,73460.85,0.695,0.6045,0.4408,-0.0024,1,
2026-05-30 02:50:57,73450.05,0.2393,0.3642,0.2816,-0.4676,52,
2026-05-30 02:51:07,73438.15,0.3152,0.2284,0.2093,-0.5671,70,
2026-05-30 02:51:17,73430.75,0.1889,0.3228,0.2461,-0.16,24,
2026-05-30 02:51:27,73420.35,0.2226,0.2097,0.233,-0.5166,49,
2026-05-30 02:51:37,73420.35,0.3474,0.2613,0.2706,-0.0082,2,
2026-05-30 02:51:47,73413.05,0.7868,0.5494,0.4018,-0.1196,26,
2026-05-30 02:51:57,73425.55,0.7242,0.5666,0.4553,0.4435,38,
2026-05-30 02:52:07,73434.85,0.8618,0.6075,0.4582,0.4391,134,
2026-05-30 02:52:17,73427.55,0.2661,0.2012,0.2614,-0.2602,61,
2026-05-30 02:52:27,73427.55,0.4401,0.2488,0.2942,-0.009,5,
2026-05-30 02:52:37,73416.05,0.5036,0.365,0.2826,-0.1277,30,
2026-05-30 02:52:47,73416.05,0.4633,0.4511,0.2252,0.0163,3,
2026-05-30 02:52:57,73415.75,0.0927,0.2626,0.2598,-0.0396,12,
2026-05-30 02:53:07,73422.75,0.8063,0.6567,0.4599,0.3445,65,
2026-05-30 02:53:17,73424.45,0.8616,0.7543,0.4694,0.0465,7,
2026-05-30 02:53:27,73428.75,0.7954,0.4491,0.4171,0.3987,47,
2026-05-30 02:53:37,73434.25,0.7927,0.7355,0.6015,0.1764,32,
2026-05-30 02:53:47,73413.25,0.6922,0.4459,0.4314,-3.2029,142,
2026-05-30 02:53:57,73418.55,0.8371,0.7237,0.4491,0.5836,40,
2026-05-30 02:54:07,73428.15,0.8674,0.6322,0.3338,0.4256,52,
2026-05-30 02:54:17,73428.15,0.6856,0.3616,0.3202,0.0,1,
2026-05-30 02:54:27,73429.75,0.8815,0.3797,0.3176,-0.16,26,
2026-05-30 02:54:37,73434.55,0.4434,0.2342,0.2504,0.1728,48,
2026-05-30 02:54:47,73437.95,0.5615,0.2869,0.2689,1.5576,20,
2026-05-30 02:54:57,73437.95,0.5491,0.5107,0.3559,-0.0701,3,
2026-05-30 02:55:07,73454.05,0.9037,0.5724,0.3563,1.2281,70,
2026-05-30 02:55:17,73451.75,0.4047,0.3763,0.3641,-0.1589,59,
2026-05-30 02:55:27,73451.75,0.4584,0.2613,0.368,-0.0058,3,
2026-05-30 02:55:37,73451.75,0.3213,0.3553,0.1921,-0.0668,11,
2026-05-30 02:55:47,73467.05,0.8565,0.6706,0.5325,0.5696,86,
2026-05-30 02:55:57,73478.15,0.5784,0.5655,0.5192,0.1871,39,
2026-05-30 02:56:07,73479.45,0.8306,0.731,0.4534,0.0216,18,
2026-05-30 02:56:17,73480.75,0.9377,0.5512,0.4785,0.3019,18,
2026-05-30 02:56:27,73485.45,0.9785,0.7198,0.4831,0.0796,19,
2026-05-30 02:56:37,73486.55,0.9613,0.4624,0.433,0.0083,9,
2026-05-30 02:56:47,73503.95,0.9209,0.8584,0.6301,0.8967,49,
2026-05-30 02:56:57,73503.95,0.8856,0.4255,0.5033,-0.0043,5,
2026-05-30 02:57:07,73497.05,0.4664,0.3954,0.2533,-0.4928,82,
2026-05-30 02:57:17,73497.05,0.3782,0.3126,0.3114,0.0057,3,
2026-05-30 02:57:27,73491.95,0.4565,0.3219,0.3635,-0.0731,28,
2026-05-30 02:57:37,73491.95,0.5449,0.5299,0.2108,0.0337,4,
2026-05-30 02:57:47,73491.95,0.5867,0.5423,0.2658,-0.014,6,
2026-05-30 02:57:57,73491.95,0.7561,0.6247,0.2457,-0.0,8,
2026-05-30 02:58:07,73492.95,0.1418,0.3582,0.178,0.1012,25,
2026-05-30 02:58:17,73489.35,0.8271,0.6382,0.3932,-0.0336,27,
2026-05-30 02:58:27,73489.35,0.8203,0.6779,0.4748,0.0227,12,
2026-05-30 02:58:37,73496.75,0.1274,0.146,0.1344,0.2634,28,
2026-05-30 02:58:47,73480.55,0.0173,0.1469,0.3395,-1.0298,125,
2026-05-30 02:58:57,73487.75,0.6362,0.5659,0.374,0.2385,19,
2026-05-30 02:59:07,73487.75,0.5285,0.5415,0.3225,-0.2984,7,
2026-05-30 02:59:17,73487.75,0.7216,0.3727,0.2748,-0.0079,3,
2026-05-30 02:59:27,73492.25,0.1957,0.1797,0.1979,-0.0268,71,
2026-05-30 02:59:37,73489.05,0.0202,0.0923,0.1406,-0.2545,51,
2026-05-30 02:59:47,73488.55,0.0681,0.15,0.1746,-0.0417,15,
2026-05-30 02:59:57,73487.55,0.1532,0.1836,0.1864,-0.0516,19,
2026-05-30 03:00:07,73459.95,0.3003,0.3322,0.2224,-1.9317,161,
2026-05-30 03:00:17,73457.25,0.3966,0.37,0.2406,-0.0686,23,
2026-05-30 03:00:27,73457.25,0.4883,0.4862,0.2323,0.0217,4,
2026-05-30 03:00:37,73457.25,0.3374,0.4136,0.2186,-0.0089,4,
2026-05-30 03:00:47,73439.65,0.2368,0.2043,0.2039,-0.1839,47,
2026-05-30 03:00:57,73430.35,0.2181,0.3403,0.2238,-0.1371,50,
2026-05-30 03:01:07,73424.45,0.2362,0.319,0.3637,-0.0506,23,
2026-05-30 03:01:17,73428.95,0.6887,0.4957,0.2786,0.2858,17,
2026-05-30 03:01:27,73428.95,0.4228,0.432,0.2162,0.0,2,
2026-05-30 03:01:37,73424.05,0.7962,0.634,0.2493,-0.2135,37,
2026-05-30 03:01:47,73424.05,0.6366,0.569,0.2316,-0.0198,9,
2026-05-30 03:01:57,73423.45,0.2816,0.3052,0.1966,-0.1227,18,
2026-05-30 03:02:07,73423.85,0.6179,0.5256,0.2455,0.2923,31,
2026-05-30 03:02:17,73428.45,0.7465,0.6249,0.4177,0.1304,21,
2026-05-30 03:02:27,73419.05,0.8327,0.7364,0.5852,-0.2331,59,
2026-05-30 03:02:37,73419.05,0.834,0.7106,0.536,0.0049,10,
2026-05-30 03:02:47,73432.05,0.3947,0.4881,0.3751,0.2969,67,
2026-05-30 03:02:57,73432.05,0.2303,0.1998,0.1893,-0.0467,18,
2026-05-30 03:03:07,73441.55,0.6076,0.5452,0.3702,0.5354,48,
2026-05-30 03:03:18,73446.75,0.874,0.3901,0.4095,-1.0118,65,
2026-05-30 03:03:28,73464.95,0.5732,0.4915,0.5201,0.5617,80,
2026-05-30 03:03:38,73456.95,0.3944,0.4409,0.2809,-0.3261,45,
2026-05-30 03:03:48,73453.75,0.3058,0.2985,0.2324,-0.0618,16,
2026-05-30 03:03:58,73453.75,0.5941,0.2923,0.2909,0.0544,7,
2026-05-30 03:04:08,73466.45,0.7622,0.6191,0.3919,0.4454,70,
2026-05-30 03:04:18,73466.45,0.4447,0.477,0.3561,-0.001,3,
2026-05-30 03:04:28,73466.45,0.5678,0.5309,0.2834,0.0005,1,
2026-05-30 03:04:38,73468.25,0.3072,0.3433,0.3796,0.0874,19,
2026-05-30 03:04:48,73463.25,0.7073,0.33,0.3852,-0.4808,78,
2026-05-30 03:04:58,73473.15,0.7377,0.6025,0.2916,0.4003,48,
2026-05-30 03:05:08,73484.85,0.7751,0.5424,0.2407,0.5893,29,
2026-05-30 03:05:18,73468.15,0.896,0.8254,0.3232,-0.9127,106,
2026-05-30 03:05:28,73474.25,0.8439,0.7115,0.5108,0.1612,31,
2026-05-30 03:05:38,73476.15,0.7046,0.6233,0.4548,0.0105,10,
2026-05-30 03:05:48,73459.15,0.4377,0.402,0.4628,-0.4133,73,
2026-05-30 03:05:58,73459.15,0.8576,0.6709,0.3849,0.0016,3,
2026-05-30 03:06:08,73468.05,0.713,0.5722,0.3984,0.2817,30,
2026-05-30 03:06:18,73468.05,0.6399,0.5619,0.3873,0.0001,1,
2026-05-30 03:06:28,73468.05,0.53,0.4397,0.3639,0.0001,2,
2026-05-30 03:06:38,73465.75,0.2487,0.2133,0.1963,-0.1105,27,
2026-05-30 03:06:48,73465.75,0.487,0.4611,0.2342,0.0014,1,
2026-05-30 03:06:58,73465.75,0.4313,0.4524,0.235,-0.0008,2,
2026-05-30 03:07:08,73468.05,0.5722,0.4994,0.2486,0.2091,30,
2026-05-30 03:07:18,73469.15,0.0156,0.1159,0.1776,-0.0426,35,
2026-05-30 03:07:28,73476.15,0.5819,0.5837,0.3017,0.2106,24,
2026-05-30 03:07:38,73476.15,0.6157,0.3383,0.2529,0.0,2,
2026-05-30 03:07:48,73476.15,0.6603,0.6214,0.2922,-0.0029,2,
2026-05-30 03:07:58,73476.15,0.5832,0.3176,0.2806,-0.0006,1,
2026-05-30 03:08:08,73479.65,0.7437,0.5569,0.2668,0.1675,38,
2026-05-30 03:08:18,73483.55,0.6604,0.5074,0.2995,0.2517,13,
2026-05-30 03:08:28,73499.95,0.8493,0.7137,0.5753,0.5838,73,
2026-05-30 03:08:38,73517.75,0.5813,0.2548,0.258,0.4356,56,
2026-05-30 03:08:48,73495.75,0.9031,0.7265,0.4481,-0.7539,97,
2026-05-30 03:08:58,73474.35,0.3796,0.4309,0.3714,-0.7421,94,
2026-05-30 03:09:08,73471.85,0.5081,0.4846,0.4125,0.1942,42,
2026-05-30 03:09:18,73471.85,0.077,0.1242,0.2715,0.011,6,
2026-05-30 03:09:28,73455.45,0.8237,0.702,0.5668,-0.2299,133,
2026-05-30 03:09:38,73455.45,0.8192,0.7068,0.5649,0.0001,1,
2026-05-30 03:09:58,73457.65,0.6118,0.5354,0.508,0.0912,18,
2026-05-30 03:10:08,73457.65,0.4326,0.4545,0.4875,-0.0046,10,
2026-05-30 03:10:18,73450.85,0.8401,0.7219,0.373,0.0048,31,
2026-05-30 03:10:28,73464.75,0.804,0.5641,0.42,0.6347,72,
2026-05-30 03:10:38,73464.75,0.7445,0.3513,0.4541,-0.0176,5,
2026-05-30 03:10:48,73444.45,0.8098,0.4272,0.3228,-0.4629,122,
2026-05-30 03:10:58,73444.45,0.8913,0.6498,0.4358,-0.0001,3,
2026-05-30 03:11:08,73454.05,0.9767,0.6966,0.5019,0.1392,35,
2026-05-30 03:11:18,73463.15,0.9435,0.6568,0.4861,0.2208,45,
2026-05-30 03:11:28,73456.35,0.5589,0.5008,0.3348,-0.1506,51,
2026-05-30 03:11:38,73456.35,0.2583,0.3752,0.3053,-0.0028,3,
2026-05-30 03:11:48,73441.95,0.2456,0.3329,0.2453,-0.7705,86,
2026-05-30 03:11:58,73439.45,0.8448,0.6542,0.3075,0.0107,9,
2026-05-30 03:12:08,73452.15,0.4753,0.4852,0.2881,0.5207,59,
2026-05-30 03:12:18,73452.15,0.091,0.2111,0.2683,0.0001,2,
2026-05-30 03:12:28,73452.15,0.4166,0.2303,0.2925,-0.0074,2,
2026-05-30 03:12:38,73431.35,0.441,0.615,0.5757,-0.3596,73,
2026-05-30 03:12:48,73431.35,0.6121,0.5764,0.3161,0.0381,6,
2026-05-30 03:12:58,73430.95,0.707,0.6124,0.2489,-0.2213,19,
2026-05-30 03:13:08,73418.65,0.1362,0.2296,0.1972,-1.4313,97,
2026-05-30 03:13:18,73397.05,0.2509,0.3198,0.2173,-0.6325,59,
2026-05-30 03:13:28,73403.75,0.6323,0.6188,0.3381,0.3747,39,
2026-05-30 03:13:38,73403.75,0.6409,0.5457,0.286,-0.0073,6,
2026-05-30 03:13:48,73400.75,0.4077,0.4591,0.2523,-0.1329,28,
2026-05-30 03:13:58,73408.35,0.7739,0.6151,0.4558,0.1953,32,
2026-05-30 03:14:08,73415.65,0.777,0.6856,0.5509,0.4416,33,
2026-05-30 03:14:18,73420.35,0.9738,0.7449,0.4126,0.182,39,
2026-05-30 03:14:28,73427.65,0.8093,0.7459,0.5368,0.2146,35,
2026-05-30 03:14:38,73427.65,0.4501,0.2888,0.3861,0.0,2,
2026-05-30 03:14:48,73413.45,0.1056,0.3561,0.3489,-0.4348,66,
2026-05-30 03:14:58,73413.45,0.2224,0.2553,0.2477,0.0059,3,
2026-05-30 03:15:08,73437.05,0.8435,0.7471,0.6815,1.5217,103,
2026-05-30 03:15:18,73437.05,0.7135,0.512,0.3795,-0.0156,3,
2026-05-30 03:15:28,73446.85,0.1673,0.3047,0.2696,0.046,45,
2026-05-30 03:15:38,73446.65,0.0602,0.1031,0.1849,-0.0692,9,
2026-05-30 03:15:48,73463.95,0.5577,0.48,0.3463,-0.6193,205,
2026-05-30 03:15:58,73466.45,0.5165,0.2304,0.2918,0.0086,147,
2026-05-30 03:16:08,73473.85,0.7619,0.6954,0.5466,0.8568,35,
2026-05-30 03:16:18,73473.85,0.8873,0.738,0.5041,-0.0087,6,
2026-05-30 03:16:28,73460.95,0.7271,0.584,0.3068,-0.49,64,
2026-05-30 03:16:38,73472.75,0.7665,0.6942,0.4828,0.2946,60,
2026-05-30 03:16:48,73454.35,0.8613,0.7333,0.3613,-0.8592,110,
2026-05-30 03:16:58,73454.15,0.1127,0.2014,0.2459,-0.1134,17,
2026-05-30 03:17:08,73448.55,0.8715,0.5262,0.3172,-0.0963,22,
2026-05-30 03:17:18,73448.55,0.886,0.58,0.4,0.0,1,
2026-05-30 03:17:28,73436.05,0.4569,0.5177,0.242,-0.1625,61,
2026-05-30 03:17:38,73427.05,0.4871,0.4827,0.2529,-0.2425,44,
2026-05-30 03:17:48,73419.05,0.1186,0.2784,0.1661,-0.5054,39,
2026-05-30 03:17:58,73404.75,0.8329,0.5596,0.4088,-0.1326,91,
2026-05-30 03:18:08,73410.75,0.8516,0.6938,0.428,0.1173,23,
2026-05-30 03:18:18,73433.75,0.979,0.6047,0.3959,0.4962,104,
2026-05-30 03:18:28,73446.65,0.6642,0.5417,0.4237,0.3377,36,
2026-05-30 03:18:38,73444.75,0.0594,0.1,0.1989,-0.4016,59,
2026-05-30 03:18:48,73429.85,0.4391,0.5039,0.3153,-0.6831,71,
2026-05-30 03:18:58,73432.45,0.8856,0.683,0.4553,0.1728,30,
2026-05-30 03:19:08,73429.55,0.1125,0.3145,0.2324,-0.0792,17,
2026-05-30 03:19:18,73422.45,0.513,0.501,0.2742,-0.0169,50,
2026-05-30 03:19:28,73422.45,0.6366,0.5232,0.2594,0.0652,4,
2026-05-30 03:19:38,73422.45,0.581,0.5177,0.2605,-0.0076,3,
2026-05-30 03:19:48,73428.35,0.8335,0.6798,0.3356,0.2721,34,
2026-05-30 03:19:58,73426.15,0.1395,0.3552,0.2241,-0.0445,48,
2026-05-30 03:20:08,73442.35,0.8582,0.7318,0.5381,1.2115,63,
2026-05-30 03:20:18,73442.35,0.7278,0.6268,0.2853,-0.0194,7,
2026-05-30 03:20:28,73442.35,0.4278,0.2866,0.285,-0.0175,4,
2026-05-30 03:20:38,73442.35,0.7298,0.3075,0.3028,-0.0261,4,
2026-05-30 03:20:48,73448.05,0.2695,0.3139,0.2737,0.1464,36,
2026-05-30 03:20:58,73443.55,0.1625,0.2657,0.2168,-0.1103,24,
2026-05-30 03:21:08,73443.55,0.5237,0.2451,0.2126,0.0001,1,
2026-05-30 03:21:18,73426.85,0.4584,0.4386,0.2262,-0.4238,67,
2026-05-30 03:21:28,73423.95,0.3386,0.5023,0.3207,-0.0423,11,
2026-05-30 03:21:38,73396.65,0.5358,0.4381,0.225,-0.5171,77,
2026-05-30 03:21:48,73395.05,0.5152,0.5129,0.279,0.0615,53,
2026-05-30 03:21:58,73390.25,0.2441,0.2091,0.1891,-0.1589,47,
2026-05-30 03:22:08,73390.25,0.4211,0.2586,0.2283,0.0072,7,
2026-05-30 03:22:18,73387.05,0.492,0.3664,0.2627,-0.5372,88,
2026-05-30 03:22:28,73366.65,0.4498,0.4185,0.2272,-1.5076,198,
2026-05-30 03:22:38,73353.05,0.3172,0.3397,0.2007,-0.3373,22,
2026-05-30 03:22:48,73348.55,0.4216,0.3951,0.1926,-0.0457,16,
2026-05-30 03:22:58,73340.85,0.9376,0.768,0.5004,-0.4474,99,
2026-05-30 03:23:08,73339.25,0.4975,0.431,0.3156,0.1476,51,
2026-05-30 03:23:18,73321.05,0.8057,0.5845,0.9491,0.5176,173,
2026-05-30 03:23:28,73344.55,0.6798,0.449,0.3928,1.0082,102,
2026-05-30 03:23:38,73340.05,0.2801,0.3701,0.3631,-0.1896,23,
2026-05-30 03:23:48,73340.05,0.1743,0.3577,0.3145,-0.1068,9,
2026-05-30 03:23:58,73338.75,0.4825,0.2163,0.2497,-0.0155,26,
2026-05-30 03:24:08,73356.15,0.0128,0.0902,0.1624,0.9207,154,
2026-05-30 03:24:18,73363.75,0.9302,0.7539,0.4806,0.8057,115,
2026-05-30 03:24:28,73372.95,0.6019,0.3253,0.3315,0.2404,43,
2026-05-30 03:24:38,73372.95,0.1448,0.1501,0.1906,0.0004,8,
2026-05-30 03:24:48,73372.95,0.2992,0.2662,0.3516,-0.0002,2,
2026-05-30 03:24:58,73352.35,0.1841,0.3855,0.2973,-0.4346,63,
2026-05-30 03:25:08,73361.25,0.6595,0.6508,0.509,0.3689,95,
2026-05-30 03:25:18,73361.25,0.4808,0.5227,0.509,-0.0696,4,
2026-05-30 03:25:28,73393.45,0.4782,0.5502,0.2913,2.0854,136,
2026-05-30 03:25:38,73401.85,0.1641,0.3373,0.2784,1.4335,69,
2026-05-30 03:25:48,73395.15,0.3008,0.3067,0.2315,2.4,97,
2026-05-30 03:25:58,73390.55,0.6598,0.5725,0.2774,-0.1626,26,
2026-05-30 03:26:08,73385.25,0.3458,0.4122,0.2417,-1.0893,84,
2026-05-30 03:26:18,73385.25,0.4195,0.3567,0.22,-0.0343,18,
2026-05-30 03:26:28,73389.15,0.9295,0.87,0.3368,0.1453,29,
2026-05-30 03:26:38,73391.35,0.9064,0.7855,0.5766,0.0381,11,
2026-05-30 03:26:48,73395.25,0.7866,0.3763,0.4364,0.1198,23,
2026-05-30 03:26:58,73396.55,0.7159,0.3312,0.2626,0.0571,9,
2026-05-30 03:27:08,73396.55,0.6868,0.359,0.3778,-0.0003,2,
2026-05-30 03:27:18,73392.05,0.2075,0.2912,0.2021,-0.0615,19,
2026-05-30 03:27:28,73387.65,0.4722,0.485,0.3359,-0.0407,15,
2026-05-30 03:27:38,73381.05,0.3333,0.4279,0.3534,-0.8037,43,
2026-05-30 03:27:48,73381.05,0.3722,0.4809,0.3501,-0.0595,13,
2026-05-30 03:27:58,73393.55,0.8353,0.3747,0.3964,0.3587,62,
2026-05-30 03:28:08,73396.65,0.8203,0.4076,0.4162,-0.0276,10,
2026-05-30 03:28:18,73405.85,0.8657,0.4621,0.4166,0.439,37,
2026-05-30 03:28:28,73405.85,0.8152,0.4014,0.4473,-0.1173,6,
2026-05-30 03:28:38,73406.15,0.9663,0.5961,0.4222,0.3503,23,
2026-05-30 03:28:48,73396.95,0.3159,0.384,0.2188,-0.2178,36,
2026-05-30 03:29:08,73384.85,0.4864,0.5698,0.3141,-0.798,70,
2026-05-30 03:29:18,73384.85,0.7763,0.6996,0.3106,0.0365,11,
2026-05-30 03:29:28,73389.95,0.8738,0.7311,0.4906,0.2727,39,
2026-05-30 03:29:38,73389.95,0.8432,0.7096,0.46,-0.0219,7,
2026-05-30 03:29:48,73389.95,0.3706,0.2642,0.2428,-0.0174,3,
2026-05-30 03:29:58,73387.55,0.4782,0.5007,0.4104,-0.0319,39,
2026-05-30 03:30:08,73392.65,0.9315,0.8038,0.4715,0.1837,30,
2026-05-30 03:30:18,73403.75,0.7311,0.6439,0.4069,0.5981,40,
2026-05-30 03:30:28,73407.75,0.6304,0.6577,0.2863,-0.0752,89,
2026-05-30 03:30:38,73407.75,0.185,0.2124,0.3688,-0.0355,6,
2026-05-30 03:30:48,73407.75,0.5098,0.293,0.2981,-0.0208,6,
2026-05-30 03:30:58,73401.85,0.4532,0.2656,0.2492,-0.2759,57,
2026-05-30 03:31:08,73401.85,0.3948,0.2406,0.2321,-0.0078,9,
2026-05-30 03:31:18,73392.45,0.1014,0.254,0.219,-0.1722,45,
2026-05-30 03:31:28,73392.45,0.2291,0.2909,0.1865,-0.008,5,
2026-05-30 03:31:38,73383.65,0.7437,0.7383,0.3349,-0.0869,49,
2026-05-30 03:31:48,73388.25,0.7803,0.519,0.4581,0.3077,35,
2026-05-30 03:31:58,73385.55,0.1434,0.2046,0.2112,-0.1814,30,
2026-05-30 03:32:08,73384.55,0.5737,0.5167,0.2791,-0.2015,32,
2026-05-30 03:32:18,73384.55,0.0392,0.1947,0.2079,0.0362,29,
2026-05-30 03:32:28,73375.75,0.3908,0.4849,0.3672,-0.1443,46,
2026-05-30 03:32:38,73374.45,0.2146,0.3487,0.3587,-0.1466,36,
2026-05-30 03:32:48,73381.15,0.9005,0.7919,0.5236,0.2818,35,
2026-05-30 03:32:58,73381.15,0.8661,0.7517,0.5142,0.0,1,
2026-05-30 03:33:08,73386.35,0.8961,0.7572,0.3577,0.3214,39,
2026-05-30 03:33:18,73386.35,0.7206,0.5736,0.4328,-0.0902,5,
2026-05-30 03:33:28,73358.15,0.957,0.7201,0.4325,-5.5114,153,
2026-05-30 03:33:38,73363.75,0.7515,0.5942,0.3509,0.081,36,
2026-05-30 03:33:48,73378.95,0.424,0.4353,0.5957,1.6751,73,
2026-05-30 03:33:58,73372.75,0.4892,0.2604,0.4234,-0.0324,35,
2026-05-30 03:34:08,73372.75,0.3567,0.3752,0.3879,0.0045,4,
2026-05-30 03:34:18,73364.05,0.0903,0.3568,0.5059,-0.2374,32,
2026-05-30 03:34:28,73364.05,0.1483,0.1739,0.2369,0.0116,5,
2026-05-30 03:34:38,73373.55,0.4939,0.5418,0.5116,2.4077,81,
2026-05-30 03:34:48,73373.55,0.6427,0.3474,0.4043,0.125,6,
2026-05-30 03:34:58,73373.55,0.6386,0.3449,0.4127,-0.0007,1,
2026-05-30 03:35:08,73342.35,0.5572,0.4021,0.4306,-0.0378,124,
2026-05-30 03:35:18,73324.15,0.7989,0.6114,0.9379,-2.0366,103,
2026-05-30 03:35:28,73326.45,0.816,0.5895,0.2338,0.1544,23,
2026-05-30 03:35:38,73334.45,0.8422,0.7316,0.4476,0.5592,49,
2026-05-30 03:35:48,73338.25,0.9176,0.7654,0.3948,0.172,19,
2026-05-30 03:35:58,73340.85,0.2904,0.3203,0.309,0.1094,20,
2026-05-30 03:36:08,73329.45,0.5489,0.536,0.2453,-0.6346,77,
2026-05-30 03:36:18,73327.55,0.3504,0.451,0.9302,-0.2041,10,
2026-05-30 03:36:28,73327.55,0.6344,0.6152,0.9303,-0.0073,6,
2026-05-30 03:36:48,73329.45,0.8739,0.5299,0.3233,0.1444,26,
2026-05-30 03:36:58,73330.65,0.9099,0.6582,0.3754,0.0867,19,
2026-05-30 03:37:08,73336.05,0.9278,0.652,0.44,0.0818,18,
2026-05-30 03:37:18,73346.05,0.8819,0.7674,0.3422,0.1837,44,
2026-05-30 03:37:38,73346.05,0.6188,0.6324,0.462,-0.0307,16,
2026-05-30 03:37:48,73346.05,0.2505,0.4121,0.32,-0.0037,4,
2026-05-30 03:37:58,73346.05,0.3465,0.2568,0.3252,-0.004,3,
2026-05-30 03:38:08,73346.05,0.2242,0.2334,0.3112,-0.0413,7,
2026-05-30 03:38:18,73343.75,0.3639,0.4421,0.2926,-0.137,32,
2026-05-30 03:38:28,73352.35,0.7422,0.6145,0.4966,0.2467,76,
2026-05-30 03:38:38,73364.05,0.7711,0.433,0.303,0.5063,63,
2026-05-30 03:38:48,73364.05,0.6481,0.3266,0.3698,-0.0177,3,
2026-05-30 03:38:58,73361.75,0.26,0.3226,0.2796,-0.1945,35,
2026-05-30 03:39:08,73361.75,0.4455,0.4701,0.3519,-0.0008,9,
2026-05-30 03:39:18,73361.75,0.5205,0.5199,0.4138,-0.0078,3,
2026-05-30 03:39:38,73361.75,0.5109,0.4722,0.3356,0.0001,1,
2026-05-30 03:39:58,73361.75,0.4635,0.4461,0.2989,-0.1055,25,
2026-05-30 03:40:08,73361.75,0.2067,0.3146,0.305,-0.0029,7,
2026-05-30 03:40:18,73369.95,0.7846,0.7282,0.4859,0.3088,45,
2026-05-30 03:40:28,73372.85,0.5813,0.5148,0.4169,0.2381,31,
2026-05-30 03:40:39,73380.25,0.5108,0.4158,0.4362,0.9055,58,
2026-05-30 03:40:49,73380.25,0.4755,0.4903,0.4337,-0.0081,6,
2026-05-30 03:40:59,73380.25,0.5992,0.5621,0.3544,-0.1361,18,
2026-05-30 03:41:09,73383.95,0.6273,0.561,0.5023,0.2321,37,
2026-05-30 03:41:19,73383.95,0.6068,0.4505,0.3618,-0.0365,6,
2026-05-30 03:41:29,73387.45,0.1179,0.1496,0.2455,-0.0313,99,
2026-05-30 03:41:39,73386.15,0.0666,0.1196,0.3038,-0.0678,16,
2026-05-30 03:41:49,73380.05,0.2227,0.3663,0.2392,-0.1287,38,
2026-05-30 03:41:59,73380.05,0.7475,0.7279,0.3786,-0.1421,11,
2026-05-30 03:42:09,73391.75,0.4589,0.2335,0.3144,0.9646,92,
2026-05-30 03:42:19,73391.75,0.6718,0.4472,0.3336,-0.0013,2,
2026-05-30 03:42:29,73389.35,0.2188,0.1698,0.2701,-0.6153,83,
2026-05-30 03:42:39,73389.35,0.1827,0.1328,0.2594,-0.0821,25,
2026-05-30 03:42:49,73389.35,0.2943,0.1755,0.346,-0.0015,4,
2026-05-30 03:42:59,73389.35,0.4701,0.275,0.2797,-0.0332,6,
2026-05-30 03:43:09,73389.35,0.3351,0.2154,0.2581,-0.0131,8,
2026-05-30 03:43:19,73389.35,0.3964,0.2363,0.269,-0.0001,2,
2026-05-30 03:43:29,73399.95,0.7937,0.5869,0.3446,0.3629,71,
2026-05-30 03:43:39,73395.35,0.2719,0.1988,0.2032,-0.2322,42,
2026-05-30 03:43:59,73399.95,0.725,0.5623,0.3958,0.2275,27,
2026-05-30 03:44:09,73405.25,0.6963,0.6544,0.4763,0.3621,70,
2026-05-30 03:44:19,73414.95,0.9007,0.4467,0.3624,0.4051,92,
2026-05-30 03:44:29,73414.95,0.9004,0.3951,0.3765,0.0465,8,
2026-05-30 03:44:39,73421.15,0.4533,0.2799,0.3466,-0.0201,38,
2026-05-30 03:44:49,73435.05,0.339,0.3517,0.5031,1.7446,82,
2026-05-30 03:44:59,73435.05,0.4394,0.2561,0.3525,0.0,2,
2026-05-30 03:45:09,73412.45,0.3814,0.4093,0.3609,-0.6149,99,
2026-05-30 03:45:19,73412.45,0.3798,0.4325,0.4043,-0.0172,6,
2026-05-30 03:45:29,73406.65,0.3555,0.4256,0.4385,-0.3109,70,
2026-05-30 03:45:39,73406.65,0.8957,0.7016,0.51,0.049,14,
2026-05-30 03:45:49,73406.65,0.7884,0.6814,0.5588,0.0904,15,
2026-05-30 03:45:59,73419.65,0.7781,0.6449,0.4831,0.5149,60,
2026-05-30 03:46:09,73419.65,0.6773,0.3243,0.4038,0.0119,5,
2026-05-30 03:46:19,73432.85,0.7837,0.6356,0.599,0.3188,55,
2026-05-30 03:46:29,73429.35,0.4666,0.4338,0.3775,-0.3593,59,
2026-05-30 03:46:39,73429.35,0.6295,0.5933,0.4316,-0.0019,5,
2026-05-30 03:46:49,73429.15,0.2009,0.3322,0.4211,0.034,31,
2026-05-30 03:46:59,73426.75,0.427,0.4758,0.3978,-0.1194,26,
2026-05-30 03:47:09,73420.45,0.3717,0.48,0.4569,-0.4052,86,
2026-05-30 03:47:19,73427.45,0.9696,0.8383,0.6545,0.317,58,
2026-05-30 03:47:29,73426.45,0.3886,0.4425,0.3714,-0.3857,45,
2026-05-30 03:47:39,73426.45,0.278,0.3716,0.4476,-0.0441,14,
2026-05-30 03:47:49,73426.45,0.3905,0.4715,0.459,-0.0003,4,
2026-05-30 03:47:59,73426.45,0.3838,0.4663,0.4467,-0.0014,1,
2026-05-30 03:48:09,73421.85,0.5882,0.6229,0.4949,-0.1741,35,
2026-05-30 03:48:19,73412.55,0.5122,0.5139,0.331,-1.2457,117,
2026-05-30 03:48:29,73412.55,0.4844,0.5135,0.4559,-0.0001,2,
2026-05-30 03:48:39,73419.25,0.7354,0.6816,0.5302,0.1614,25,
2026-05-30 03:48:49,73419.65,0.8188,0.776,0.6083,0.397,22,
2026-05-30 03:48:59,73432.75,0.614,0.5369,0.4302,0.7836,76,
2026-05-30 03:49:09,73432.75,0.6797,0.5798,0.6232,-0.0124,6,
2026-05-30 03:49:19,73436.45,0.8208,0.7566,0.6736,0.2879,30,
2026-05-30 03:49:39,73436.45,0.7516,0.7486,0.6173,-0.0558,6,
2026-05-30 03:49:49,73438.65,0.9716,0.8478,0.4941,0.0267,20,
2026-05-30 03:49:59,73438.65,0.5294,0.5714,0.6352,0.1079,8,
2026-05-30 03:50:09,73438.95,0.796,0.5923,0.3738,-0.8387,114,
2026-05-30 03:50:19,73444.95,0.8266,0.5899,0.6313,0.4828,32,
2026-05-30 03:50:29,73444.95,0.5516,0.436,0.387,0.0254,6,
2026-05-30 03:50:39,73446.75,0.9502,0.4701,0.5383,0.0618,19,
2026-05-30 03:50:49,73448.65,0.8996,0.5765,0.6038,0.045,14,
2026-05-30 03:50:59,73447.85,0.7174,0.3745,0.4397,-0.3652,40,
2026-05-30 03:51:09,73454.55,0.7185,0.6313,0.4306,0.386,32,
2026-05-30 03:51:19,73462.95,0.9029,0.7546,0.6776,0.6688,32,
2026-05-30 03:51:29,73468.95,0.8879,0.7598,0.4853,0.0396,16,
2026-05-30 03:51:39,73476.65,0.7988,0.594,0.4295,0.1713,27,
2026-05-30 03:51:49,73469.85,0.4837,0.478,0.5416,-0.3482,61,
2026-05-30 03:51:59,73474.35,0.6583,0.3865,0.5527,0.0041,16,
2026-05-30 03:52:09,73478.75,0.7536,0.7212,0.5521,0.1201,27,
2026-05-30 03:52:19,73476.25,0.5496,0.5982,0.5212,-0.1173,49,
2026-05-30 03:52:29,73476.25,0.7715,0.7457,0.6936,0.1036,22,
2026-05-30 03:52:39,73477.05,0.9239,0.844,0.7207,0.1148,15,
2026-05-30 03:52:49,73477.05,0.4643,0.4993,0.6682,0.0421,7,
2026-05-30 03:52:59,73477.05,0.5178,0.5356,0.6787,-0.0027,4,
2026-05-30 03:53:09,73474.35,0.4193,0.4907,0.6252,-0.215,48,
2026-05-30 03:53:19,73480.05,0.9129,0.814,0.5887,0.135,36,
2026-05-30 03:53:29,73486.85,0.8263,0.7187,0.3522,0.0813,29,
2026-05-30 03:53:39,73485.95,0.6289,0.6108,0.4889,-0.124,32,
2026-05-30 03:53:49,73490.65,0.7956,0.6926,0.5386,0.1189,35,
2026-05-30 03:53:59,73482.55,0.1332,0.3618,0.4723,0.8375,206,
2026-05-30 03:54:09,73473.55,0.4906,0.5192,0.5136,-0.187,28,
2026-05-30 03:54:19,73478.65,0.2345,0.3721,0.4025,0.2079,54,
2026-05-30 03:54:29,73478.65,0.2001,0.291,0.2831,-0.0009,7,
2026-05-30 03:54:39,73476.25,0.5267,0.4616,0.3832,-0.0344,27,
2026-05-30 03:54:49,73473.85,0.0332,0.14,0.2778,-0.083,26,
2026-05-30 03:54:59,73478.65,0.8018,0.6548,0.4415,0.1705,35,
2026-05-30 03:55:09,73478.65,0.3403,0.2299,0.3123,0.0001,1,
2026-05-30 03:55:19,73478.65,0.4143,0.3086,0.4945,-0.0016,4,
2026-05-30 03:55:29,73476.25,0.5121,0.4875,0.3449,-0.0923,26,
2026-05-30 03:55:39,73476.25,0.9164,0.7087,0.3947,0.0149,13,
2026-05-30 03:55:49,73476.25,0.9101,0.7159,0.3757,-0.0027,3,
2026-05-30 03:55:59,73473.85,0.3553,0.4339,0.4517,-1.0421,34,
2026-05-30 03:56:09,73473.85,0.5588,0.5867,0.5471,0.0014,5,
2026-05-30 03:56:19,73476.25,0.8052,0.7171,0.5507,0.1306,38,
2026-05-30 03:56:29,73479.35,0.8586,0.753,0.4024,0.0676,29,
2026-05-30 03:56:39,73481.65,0.8378,0.7606,0.3618,0.0395,11,
2026-05-30 03:56:59,73481.65,0.2458,0.2929,0.2802,0.0001,1,
2026-05-30 03:57:09,73470.95,0.0342,0.1699,0.3524,-0.4095,70,
2026-05-30 03:57:19,73470.95,0.0879,0.2127,0.2198,0.0012,7,
2026-05-30 03:57:39,73468.25,0.639,0.6444,0.4156,-0.0606,14,
2026-05-30 03:57:59,73468.25,0.2829,0.3907,0.5692,0.0001,1,
2026-05-30 03:58:09,73468.25,0.3564,0.4551,0.5019,0.0004,2,
2026-05-30 03:58:19,73468.25,0.4513,0.5249,0.5233,-0.0114,4,
2026-05-30 03:58:29,73468.25,0.2074,0.3437,0.5634,-0.0259,6,
2026-05-30 03:58:39,73465.95,0.8574,0.745,0.6916,0.0107,23,
2026-05-30 03:58:49,73465.95,0.8218,0.5608,0.571,0.0228,9,
2026-05-30 03:58:59,73469.15,0.8622,0.8197,0.7917,0.2739,56,
2026-05-30 03:59:09,73469.15,0.7217,0.598,0.5694,-0.0181,6,
2026-05-30 03:59:19,73469.15,0.7548,0.7314,0.7416,0.0008,2,
2026-05-30 03:59:29,73469.15,0.7783,0.7469,0.7793,0.0,1,
2026-05-30 03:59:39,73469.15,0.6156,0.5103,0.5025,0.0001,2,
2026-05-30 03:59:49,73469.15,0.5419,0.5603,0.6784,-0.0161,5,
2026-05-30 03:59:59,73467.55,0.5675,0.5537,0.5559,-0.4768,42,
2026-05-30 04:00:09,73518.65,0.2276,0.2945,0.3273,1.1287,184,
2026-05-30 04:00:19,73504.35,0.3536,0.418,0.3683,-0.0966,22,
2026-05-30 04:00:29,73504.35,0.2617,0.3857,0.3208,-0.0574,30,
2026-05-30 04:00:39,73490.25,0.2388,0.3544,0.2276,-0.3359,37,
2026-05-30 04:00:49,73490.25,0.3478,0.3929,0.2546,-0.0038,25,
2026-05-30 04:00:59,73482.45,0.0536,0.2074,0.2336,-0.0982,38,
2026-05-30 04:01:09,73478.25,0.1185,0.1916,0.2109,-0.1178,36,
2026-05-30 04:01:19,73478.25,0.1511,0.2105,0.2421,0.0122,4,
2026-05-30 04:01:29,73471.05,0.1727,0.2863,0.2995,-0.3208,47,
2026-05-30 04:01:39,73471.05,0.1773,0.2925,0.3976,0.0008,1,
2026-05-30 04:01:49,73471.05,0.2741,0.32,0.3238,-0.0043,7,
2026-05-30 04:01:59,73471.05,0.2839,0.338,0.4385,0.0,1,
2026-05-30 04:02:09,73470.85,0.0357,0.1632,0.3488,-0.2549,37,
2026-05-30 04:02:19,73470.85,0.1063,0.2181,0.2777,-0.0021,4,
2026-05-30 04:02:29,73468.65,0.1481,0.1938,0.2381,-0.0667,17,
2026-05-30 04:02:39,73459.15,0.0416,0.1065,0.1916,-0.4779,38,
2026-05-30 04:02:49,73454.35,0.826,0.7516,0.4951,0.6816,131,
2026-05-30 04:02:59,73458.55,0.5725,0.5604,0.5326,0.3086,36,
2026-05-30 04:03:19,73458.55,0.4784,0.5471,0.4988,0.0,2,
2026-05-30 04:03:29,73458.55,0.446,0.5209,0.5015,0.0,1,
2026-05-30 04:03:39,73458.55,0.1395,0.3527,0.4367,-0.0579,11,
2026-05-30 04:03:49,73458.55,0.2994,0.469,0.4717,-0.0041,2,
2026-05-30 04:03:59,73456.05,0.2303,0.3581,0.4229,-0.1972,23,
2026-05-30 04:04:09,73456.05,0.2493,0.3826,0.3413,-0.0182,6,
2026-05-30 04:04:19,73440.65,0.4044,0.29,0.2998,-0.7089,165,
2026-05-30 04:04:29,73440.65,0.4584,0.3968,0.2852,0.0017,5,
2026-05-30 04:04:39,73448.55,0.2535,0.376,0.4118,0.8754,164,
2026-05-30 04:04:49,73448.55,0.2789,0.2226,0.29,-0.0007,2,
2026-05-30 04:04:59,73451.35,0.7892,0.5292,0.3356,0.084,13,
2026-05-30 04:05:09,73451.35,0.5397,0.5018,0.4039,0.0001,1,
2026-05-30 04:05:19,73446.35,0.7468,0.6357,0.5422,0.7525,217,
2026-05-30 04:05:29,73446.35,0.7929,0.6414,0.5621,0.0,1,
2026-05-30 04:05:39,73446.35,0.3851,0.5026,0.4164,-0.0195,3,
2026-05-30 04:05:49,73442.65,0.0658,0.1814,0.2648,-0.326,33,
2026-05-30 04:05:59,73454.35,0.6658,0.7098,0.737,0.7492,99,
2026-05-30 04:06:09,73454.35,0.5402,0.6166,0.5697,0.0001,2,
2026-05-30 04:06:19,73446.35,0.2121,0.239,0.3393,-0.7735,64,
2026-05-30 04:06:29,73446.35,0.4717,0.505,0.4662,-0.0205,8,
2026-05-30 04:06:39,73446.35,0.4237,0.3203,0.4818,-0.0155,6,
2026-05-30 04:06:49,73446.35,0.3888,0.3029,0.402,-0.0082,3,
2026-05-30 04:06:59,73446.35,0.4511,0.3296,0.4771,0.0001,1,
2026-05-30 04:07:09,73452.45,0.9684,0.8259,0.6973,0.7755,92,
2026-05-30 04:07:19,73459.65,0.9112,0.7713,0.7596,0.5669,82,
2026-05-30 04:07:29,73460.55,0.9675,0.866,0.6241,0.2067,37,
2026-05-30 04:07:39,73471.25,0.8712,0.8257,0.7735,0.639,105,
2026-05-30 04:07:49,73471.85,0.948,0.8625,0.6921,0.0356,31,
2026-05-30 04:07:59,73471.95,0.9814,0.8639,0.6456,0.0551,28,
2026-05-30 04:08:09,73472.05,0.9776,0.8975,0.6929,0.1972,15,
2026-05-30 04:08:19,73476.35,0.83,0.7584,0.747,0.3503,45,
2026-05-30 04:08:29,73500.05,0.9072,0.8544,0.7445,0.4735,84,
2026-05-30 04:08:39,73505.35,0.9068,0.8013,0.6026,0.3684,22,
2026-05-30 04:08:49,73506.15,0.9868,0.6427,0.6536,0.1379,29,
2026-05-30 04:08:59,73506.25,0.9791,0.9122,0.6494,0.0916,20,
2026-05-30 04:09:09,73498.45,0.6572,0.5254,0.5423,-1.7661,121,
2026-05-30 04:09:19,73506.55,0.4158,0.4703,0.5629,0.5822,88,
2026-05-30 04:09:29,73511.25,0.571,0.609,0.5209,-0.1013,116,
2026-05-30 04:09:39,73519.25,0.9049,0.8509,0.8011,0.4358,77,
2026-05-30 04:09:49,73525.75,0.7043,0.4486,0.5758,0.3988,38,
2026-05-30 04:09:59,73520.05,0.4329,0.5242,0.5127,-1.0234,85,
2026-05-30 04:10:09,73520.65,0.9291,0.7832,0.7106,0.1016,22,
2026-05-30 04:10:19,73523.35,0.67,0.5917,0.5822,0.2767,34,
2026-05-30 04:10:29,73506.55,0.1413,0.2789,0.4019,-1.1689,109,
2026-05-30 04:10:39,73506.55,0.3651,0.4598,0.4641,0.0145,3,
2026-05-30 04:10:49,73506.55,0.4179,0.5112,0.4451,0.0014,6,
2026-05-30 04:10:59,73506.55,0.3702,0.5207,0.5386,0.0042,3,
2026-05-30 04:11:09,73506.55,0.4155,0.5219,0.4805,0.0039,2,
2026-05-30 04:11:19,73497.75,0.1135,0.2543,0.2337,-0.8098,83,
2026-05-30 04:11:29,73487.25,0.025,0.1661,0.232,-0.553,64,
2026-05-30 04:11:39,73487.25,0.1658,0.2618,0.3624,-0.1402,9,
2026-05-30 04:11:49,73487.25,0.3754,0.3614,0.3644,-0.02,7,
2026-05-30 04:11:59,73490.95,0.8751,0.7918,0.5301,1.1427,54,
2026-05-30 04:12:09,73498.35,0.9631,0.6243,0.6823,0.5803,67,
2026-05-30 04:12:19,73503.85,0.7889,0.7221,0.6997,0.0406,15,
2026-05-30 04:12:29,73507.55,0.9116,0.8042,0.65,0.5258,52,
2026-05-30 04:12:39,73515.85,0.5674,0.6078,0.659,0.7169,64,
2026-05-30 04:12:49,73508.05,0.7707,0.6961,0.5551,-1.2108,57,
2026-05-30 04:12:59,73508.05,0.8626,0.7441,0.5779,0.0393,11,
2026-05-30 04:13:09,73502.85,0.5211,0.5166,0.4346,-0.4351,113,
2026-05-30 04:13:19,73502.85,0.7299,0.5901,0.5243,0.0363,23,
2026-05-30 04:13:29,73507.05,0.8157,0.5955,0.4274,0.0943,21,
2026-05-30 04:13:39,73507.05,0.5924,0.5275,0.5414,-0.02,5,
2026-05-30 04:13:49,73493.95,0.2532,0.3221,0.4872,-0.5918,90,
2026-05-30 04:13:59,73493.95,0.3042,0.3619,0.5071,-0.0841,13,
2026-05-30 04:14:09,73499.05,0.325,0.2498,0.4679,0.1515,38,
2026-05-30 04:14:19,73499.05,0.4099,0.4051,0.4846,0.0001,4,
2026-05-30 04:14:29,73499.05,0.4058,0.4123,0.467,-0.0154,5,
2026-05-30 04:14:39,73494.85,0.1241,0.2372,0.275,-0.1323,28,
2026-05-30 04:14:49,73485.45,0.2513,0.3693,0.3625,-0.5751,62,
2026-05-30 04:14:59,73487.75,0.6841,0.596,0.4988,0.0807,11,
2026-05-30 04:15:09,73492.45,0.8664,0.7779,0.6806,0.6791,68,
2026-05-30 04:15:19,73511.25,0.8655,0.605,0.5785,1.812,115,
2026-05-30 04:15:29,73515.15,0.9397,0.8283,0.6235,0.3988,39,
2026-05-30 04:15:39,73515.15,0.7991,0.6887,0.5988,0.0499,13,
2026-05-30 04:15:49,73515.15,0.4492,0.5553,0.5172,0.0019,11,
2026-05-30 04:15:59,73514.25,0.904,0.8314,0.5917,-0.7848,133,
2026-05-30 04:16:09,73514.25,0.5763,0.5825,0.3818,-0.3301,52,
2026-05-30 04:16:19,73515.35,0.7062,0.6641,0.5335,0.0864,25,
2026-05-30 04:16:29,73510.25,0.7399,0.7843,0.6174,-0.062,142,
2026-05-30 04:16:39,73510.25,0.6849,0.6918,0.6053,0.0127,9,
2026-05-30 04:16:49,73510.25,0.7696,0.7942,0.6131,0.019,12,
2026-05-30 04:16:59,73510.25,0.6944,0.7319,0.5969,0.0031,4,
2026-05-30 04:17:09,73518.55,0.7843,0.7164,0.5804,0.6432,75,
2026-05-30 04:17:19,73520.65,0.8006,0.745,0.6092,0.1666,16,
2026-05-30 04:17:29,73524.35,0.791,0.7124,0.5745,0.319,43,
2026-05-30 04:17:39,73518.45,0.8592,0.6807,0.4455,0.6078,204,
2026-05-30 04:17:49,73523.55,0.9298,0.7994,0.5705,0.3678,50,
2026-05-30 04:17:59,73523.55,0.8935,0.7635,0.5443,0.0479,16,
2026-05-30 04:18:09,73537.15,0.8493,0.5782,0.6051,0.518,59,
2026-05-30 04:18:20,73542.55,0.7298,0.6359,0.528,0.2703,40,
2026-05-30 04:18:30,73542.55,0.9058,0.7725,0.6841,0.0172,14,
2026-05-30 04:18:40,73534.55,0.726,0.6512,0.4776,-1.2576,91,
2026-05-30 04:18:50,73527.75,0.3544,0.2611,0.3046,-0.7184,87,
2026-05-30 04:19:00,73520.35,0.661,0.5551,0.3813,-0.2651,181,
2026-05-30 04:19:10,73539.75,0.8764,0.7533,0.6203,0.726,98,
2026-05-30 04:19:20,73539.75,0.7294,0.6749,0.5832,-0.0555,20,
2026-05-30 04:19:30,73543.55,0.6798,0.7117,0.5762,0.0596,46,
2026-05-30 04:19:40,73547.15,0.8861,0.8371,0.7595,0.4026,52,
2026-05-30 04:19:50,73490.35,0.5412,0.2328,0.3376,-5.8301,279,
2026-05-30 04:20:00,73494.05,0.2126,0.2439,0.3543,-0.5083,40,
2026-05-30 04:20:10,73496.15,0.6566,0.4703,0.5797,0.1064,22,
2026-05-30 04:20:20,73497.65,0.7416,0.609,0.6738,0.8779,44,
2026-05-30 04:20:30,73522.65,0.4189,0.378,0.4161,3.9728,291,
2026-05-30 04:20:40,73528.55,0.6783,0.4846,0.5614,0.0231,10,
2026-05-30 04:20:50,73535.85,0.8231,0.6072,0.4693,0.3994,54,
2026-05-30 04:21:00,73535.85,0.4993,0.3379,0.4848,0.0404,15,
2026-05-30 04:21:10,73522.55,0.4577,0.3164,0.3848,-0.5293,74,
2026-05-30 04:21:20,73522.55,0.7435,0.4065,0.5002,0.0005,6,
2026-05-30 04:21:30,73527.05,0.7878,0.7676,0.582,0.1212,21,
2026-05-30 04:21:40,73517.75,0.4182,0.2744,0.3005,-0.6825,77,
2026-05-30 04:21:50,73520.05,0.7891,0.7277,0.6167,0.0886,27,
2026-05-30 04:22:00,73520.05,0.2303,0.1578,0.2966,0.1802,15,
2026-05-30 04:22:10,73503.05,0.9705,0.9128,0.6704,-0.1448,194,
2026-05-30 04:22:20,73503.05,0.34,0.2714,0.4542,0.0749,20,
2026-05-30 04:22:30,73503.05,0.0913,0.1853,0.426,-0.0179,17,
2026-05-30 04:22:40,73503.05,0.6201,0.6583,0.5236,0.0209,2,
2026-05-30 04:22:50,73503.05,0.2795,0.2052,0.3062,-1.0636,95,
2026-05-30 04:23:00,73505.15,0.8544,0.7776,0.6192,0.131,35,
2026-05-30 04:23:10,73505.15,0.9229,0.8683,0.6423,0.0011,5,
2026-05-30 04:23:20,73504.35,0.4357,0.529,0.4142,-0.127,36,
2026-05-30 04:23:30,73506.45,0.9257,0.8432,0.721,0.0194,47,
2026-05-30 04:23:40,73507.35,0.6513,0.6613,0.5913,0.0603,24,
2026-05-30 04:23:50,73508.35,0.6631,0.6712,0.6369,0.0457,19,
2026-05-30 04:24:00,73508.35,0.7488,0.7267,0.6098,-0.0129,15,
2026-05-30 04:24:10,73508.35,0.7599,0.742,0.6106,0.001,14,
2026-05-30 04:24:20,73508.35,0.7625,0.7669,0.614,-0.0126,10,
2026-05-30 04:24:30,73508.35,0.71,0.7655,0.5948,0.097,35,
2026-05-30 04:24:40,73489.25,0.4949,0.4377,0.5547,-0.1608,142,
2026-05-30 04:24:50,73491.55,0.8183,0.7356,0.6097,0.1481,45,
2026-05-30 04:25:00,73472.55,0.529,0.5361,0.4767,-2.1777,90,
2026-05-30 04:25:10,73487.25,0.64,0.5844,0.6786,0.992,93,
2026-05-30 04:25:20,73507.65,0.862,0.7491,0.6607,3.1756,202,
2026-05-30 04:25:30,73504.05,0.3489,0.2434,0.3796,-0.2987,35,
2026-05-30 04:25:40,73499.65,0.4704,0.5561,0.42,-0.3725,49,
2026-05-30 04:25:50,73499.65,0.3925,0.4855,0.5228,0.0606,12,
2026-05-30 04:26:00,73497.85,0.3919,0.3615,0.4742,-0.0781,32,
2026-05-30 04:26:10,73497.85,0.6016,0.4641,0.5293,0.0819,10,
2026-05-30 04:26:20,73497.85,0.8834,0.6607,0.5911,0.0977,27,
2026-05-30 04:26:30,73496.75,0.8182,0.8008,0.508,-1.0248,50,
2026-05-30 04:26:40,73496.75,0.8027,0.6057,0.5582,-0.0196,6,
2026-05-30 04:26:50,73496.75,0.6915,0.5332,0.5473,-0.0023,11,
2026-05-30 04:27:00,73484.55,0.28,0.4116,0.4618,-1.4999,144,
2026-05-30 04:27:10,73484.55,0.2603,0.3426,0.4566,0.0003,1,
2026-05-30 04:27:20,73480.25,0.1563,0.2973,0.4505,-0.2072,37,
2026-05-30 04:27:30,73494.85,0.8313,0.6514,0.6129,1.0959,79,
2026-05-30 04:27:40,73492.45,0.2298,0.1985,0.3508,-0.0818,10,
2026-05-30 04:27:50,73489.15,0.2824,0.328,0.4425,-0.3312,39,
2026-05-30 04:28:00,73484.55,0.1016,0.2371,0.3097,-0.5433,52,
2026-05-30 04:28:10,73480.75,0.3299,0.345,0.4455,-0.1625,24,
2026-05-30 04:28:20,73487.45,0.463,0.4278,0.5472,0.5722,49,
2026-05-30 04:28:30,73483.65,0.032,0.1689,0.3904,-0.3906,44,
2026-05-30 04:28:40,73483.45,0.2449,0.3709,0.4482,-0.0552,13,
2026-05-30 04:28:50,73480.45,0.4159,0.4296,0.4636,-0.1395,29,
2026-05-30 04:29:00,73480.45,0.3973,0.4165,0.4561,-0.0239,5,
2026-05-30 04:29:10,73474.15,0.2529,0.3937,0.3317,-0.6357,49,
2026-05-30 04:29:20,73472.65,0.0475,0.2,0.2505,-0.1617,51,
2026-05-30 04:29:30,73470.65,0.2981,0.3494,0.3942,-0.1057,22,
2026-05-30 04:29:40,73470.65,0.4341,0.4009,0.4213,0.0009,3,
2026-05-30 04:29:50,73470.65,0.1981,0.2859,0.3827,-0.0193,9,
2026-05-30 04:30:00,73468.15,0.2324,0.278,0.348,-0.2008,28,
2026-05-30 04:30:10,73458.35,0.2955,0.2505,0.257,-1.0325,90,
2026-05-30 04:30:20,73446.55,0.1863,0.2829,0.2823,-0.4891,43,
2026-05-30 04:30:30,73431.55,0.2401,0.37,0.4479,-0.3915,65,
2026-05-30 04:30:40,73430.75,0.0204,0.1699,0.2141,-0.4465,76,
2026-05-30 04:30:50,73427.65,0.0727,0.2307,0.295,-0.0862,22,
2026-05-30 04:31:00,73417.15,0.06,0.1807,0.2473,-0.5483,48,
2026-05-30 04:31:10,73413.25,0.5575,0.4896,0.5176,0.9327,79,
2026-05-30 04:31:20,73414.05,0.6935,0.6327,0.5968,0.7189,46,
2026-05-30 04:31:30,73414.05,0.6726,0.6235,0.5316,-0.0334,7,
2026-05-30 04:31:40,73414.05,0.7214,0.657,0.58,0.0001,1,
2026-05-30 04:31:50,73414.05,0.5827,0.5683,0.5149,-0.0533,3,
2026-05-30 04:32:00,73414.05,0.5288,0.5292,0.487,-0.0649,7,
2026-05-30 04:32:10,73430.75,0.7449,0.6277,0.6556,1.2608,123,
2026-05-30 04:32:20,73440.75,0.9116,0.8217,0.7328,0.7436,111,
2026-05-30 04:32:30,73440.75,0.5875,0.5815,0.5603,-0.0318,3,
2026-05-30 04:32:40,73440.75,0.7989,0.7719,0.5735,-0.0001,1,
2026-05-30 04:32:50,73440.75,0.7515,0.7333,0.5709,-0.0377,4,
2026-05-30 04:33:00,73440.75,0.7994,0.7566,0.5825,-0.0376,5,
2026-05-30 04:33:10,73440.75,0.3713,0.5006,0.4575,-0.5061,36,
2026-05-30 04:33:20,73441.85,0.6419,0.5901,0.5411,0.071,21,
2026-05-30 04:33:30,73439.45,0.5601,0.4884,0.5126,-0.584,54,
2026-05-30 04:33:40,73439.45,0.9302,0.819,0.5381,0.0012,3,
2026-05-30 04:33:50,73453.25,0.8015,0.4717,0.512,0.2431,58,
2026-05-30 04:34:00,73453.25,0.747,0.4528,0.4944,-0.1063,6,
2026-05-30 04:34:10,73457.65,0.8003,0.6962,0.7047,0.3515,35,
2026-05-30 04:34:20,73440.15,0.2018,0.3193,0.2601,-1.3049,107,
2026-05-30 04:34:30,73432.95,0.5282,0.4959,0.3686,-0.4468,61,
2026-05-30 04:34:40,73431.25,0.5918,0.6123,0.5361,-0.3561,47,
2026-05-30 04:34:50,73425.25,0.4636,0.4259,0.4378,-0.4268,27,
2026-05-30 04:35:00,73432.95,0.7246,0.6379,0.6175,1.1716,66,
2026-05-30 04:35:10,73438.85,0.4865,0.445,0.4412,0.3872,52,
2026-05-30 04:35:20,73438.85,0.5134,0.3233,0.4352,0.0018,3,
2026-05-30 04:35:30,73428.55,0.1612,0.167,0.2609,-0.5135,65,
2026-05-30 04:35:40,73428.55,0.6511,0.6137,0.5039,0.0685,7,
2026-05-30 04:35:50,73428.55,0.3762,0.4199,0.425,-0.0371,5,
2026-05-30 04:36:00,73428.55,0.5861,0.5737,0.4629,-0.0377,4,
2026-05-30 04:36:10,73432.95,0.3603,0.4849,0.5123,0.3365,46,
2026-05-30 04:36:20,73432.95,0.5933,0.6007,0.5398,-0.0189,7,
2026-05-30 04:36:30,73446.55,0.8798,0.7012,0.6751,0.8885,103,
2026-05-30 04:36:40,73456.05,0.9121,0.8228,0.7412,0.5253,56,
2026-05-30 04:36:50,73459.65,0.8368,0.6581,0.6766,0.0813,14,
2026-05-30 04:37:00,73465.05,0.751,0.7359,0.7109,0.5653,48,
2026-05-30 04:37:10,73483.85,0.8815,0.7459,0.6004,0.1462,45,
2026-05-30 04:37:20,73491.25,0.7254,0.5717,0.5389,0.4519,38,
2026-05-30 04:37:30,73491.25,0.8593,0.6776,0.6517,0.2192,17,
2026-05-30 04:37:40,73511.25,0.8761,0.6874,0.7237,0.3939,88,
2026-05-30 04:37:50,73511.25,0.6427,0.5283,0.5293,0.144,13,
2026-05-30 04:38:00,73506.25,0.3476,0.2536,0.4746,-1.7716,121,
2026-05-30 04:38:10,73501.75,0.8501,0.7548,0.5574,-0.3935,78,
2026-05-30 04:38:20,73501.75,0.6904,0.6077,0.565,-0.0037,6,
2026-05-30 04:38:30,73504.85,0.739,0.6474,0.5302,0.0292,29,
2026-05-30 04:38:40,73504.85,0.7774,0.6834,0.5892,0.0114,8,
2026-05-30 04:38:50,73504.85,0.768,0.6829,0.5811,-0.0309,8,
2026-05-30 04:39:00,73516.25,0.4952,0.5204,0.4986,1.0053,84,
2026-05-30 04:39:10,73516.25,0.6764,0.6173,0.5267,-0.0325,17,
2026-05-30 04:39:20,73516.25,0.3945,0.4231,0.4533,-0.2219,38,
2026-05-30 04:39:30,73516.25,0.47,0.4422,0.4548,0.0118,3,
2026-05-30 04:39:40,73516.25,0.7418,0.5703,0.4873,0.0833,24,
2026-05-30 04:39:50,73516.25,0.8607,0.7968,0.5247,0.0482,50,
2026-05-30 04:40:00,73516.25,0.5871,0.5776,0.5261,0.059,17,
2026-05-30 04:40:10,73507.35,0.0754,0.1075,0.3126,-0.6324,75,
2026-05-30 04:40:20,73502.25,0.3089,0.2263,0.4421,-0.1563,24,
2026-05-30 04:40:30,73502.25,0.5109,0.3116,0.4735,-0.0994,16,
2026-05-30 04:40:40,73502.25,0.581,0.5133,0.4831,-0.0406,27,
2026-05-30 04:40:50,73502.25,0.8181,0.575,0.4905,-0.0159,42,
2026-05-30 04:41:00,73502.25,0.7284,0.5076,0.5185,0.0005,10,
2026-05-30 04:41:10,73509.45,0.6578,0.6115,0.6556,0.61,84,
2026-05-30 04:41:20,73515.55,0.8504,0.7877,0.7526,0.3937,70,
2026-05-30 04:41:30,73502.35,0.9878,0.8988,0.5753,-0.8816,114,
2026-05-30 04:41:40,73506.95,0.6066,0.6594,0.5704,0.1523,15,
2026-05-30 04:41:50,73500.15,0.6139,0.5707,0.5353,-1.0684,92,
2026-05-30 04:42:00,73500.15,0.8645,0.699,0.5887,0.1729,25,
2026-05-30 04:42:10,73500.15,0.4795,0.4667,0.4981,0.0258,7,
2026-05-30 04:42:20,73504.95,0.7157,0.7212,0.5751,0.3029,45,
2026-05-30 04:42:30,73514.95,0.728,0.7441,0.7393,-0.1431,70,
2026-05-30 04:42:40,73522.25,0.4405,0.4519,0.4993,-0.5337,79,
2026-05-30 04:42:50,73510.45,0.2731,0.3722,0.4414,-1.2407,125,
2026-05-30 04:43:00,73510.45,0.5268,0.6279,0.5284,-0.0136,13,
2026-05-30 04:43:10,73510.45,0.4979,0.5504,0.5293,0.0626,11,
2026-05-30 04:43:20,73508.05,0.1439,0.3038,0.3735,-0.0808,26,
2026-05-30 04:43:30,73508.05,0.2294,0.3278,0.3963,0.0087,14,
2026-05-30 04:43:40,73503.15,0.3775,0.306,0.3384,-0.5839,43,
2026-05-30 04:43:50,73510.45,0.7142,0.5873,0.5464,0.5386,40,
2026-05-30 04:44:00,73510.45,0.6974,0.6604,0.5698,0.0063,5,
2026-05-30 04:44:10,73521.15,0.3319,0.4286,0.5136,1.0375,93,
2026-05-30 04:44:20,73521.15,0.4856,0.6094,0.4691,0.001,6,
2026-05-30 04:44:30,73521.15,0.5301,0.5713,0.4672,-0.0943,27,
2026-05-30 04:44:40,73521.15,0.4401,0.4797,0.4164,-0.0187,7,
2026-05-30 04:44:50,73521.15,0.3087,0.3898,0.5125,-0.0078,5,
2026-05-30 04:45:00,73521.15,0.613,0.635,0.5115,0.1355,20,
2026-05-30 04:45:10,73521.15,0.2911,0.3694,0.4694,0.2194,29,
2026-05-30 04:45:20,73507.85,0.6158,0.5079,0.368,-0.6982,118,
2026-05-30 04:45:30,73519.15,0.6769,0.7424,0.5598,0.2734,45,
2026-05-30 04:45:40,73521.55,0.5616,0.6408,0.4498,0.2975,60,
2026-05-30 04:45:50,73521.55,0.7573,0.7457,0.4959,-0.0557,8,
2026-05-30 04:46:00,73521.55,0.5542,0.6014,0.4712,0.0679,21,
2026-05-30 04:46:10,73513.65,0.2219,0.2933,0.3469,-1.1095,124,
2026-05-30 04:46:20,73513.65,0.661,0.6703,0.5039,0.0062,3,
2026-05-30 04:46:30,73515.95,0.7933,0.6719,0.3867,0.1196,21,
2026-05-30 04:46:40,73521.85,0.7978,0.6741,0.4159,0.6221,64,
2026-05-30 04:46:50,73521.85,0.7898,0.7818,0.488,0.0058,3,
2026-05-30 04:47:00,73521.85,0.8222,0.7843,0.4508,0.0036,2,
2026-05-30 04:47:10,73521.85,0.7939,0.7879,0.5083,0.1264,15,
2026-05-30 04:47:20,73521.85,0.672,0.7506,0.4476,0.1056,4,
2026-05-30 04:47:30,73521.85,0.6811,0.7934,0.4288,0.1021,16,
2026-05-30 04:47:40,73536.65,0.7208,0.6422,0.5866,1.1292,100,
2026-05-30 04:47:50,73536.65,0.4962,0.6465,0.3918,0.1237,9,
2026-05-30 04:48:00,73535.45,0.874,0.7152,0.4588,-0.1593,55,
2026-05-30 04:48:10,73539.05,0.9045,0.7849,0.498,0.709,61,
2026-05-30 04:48:20,73525.05,0.916,0.6513,0.4681,-1.5289,126,
2026-05-30 04:48:30,73531.65,0.703,0.6447,0.403,0.4543,48,
2026-05-30 04:48:40,73531.65,0.2648,0.2652,0.2848,0.0046,8,
2026-05-30 04:48:50,73527.05,0.3334,0.2166,0.3202,-0.2858,34,
2026-05-30 04:49:00,73527.05,0.7482,0.797,0.47,0.0002,4,
2026-05-30 04:49:10,73530.95,0.7678,0.7798,0.4669,0.5876,69,
2026-05-30 04:49:20,73530.95,0.8199,0.8051,0.4744,-0.0283,7,
2026-05-30 04:49:30,73527.85,0.2282,0.2906,0.2694,0.0215,37,
2026-05-30 04:49:40,73527.85,0.391,0.412,0.3611,0.0934,9,
2026-05-30 04:49:50,73527.85,0.3263,0.3982,0.3415,0.1058,8,
2026-05-30 04:50:00,73518.25,0.3464,0.4714,0.3608,-0.8537,105,
2026-05-30 04:50:10,73527.15,0.8229,0.7738,0.6326,0.982,102,
2026-05-30 04:50:20,73529.25,0.8452,0.7805,0.4945,0.3732,41,
2026-05-30 04:50:30,73530.35,0.9156,0.8288,0.5301,0.1264,27,
2026-05-30 04:50:40,73530.95,0.9583,0.8506,0.5293,0.0597,14,
2026-05-30 04:50:50,73530.95,0.9006,0.8184,0.5178,-0.0011,14,
2026-05-30 04:51:00,73527.15,0.0417,0.1574,0.3631,-0.8407,115,
2026-05-30 04:51:10,73521.55,0.5195,0.2797,0.5183,-0.1006,26,
2026-05-30 04:51:20,73523.45,0.4003,0.3379,0.313,0.049,36,
2026-05-30 04:51:30,73523.45,0.25,0.1842,0.2923,-0.022,7,
2026-05-30 04:51:40,73524.75,0.7958,0.7826,0.6473,0.12,31,
2026-05-30 04:51:50,73528.25,0.8482,0.7998,0.5286,0.3861,45,
2026-05-30 04:52:00,73528.25,0.8461,0.7598,0.4503,-0.0109,2,
2026-05-30 04:52:10,73524.75,0.5986,0.4445,0.3541,-0.0855,121,
2026-05-30 04:52:20,73570.35,0.2229,0.4961,0.5359,10.5064,322,
2026-05-30 04:52:30,73559.75,0.3998,0.3001,0.3412,-0.8523,45,
2026-05-30 04:52:40,73559.05,0.2172,0.2504,0.3239,-0.3932,47,
2026-05-30 04:52:50,73559.05,0.4353,0.3191,0.4761,0.0362,4,
2026-05-30 04:53:00,73559.05,0.4411,0.3071,0.4523,0.0536,14,
2026-05-30 04:53:10,73569.05,0.7859,0.4141,0.5375,0.6047,98,
2026-05-30 04:53:20,73577.45,0.8835,0.7287,0.4848,0.1247,38,
2026-05-30 04:53:30,73578.45,0.5921,0.3241,0.4728,0.0942,31,
2026-05-30 04:53:40,73579.05,0.1026,0.2576,0.4046,0.2221,69,
2026-05-30 04:53:50,73573.65,0.4881,0.2839,0.3819,-0.1079,39,
2026-05-30 04:54:00,73573.65,0.7167,0.5575,0.5142,0.0136,7,
2026-05-30 04:54:10,73559.75,0.4384,0.2979,0.3431,-1.0529,106,
2026-05-30 04:54:20,73559.75,0.5448,0.3344,0.4719,-0.0007,6,
2026-05-30 04:54:30,73559.75,0.6415,0.3423,0.4596,0.0147,9,
2026-05-30 04:54:40,73540.85,0.3573,0.3518,0.4697,-2.1177,133,
2026-05-30 04:54:51,73521.35,0.2231,0.1606,0.3127,-3.3007,287,
2026-05-30 04:55:01,73525.65,0.9778,0.9636,0.8461,2.214,93,
2026-05-30 04:55:11,73538.45,0.8477,0.7999,0.5711,1.5293,98,
2026-05-30 04:55:21,73535.95,0.4386,0.3465,0.2831,-0.5327,42,
2026-05-30 04:55:31,73535.95,0.5497,0.4071,0.4008,0.0459,4,
2026-05-30 04:55:41,73535.95,0.5208,0.2816,0.3039,0.0062,4,
2026-05-30 04:55:51,73535.95,0.5654,0.438,0.2755,0.0927,20,
2026-05-30 04:56:01,73535.95,0.4745,0.2513,0.257,0.0164,15,
2026-05-30 04:56:11,73541.75,0.8079,0.8047,0.7225,0.2959,52,
2026-05-30 04:56:21,73534.85,0.1569,0.3471,0.2596,-0.9519,78,
2026-05-30 04:56:31,73534.85,0.3847,0.4122,0.2868,0.0076,3,
2026-05-30 04:56:41,73529.05,0.078,0.1922,0.227,-0.8146,93,
2026-05-30 04:56:51,73527.55,0.5479,0.4555,0.3776,-0.0654,11,
2026-05-30 04:57:01,73546.95,0.5062,0.5361,0.4535,4.7461,133,
2026-05-30 04:57:11,73545.35,0.1573,0.2186,0.2754,-0.0634,45,
2026-05-30 04:57:21,73543.85,0.2684,0.3306,0.3631,0.0838,20,
2026-05-30 04:57:31,73543.85,0.2924,0.3606,0.4334,-0.3587,16,
2026-05-30 04:57:41,73543.85,0.3578,0.4008,0.4409,0.0314,10,
2026-05-30 04:57:51,73543.85,0.3321,0.3765,0.4465,0.0253,14,
2026-05-30 04:58:01,73543.85,0.3021,0.3398,0.4543,0.0062,6,
2026-05-30 04:58:11,73543.85,0.6066,0.5151,0.4449,0.1487,27,
2026-05-30 04:58:21,73543.85,0.6127,0.5297,0.5211,0.0167,19,
2026-05-30 04:58:31,73555.75,0.8536,0.7169,0.7168,0.9474,116,
2026-05-30 04:58:41,73555.75,0.8096,0.7342,0.6619,-0.0015,12,
2026-05-30 04:58:51,73557.25,0.7668,0.693,0.6663,-0.0008,16,
2026-05-30 04:59:01,73543.65,0.19,0.2904,0.3091,-2.0523,94,
2026-05-30 04:59:11,73543.65,0.276,0.3897,0.4828,0.1365,8,
2026-05-30 04:59:21,73544.15,0.6427,0.4858,0.5614,0.2282,39,
2026-05-30 04:59:31,73548.25,0.4674,0.4661,0.6411,1.1618,61,
2026-05-30 04:59:41,73548.25,0.4534,0.4339,0.5799,-0.0012,4,
2026-05-30 04:59:51,73548.25,0.4939,0.4495,0.5888,-0.0002,4,
2026-05-30 05:00:01,73501.85,0.599,0.6193,0.5261,-7.8543,260,
2026-05-30 05:00:11,73510.45,0.5393,0.5944,0.4501,1.3837,114,
2026-05-30 05:00:21,73528.85,0.8756,0.701,0.5494,6.0906,343,
2026-05-30 05:00:31,73533.55,0.5847,0.7869,0.6822,0.0808,34,
2026-05-30 05:00:41,73528.35,0.237,0.5868,0.5591,-0.2543,38,
2026-05-30 05:00:51,73518.95,0.3295,0.5045,0.5148,-0.6067,79,
2026-05-30 05:01:01,73508.25,0.0178,0.1671,0.2406,-1.3475,137,
2026-05-30 05:01:11,73487.45,0.3628,0.4782,0.4886,-0.7441,110,
2026-05-30 05:01:21,73487.45,0.4129,0.5677,0.5017,0.0255,6,
2026-05-30 05:01:31,73482.85,0.1968,0.2754,0.3828,-0.2588,40,
2026-05-30 05:01:41,73473.45,0.5635,0.7061,0.5973,0.2522,60,
2026-05-30 05:01:51,73485.25,0.5225,0.6246,0.6535,1.7112,109,
2026-05-30 05:02:01,73478.15,0.06,0.1684,0.3591,-0.4295,51,
2026-05-30 05:02:11,73471.65,0.1543,0.1756,0.3203,-0.4969,72,
2026-05-30 05:02:21,73471.65,0.3751,0.3624,0.551,0.0201,3,
2026-05-30 05:02:31,73478.15,0.6285,0.5804,0.6818,0.6526,57,
2026-05-30 05:02:41,73478.15,0.8023,0.8107,0.6815,0.0082,5,
2026-05-30 05:02:51,73485.45,0.5351,0.6097,0.5961,0.4461,61,
2026-05-30 05:03:01,73485.45,0.708,0.7042,0.6369,-0.0041,1,
2026-05-30 05:03:11,73492.65,0.7667,0.6749,0.6912,0.7974,69,
2026-05-30 05:03:21,73495.15,0.7631,0.7066,0.73,0.1288,15,
2026-05-30 05:03:31,73508.35,0.8274,0.7636,0.7519,0.8932,89,
2026-05-30 05:03:41,73515.75,0.842,0.6919,0.6558,0.3675,60,
2026-05-30 05:03:51,73527.65,0.8794,0.7588,0.6896,0.1285,31,
2026-05-30 05:04:01,73533.35,0.9409,0.8401,0.795,0.0481,25,
2026-05-30 05:04:11,73533.35,0.8904,0.8612,0.7531,0.0001,1,
2026-05-30 05:04:21,73533.35,0.8418,0.8623,0.7637,-0.0046,3,
2026-05-30 05:04:31,73533.35,0.8191,0.8521,0.7461,0.0393,16,
2026-05-30 05:04:41,73540.75,0.9382,0.8374,0.7503,0.6277,49,
2026-05-30 05:04:51,73540.75,0.7996,0.8412,0.7562,0.104,7,
2026-05-30 05:05:01,73530.15,0.4793,0.5007,0.4724,-1.9326,188,
2026-05-30 05:05:11,73530.15,0.3478,0.5065,0.5456,0.0493,6,
2026-05-30 05:05:21,73516.25,0.7312,0.788,0.6632,-0.6736,107,
2026-05-30 05:05:31,73516.25,0.7017,0.8285,0.7332,0.5465,43,
2026-05-30 05:05:41,73534.45,0.9867,0.8859,0.7915,0.764,90,
2026-05-30 05:05:51,73528.05,0.3056,0.3886,0.4464,-1.1543,110,
2026-05-30 05:06:01,73525.45,0.1736,0.442,0.5269,-0.7007,66,
2026-05-30 05:06:11,73534.25,0.9008,0.8353,0.7423,0.8334,106,
2026-05-30 05:06:21,73537.25,0.4527,0.6874,0.6567,0.1558,28,
2026-05-30 05:06:31,73537.25,0.6626,0.6958,0.7234,0.1294,12,
2026-05-30 05:06:41,73537.25,0.713,0.7969,0.7155,0.0614,13,
2026-05-30 05:06:51,73537.25,0.7373,0.8192,0.7397,0.0111,4,
2026-05-30 05:07:01,73537.25,0.2101,0.6572,0.5423,0.0238,13,
2026-05-30 05:07:11,73537.25,0.4236,0.7198,0.6038,0.0135,6,
2026-05-30 05:07:21,73537.25,0.5007,0.7391,0.5901,0.0134,9,
2026-05-30 05:07:31,73537.25,0.4506,0.718,0.4799,-0.0767,33,
2026-05-30 05:07:41,73534.85,0.5859,0.5766,0.5115,-0.13,35,
2026-05-30 05:07:51,73537.25,0.9152,0.8353,0.7689,0.3146,41,
2026-05-30 05:08:01,73538.45,0.869,0.8392,0.7493,0.0397,24,
2026-05-30 05:08:11,73539.35,0.9777,0.8514,0.7834,0.3829,50,
2026-05-30 05:08:21,73539.75,0.9903,0.8517,0.7502,0.1961,28,
2026-05-30 05:08:31,73551.75,0.8234,0.6895,0.712,0.6107,70,
2026-05-30 05:08:41,73567.95,0.8844,0.8182,0.6443,0.8015,59,
2026-05-30 05:08:51,73567.95,0.6774,0.5365,0.6343,0.0721,6,
2026-05-30 05:09:01,73561.15,0.7159,0.6139,0.5884,-0.8327,65,
2026-05-30 05:09:11,73561.15,0.7526,0.5343,0.5984,-0.2005,22,
2026-05-30 05:09:21,73566.35,0.9098,0.7542,0.6994,0.3158,28,
2026-05-30 05:09:31,73580.25,0.888,0.7561,0.5749,0.8273,58,
2026-05-30 05:09:41,73584.95,0.8548,0.7837,0.7489,0.1694,40,
2026-05-30 05:09:51,73581.85,0.1619,0.3145,0.3516,-0.64,61,
2026-05-30 05:10:01,73581.85,0.407,0.516,0.543,-0.0089,9,
2026-05-30 05:10:11,73585.25,0.8663,0.8501,0.6936,0.2342,26,
2026-05-30 05:10:21,73595.95,0.5037,0.6514,0.6032,1.2509,72,
2026-05-30 05:10:31,73597.35,0.6457,0.566,0.5344,0.301,14,
2026-05-30 05:10:41,73577.75,0.1135,0.2487,0.3286,-1.3503,133,
2026-05-30 05:10:51,73581.85,0.8813,0.8193,0.7322,0.0799,33,
2026-05-30 05:11:01,73599.15,0.9122,0.8594,0.7673,1.0657,118,
2026-05-30 05:11:11,73591.45,0.4647,0.4835,0.4817,-0.6765,200,
2026-05-30 05:11:21,73591.45,0.5911,0.7497,0.4888,0.0136,22,
2026-05-30 05:11:31,73591.45,0.5881,0.6427,0.5175,0.0931,11,
2026-05-30 05:11:41,73591.45,0.445,0.579,0.479,-0.0547,16,
2026-05-30 05:11:51,73591.45,0.6726,0.6637,0.5306,0.0999,13,
2026-05-30 05:12:01,73591.45,0.6074,0.6157,0.5056,0.046,11,
2026-05-30 05:12:11,73591.45,0.7488,0.6509,0.5211,0.0656,13,
2026-05-30 05:12:21,73591.45,0.6823,0.6221,0.5125,0.0695,16,
2026-05-30 05:12:31,73591.45,0.6956,0.523,0.5132,0.0587,11,
2026-05-30 05:12:41,73581.35,0.5802,0.5211,0.3866,-2.6135,122,
2026-05-30 05:12:51,73581.35,0.7025,0.7232,0.5475,0.0143,7,
2026-05-30 05:13:01,73581.35,0.7354,0.6905,0.5088,-0.0024,19,
2026-05-30 05:13:11,73581.35,0.7194,0.4653,0.5207,0.0141,9,
2026-05-30 05:13:21,73583.65,0.8024,0.7134,0.5567,0.2158,51,
2026-05-30 05:13:31,73573.55,0.4718,0.4407,0.3283,-1.5316,83,
2026-05-30 05:13:41,73573.55,0.5323,0.5186,0.389,0.0165,14,
2026-05-30 05:13:51,73573.55,0.5969,0.524,0.4984,0.0682,16,
2026-05-30 05:14:01,73578.35,0.6826,0.7731,0.5564,0.7014,94,
2026-05-30 05:14:11,73578.35,0.6864,0.7716,0.5255,0.099,12,
2026-05-30 05:14:21,73581.05,0.8399,0.8486,0.6376,0.3625,46,
2026-05-30 05:14:31,73581.05,0.8824,0.8615,0.6233,0.0662,10,
2026-05-30 05:14:41,73583.05,0.9706,0.6622,0.5786,0.1651,40,
2026-05-30 05:14:51,73585.65,0.8787,0.8503,0.654,0.1104,14,
2026-05-30 05:15:01,73579.15,0.6503,0.4532,0.4881,-1.1189,59,
2026-05-30 05:15:11,73579.15,0.8585,0.7611,0.5606,0.0655,17,
2026-05-30 05:15:21,73565.45,0.0117,0.1133,0.2867,-1.2465,106,
2026-05-30 05:15:31,73558.65,0.2075,0.5778,0.4768,0.9452,57,
2026-05-30 05:15:41,73558.65,0.3017,0.604,0.4692,0.0934,6,
2026-05-30 05:15:51,73558.65,0.2319,0.5349,0.4608,-0.0413,148,
2026-05-30 05:16:01,73559.45,0.8141,0.7948,0.6402,0.0738,24,
2026-05-30 05:16:11,73559.45,0.733,0.7979,0.5835,0.0138,9,
2026-05-30 05:16:21,73563.75,0.9406,0.8768,0.696,0.556,67,
2026-05-30 05:16:31,73576.15,0.9164,0.8463,0.781,0.6271,81,
2026-05-30 05:16:41,73586.65,0.9282,0.8047,0.7052,0.7207,86,
2026-05-30 05:16:51,73582.05,0.6464,0.5132,0.4057,-1.3319,103,
2026-05-30 05:17:01,73585.45,0.9167,0.7556,0.6183,0.4872,43,
2026-05-30 05:17:11,73590.25,0.5948,0.5535,0.5614,0.0953,25,
2026-05-30 05:17:21,73582.05,0.2679,0.3004,0.2745,-0.1623,70,
2026-05-30 05:17:31,73582.05,0.2925,0.6,0.4365,0.1504,18,
2026-05-30 05:17:41,73579.85,0.4375,0.4651,0.3638,-0.3631,52,
2026-05-30 05:17:51,73586.45,0.3091,0.4422,0.4893,0.3925,67,
2026-05-30 05:18:01,73586.45,0.8137,0.7166,0.6255,0.0133,3,
2026-05-30 05:18:11,73568.95,0.3301,0.3451,0.362,-1.1348,94,
2026-05-30 05:18:21,73568.95,0.6137,0.5569,0.5825,0.0032,1,
2026-05-30 05:18:31,73573.45,0.776,0.8601,0.6323,0.261,40,
2026-05-30 05:18:41,73576.35,0.8156,0.8299,0.6196,0.1827,22,
2026-05-30 05:18:51,73582.55,0.8151,0.7391,0.7301,0.264,55,
2026-05-30 05:19:01,73583.85,0.9049,0.8012,0.7762,0.542,45,
2026-05-30 05:19:11,73587.25,0.9069,0.8597,0.7757,0.3859,38,
2026-05-30 05:19:21,73604.75,0.7684,0.6919,0.6174,0.958,118,
2026-05-30 05:19:31,73604.75,0.7096,0.6651,0.5836,0.1071,7,
2026-05-30 05:19:41,73612.15,0.8824,0.8271,0.6934,0.3144,31,
2026-05-30 05:19:51,73612.15,0.7256,0.665,0.5524,0.0396,12,
2026-05-30 05:20:01,73619.55,0.7059,0.6749,0.6251,0.3709,20,
2026-05-30 05:20:11,73607.35,0.2829,0.2998,0.323,-2.2182,139,
2026-05-30 05:20:21,73583.85,0.8733,0.7444,0.492,-1.6278,192,
2026-05-30 05:20:31,73588.45,0.2452,0.2313,0.2812,0.164,51,
2026-05-30 05:20:41,73591.95,0.8272,0.6496,0.4959,0.2666,73,
2026-05-30 05:20:51,73595.85,0.8015,0.7832,0.6733,0.2212,32,
2026-05-30 05:21:01,73603.35,0.562,0.6412,0.6107,0.6707,60,
2026-05-30 05:21:11,73603.35,0.6371,0.6273,0.5302,0.0171,8,
2026-05-30 05:21:21,73598.45,0.0937,0.2049,0.3766,-1.879,115,
2026-05-30 05:21:31,73592.95,0.8353,0.7188,0.5661,-0.2063,72,
2026-05-30 05:21:41,73605.85,0.6837,0.6532,0.6588,0.7889,95,
2026-05-30 05:21:51,73605.85,0.5791,0.5545,0.5563,0.0195,10,
2026-05-30 05:22:01,73611.75,0.4188,0.5279,0.5286,0.4774,55,
2026-05-30 05:22:11,73609.35,0.1255,0.2142,0.3974,-0.5602,24,
2026-05-30 05:22:21,73609.35,0.8658,0.6986,0.5367,0.0239,5,
2026-05-30 05:22:31,73618.45,0.4734,0.6623,0.6036,0.6419,62,
2026-05-30 05:22:41,73618.45,0.6361,0.656,0.6005,0.0215,5,
2026-05-30 05:22:51,73618.45,0.6907,0.7063,0.6346,0.0116,4,
2026-05-30 05:23:01,73616.05,0.5217,0.5372,0.4766,-0.658,26,
2026-05-30 05:23:11,73608.15,0.2326,0.2791,0.3608,-1.0501,72,
2026-05-30 05:23:21,73619.85,0.8472,0.6458,0.5737,0.6535,72,
2026-05-30 05:23:31,73619.85,0.5226,0.5415,0.5885,-0.1305,16,
2026-05-30 05:23:41,73619.85,0.6564,0.5519,0.5417,-0.0156,10,
2026-05-30 05:23:51,73622.75,0.0799,0.1964,0.3644,0.2553,90,
2026-05-30 05:24:01,73618.05,0.1958,0.4586,0.4026,-0.0015,39,
2026-05-30 05:24:11,73621.45,0.6142,0.5347,0.5742,0.5967,43,
2026-05-30 05:24:21,73625.35,0.5817,0.6601,0.4754,0.1151,42,
2026-05-30 05:24:31,73625.35,0.6205,0.6513,0.6351,0.0126,10,
2026-05-30 05:24:41,73627.15,0.774,0.7087,0.6585,0.0949,39,
2026-05-30 05:24:51,73636.65,0.3734,0.4503,0.4774,1.9902,261,
2026-05-30 05:25:01,73634.25,0.567,0.5133,0.4486,-0.5236,48,
2026-05-30 05:25:11,73641.05,0.845,0.8447,0.7132,0.3975,63,
2026-05-30 05:25:21,73647.85,0.793,0.74,0.7514,0.4088,50,
2026-05-30 05:25:31,73648.35,0.7922,0.6779,0.68,-1.2417,106,
2026-05-30 05:25:41,73653.25,0.475,0.5298,0.5689,0.1083,25,
2026-05-30 05:25:51,73646.65,0.34,0.5432,0.5603,-0.4325,34,
2026-05-30 05:26:01,73637.65,0.5027,0.5363,0.4812,-0.4466,95,
2026-05-30 05:26:11,73647.45,0.873,0.7062,0.698,0.7735,76,
2026-05-30 05:26:21,73643.25,0.2274,0.3827,0.4384,-0.026,27,
2026-05-30 05:26:31,73643.25,0.7909,0.6501,0.6295,0.1404,7,
2026-05-30 05:26:41,73645.55,0.8842,0.8528,0.7354,0.0968,16,
2026-05-30 05:26:51,73645.55,0.8944,0.8513,0.7075,0.0321,16,
2026-05-30 05:27:01,73644.35,0.2632,0.3589,0.4534,-0.1113,20,
2026-05-30 05:27:11,73647.35,0.7816,0.7049,0.5981,0.0576,21,
2026-05-30 05:27:21,73651.75,0.8569,0.7649,0.7657,0.4223,53,
2026-05-30 05:27:31,73651.75,0.6874,0.6509,0.7388,0.0069,6,
2026-05-30 05:27:41,73654.75,0.8272,0.8005,0.6748,0.0189,15,
2026-05-30 05:27:51,73654.75,0.5572,0.5822,0.6699,-0.0092,10,
2026-05-30 05:28:01,73653.15,0.1757,0.3802,0.4889,-0.0133,35,
2026-05-30 05:28:11,73653.15,0.3612,0.4892,0.5299,0.1383,12,
2026-05-30 05:28:21,73641.65,0.088,0.2334,0.293,-1.4871,130,
2026-05-30 05:28:31,73629.65,0.4482,0.4099,0.544,-0.5194,55,
2026-05-30 05:28:41,73632.05,0.795,0.7117,0.594,0.1663,25,
2026-05-30 05:28:51,73632.05,0.4425,0.6119,0.4801,0.1408,18,
2026-05-30 05:29:01,73634.35,0.8047,0.7787,0.5883,0.3303,25,
2026-05-30 05:29:11,73638.85,0.6134,0.7487,0.7059,0.8433,83,
2026-05-30 05:29:21,73638.85,0.4703,0.5369,0.6043,0.0283,18,
2026-05-30 05:29:31,73638.85,0.6153,0.6896,0.5333,0.1022,16,
2026-05-30 05:29:41,73638.85,0.495,0.6778,0.5225,0.1054,14,
2026-05-30 05:29:51,73638.85,0.4853,0.7441,0.5251,-0.0,11,
2026-05-30 05:30:01,73624.75,0.0296,0.194,0.2555,-1.1975,128,
2026-05-30 05:30:11,73624.35,0.6328,0.6681,0.5586,-0.0409,10,
2026-05-30 05:30:21,73624.35,0.9419,0.8497,0.6375,0.0265,8,
2026-05-30 05:30:31,73634.95,0.7345,0.8016,0.6204,0.6265,75,
2026-05-30 05:30:41,73615.85,0.8328,0.7383,0.4267,-0.284,190,
2026-05-30 05:30:51,73634.75,0.6208,0.5707,0.7101,0.5418,90,
2026-05-30 05:31:01,73640.75,0.43,0.5695,0.6461,0.3911,60,
2026-05-30 05:31:11,73641.75,0.6218,0.654,0.5042,0.1039,17,
2026-05-30 05:31:21,73631.15,0.6033,0.6199,0.4194,-1.4999,86,
2026-05-30 05:31:31,73650.85,0.7706,0.726,0.6952,1.9425,158,
2026-05-30 05:31:41,73629.95,0.4017,0.4541,0.3072,-3.0403,139,
2026-05-30 05:31:51,73656.85,0.1628,0.2415,0.3064,4.8034,298,
2026-05-30 05:32:01,73656.85,0.0502,0.2263,0.4468,-0.0012,14,
2026-05-30 05:32:11,73643.55,0.4507,0.5592,0.5734,-0.7235,94,
2026-05-30 05:32:31,73643.55,0.4629,0.6262,0.5753,0.0029,5,
2026-05-30 05:32:41,73652.65,0.6184,0.6098,0.6079,-0.7366,190,
2026-05-30 05:32:51,73645.35,0.8163,0.6354,0.5015,-0.428,24,
2026-05-30 05:33:01,73649.95,0.3744,0.6544,0.5582,0.1104,18,
2026-05-30 05:33:12,73647.55,0.4388,0.6297,0.5525,-0.0968,32,
2026-05-30 05:33:22,73645.35,0.1403,0.3412,0.3837,-0.2284,27,
2026-05-30 05:33:32,73640.85,0.1396,0.2266,0.314,-0.2954,46,
2026-05-30 05:33:42,73638.95,0.3436,0.3459,0.3348,-0.2664,40,
2026-05-30 05:33:52,73638.95,0.3282,0.3418,0.4725,0.0178,7,
2026-05-30 05:34:02,73638.95,0.6082,0.4834,0.5061,0.11,12,
2026-05-30 05:34:12,73646.05,0.8441,0.6819,0.6753,0.7405,89,
2026-05-30 05:34:22,73646.05,0.7681,0.6722,0.6762,0.0959,29,
2026-05-30 05:34:32,73646.05,0.7852,0.6846,0.6817,0.0584,18,
2026-05-30 05:34:42,73646.05,0.3941,0.49,0.5308,0.0595,13,
2026-05-30 05:34:52,73640.15,0.7442,0.5555,0.3724,0.2652,101,
2026-05-30 05:35:02,73634.45,0.6928,0.6456,0.524,-0.95,36,
2026-05-30 05:35:12,73643.05,0.6886,0.5784,0.4465,0.6031,72,
2026-05-30 05:35:22,73643.05,0.5332,0.5159,0.6463,0.0707,13,
2026-05-30 05:35:32,73643.05,0.7918,0.6452,0.6277,0.0531,14,
2026-05-30 05:35:42,73656.25,0.8789,0.8044,0.7262,1.2799,125,
2026-05-30 05:35:52,73654.45,0.1754,0.336,0.4555,-0.1215,25,
2026-05-30 05:36:02,73645.25,0.0914,0.3066,0.3148,-0.8914,95,
2026-05-30 05:36:12,73645.25,0.1648,0.3312,0.2568,0.0574,13,
2026-05-30 05:36:22,73645.25,0.1404,0.2715,0.3473,0.0033,10,
2026-05-30 05:36:32,73645.25,0.2327,0.3958,0.3362,0.1417,17,
2026-05-30 05:36:42,73637.95,0.1124,0.2063,0.3566,-0.3049,72,
2026-05-30 05:36:52,73645.25,0.8877,0.8289,0.727,0.8715,112,
2026-05-30 05:37:02,73645.25,0.8588,0.8019,0.5969,-0.0723,18,
2026-05-30 05:37:12,73645.25,0.8714,0.8198,0.7065,0.0553,18,
2026-05-30 05:37:22,73645.25,0.8857,0.829,0.6298,0.0345,13,
2026-05-30 05:37:32,73645.25,0.9206,0.8565,0.7163,0.057,27,
2026-05-30 05:37:42,73645.25,0.2933,0.392,0.435,0.1063,8,
2026-05-30 05:37:52,73645.25,0.6763,0.678,0.5582,0.0596,12,
2026-05-30 05:38:02,73642.45,0.3582,0.3628,0.3658,-0.3606,54,
2026-05-30 05:38:12,73636.45,0.5139,0.5261,0.4621,-0.3737,71,
2026-05-30 05:38:22,73639.45,0.3574,0.3411,0.4795,0.1746,35,
2026-05-30 05:38:32,73639.45,0.5836,0.4599,0.5649,0.3634,27,
2026-05-30 05:38:42,73639.45,0.6434,0.6233,0.62,0.2292,12,
2026-05-30 05:38:52,73642.35,0.8865,0.8534,0.6623,0.0992,35,
2026-05-30 05:39:02,73645.55,0.8053,0.604,0.5441,0.6528,60,
2026-05-30 05:39:12,73646.25,0.9667,0.6482,0.6844,0.2946,41,
2026-05-30 05:39:22,73670.35,0.2654,0.5952,0.5981,0.9869,160,
2026-05-30 05:39:32,73660.85,0.0951,0.1506,0.2666,-0.8315,78,
2026-05-30 05:39:42,73648.85,0.0702,0.0987,0.152,-0.7809,93,
2026-05-30 05:39:52,73643.05,0.2405,0.3102,0.368,-0.4604,49,
2026-05-30 05:40:02,73641.65,0.0739,0.1649,0.2779,-0.2796,43,
2026-05-30 05:40:12,73641.65,0.0718,0.1786,0.3481,0.0518,23,
2026-05-30 05:40:22,73630.85,0.2742,0.3805,0.4874,-0.4348,120,
2026-05-30 05:40:32,73630.85,0.391,0.4795,0.4077,0.0136,8,
2026-05-30 05:40:42,73630.85,0.3388,0.4459,0.3793,0.0025,5,
2026-05-30 05:40:52,73628.35,0.0842,0.2475,0.5068,1.2672,100,
2026-05-30 05:41:02,73628.35,0.2631,0.3516,0.451,-0.0005,4,
2026-05-30 05:41:12,73632.85,0.632,0.7619,0.5345,0.7728,54,
2026-05-30 05:41:22,73632.85,0.5962,0.5972,0.6085,0.0063,4,
2026-05-30 05:41:32,73614.95,0.3748,0.4453,0.3804,-0.6851,150,
2026-05-30 05:41:42,73614.95,0.4937,0.5034,0.5236,0.1039,9,
2026-05-30 05:41:52,73614.95,0.8299,0.6173,0.6388,0.7015,23,
2026-05-30 05:42:02,73614.95,0.4285,0.4252,0.5056,0.1829,22,
2026-05-30 05:42:12,73614.95,0.3347,0.3762,0.439,-0.0601,3,
2026-05-30 05:42:22,73614.95,0.9034,0.6668,0.4991,0.1622,20,
2026-05-30 05:42:32,73621.15,0.8568,0.7959,0.6485,0.6407,80,
2026-05-30 05:42:42,73621.15,0.9204,0.7282,0.6494,0.7,54,
2026-05-30 05:42:52,73625.75,0.9445,0.8395,0.6734,0.156,37,
2026-05-30 05:43:02,73615.75,0.1291,0.2049,0.2687,-0.7118,106,
2026-05-30 05:43:12,73608.35,0.4937,0.4906,0.4646,-0.5797,41,
2026-05-30 05:43:22,73608.35,0.5749,0.5416,0.5378,0.0161,6,
2026-05-30 05:43:32,73608.35,0.6225,0.5652,0.5181,0.0221,6,
2026-05-30 05:43:42,73603.35,0.1217,0.5104,0.4025,-0.2015,45,
2026-05-30 05:43:52,73601.25,0.3933,0.3725,0.2866,0.0429,18,
2026-05-30 05:44:02,73601.25,0.4631,0.4416,0.4016,0.6175,13,
2026-05-30 05:44:12,73601.25,0.378,0.3833,0.4277,0.0133,7,
2026-05-30 05:44:22,73608.35,0.8123,0.6069,0.671,1.0505,105,
2026-05-30 05:44:32,73608.35,0.7624,0.5443,0.5669,0.6406,33,
2026-05-30 05:44:42,73608.35,0.7593,0.5447,0.6616,0.3873,22,
2026-05-30 05:44:52,73608.35,0.7741,0.5369,0.6328,0.1528,21,
2026-05-30 05:45:02,73612.95,0.7757,0.6547,0.5805,0.4487,61,
2026-05-30 05:45:12,73615.65,0.8095,0.6392,0.5034,0.193,17,
2026-05-30 05:45:22,73615.75,0.8393,0.6158,0.6265,0.646,88,
2026-05-30 05:45:32,73627.15,0.9686,0.8865,0.5899,0.6279,137,
2026-05-30 05:45:42,73645.15,0.855,0.7336,0.6385,0.4394,69,
2026-05-30 05:45:52,73645.25,0.9614,0.7214,0.6141,0.6177,21,
2026-05-30 05:46:02,73645.35,0.9678,0.8003,0.6171,0.0924,16,
2026-05-30 05:46:12,73627.55,0.2266,0.2619,0.3775,-1.4008,114,
2026-05-30 05:46:22,73627.55,0.262,0.2847,0.4846,0.2317,9,
2026-05-30 05:46:32,73631.35,0.8773,0.8152,0.7231,0.5987,54,
2026-05-30 05:46:42,73631.35,0.9302,0.851,0.629,0.2981,37,
2026-05-30 05:46:52,73631.35,0.6221,0.6199,0.5066,0.1273,20,
2026-05-30 05:47:02,73631.35,0.9029,0.848,0.6075,0.1211,14,
2026-05-30 05:47:12,73634.75,0.8974,0.7847,0.6174,0.5403,26,
2026-05-30 05:47:22,73634.85,0.9488,0.833,0.6213,0.1632,15,
2026-05-30 05:47:32,73634.85,0.9721,0.8394,0.5694,0.0278,7,
2026-05-30 05:47:42,73634.85,0.9639,0.8274,0.6608,0.0261,15,
2026-05-30 05:47:52,73634.85,0.9618,0.8345,0.6142,-0.0081,9,
2026-05-30 05:48:02,73640.55,0.9794,0.8019,0.7139,0.4944,73,
2026-05-30 05:48:12,73645.75,0.8378,0.7023,0.6895,0.0737,26,
2026-05-30 05:48:22,73647.25,0.7775,0.6949,0.6865,0.5383,33,
2026-05-30 05:48:32,73647.25,0.5603,0.4633,0.4347,0.6293,16,
2026-05-30 05:48:42,73647.25,0.4218,0.3841,0.4551,0.0561,10,
2026-05-30 05:48:52,73641.95,0.4395,0.4881,0.4457,-0.4916,57,
2026-05-30 05:49:02,73637.25,0.2414,0.2299,0.2668,-0.9366,86,
2026-05-30 05:49:12,73637.25,0.2507,0.2237,0.3236,0.1508,8,
2026-05-30 05:49:22,73637.25,0.5339,0.3837,0.377,0.1229,7,
2026-05-30 05:49:32,73642.45,0.861,0.8253,0.6936,0.7031,76,
2026-05-30 05:49:42,73644.85,0.8516,0.7127,0.5411,0.4371,54,
2026-05-30 05:49:52,73644.85,0.7921,0.7159,0.5296,-0.0018,13,
2026-05-30 05:50:02,73644.85,0.8737,0.7002,0.5053,0.0142,15,
2026-05-30 05:50:12,73644.85,0.6759,0.4691,0.523,0.0025,16,
2026-05-30 05:50:22,73644.85,0.456,0.264,0.3225,0.4212,24,
2026-05-30 05:50:32,73644.65,0.3696,0.2726,0.3718,0.7517,74,
2026-05-30 05:50:42,73631.45,0.7065,0.4682,0.4546,-0.0208,218,
2026-05-30 05:50:52,73631.45,0.9262,0.8129,0.5717,0.179,44,
2026-05-30 05:51:02,73631.55,0.6609,0.5113,0.4718,0.0336,24,
2026-05-30 05:51:12,73621.05,0.6506,0.2821,0.4586,-0.6125,94,
2026-05-30 05:51:22,73621.05,0.4262,0.231,0.408,0.2111,25,
2026-05-30 05:51:32,73616.75,0.594,0.4796,0.4112,-0.416,49,
2026-05-30 05:51:42,73621.05,0.7718,0.6321,0.5741,0.745,94,
2026-05-30 05:51:52,73610.35,0.2833,0.3101,0.5164,-0.3568,57,
2026-05-30 05:52:02,73610.35,0.1483,0.2602,0.4764,0.0902,12,
2026-05-30 05:52:12,73604.35,0.3079,0.2134,0.4252,-0.2749,70,
2026-05-30 05:52:22,73608.05,0.9798,0.8923,0.8359,0.0199,117,
2026-05-30 05:52:32,73626.65,0.6077,0.6202,0.6317,2.0146,136,
2026-05-30 05:52:42,73621.55,0.1767,0.1603,0.3173,-0.4412,85,
2026-05-30 05:52:52,73621.55,0.8099,0.4371,0.5726,0.6156,12,
2026-05-30 05:53:02,73616.75,0.1056,0.2876,0.3305,-0.1103,86,
2026-05-30 05:53:12,73616.75,0.794,0.5504,0.5236,0.0644,13,
2026-05-30 05:53:22,73616.75,0.5532,0.4596,0.5469,0.044,20,
2026-05-30 05:53:32,73615.25,0.9743,0.761,0.5233,-0.0189,45,
2026-05-30 05:53:42,73624.95,0.8472,0.745,0.6051,0.5425,94,
2026-05-30 05:53:52,73624.95,0.9053,0.8104,0.6026,0.1127,16,
2026-05-30 05:54:02,73626.75,0.7599,0.6606,0.45,0.312,44,
2026-05-30 05:54:12,73633.95,0.7796,0.7515,0.6441,0.5325,85,
2026-05-30 05:54:22,73633.95,0.841,0.7312,0.5228,-0.0139,7,
2026-05-30 05:54:32,73637.25,0.9493,0.8005,0.6682,0.2562,35,
2026-05-30 05:54:42,73641.05,0.8426,0.6369,0.5674,0.6619,21,
2026-05-30 05:54:52,73644.55,0.9597,0.8174,0.7394,0.44,40,
2026-05-30 05:55:02,73659.05,0.9293,0.8154,0.6873,0.4762,52,
2026-05-30 05:55:12,73659.05,0.8725,0.7629,0.5876,0.0379,10,
2026-05-30 05:55:22,73659.05,0.7971,0.7153,0.5835,-0.0185,8,
2026-05-30 05:55:32,73659.05,0.8463,0.7483,0.6394,-0.0191,5,
2026-05-30 05:55:42,73659.05,0.8631,0.7346,0.5989,0.0024,8,
2026-05-30 05:55:52,73659.05,0.8836,0.7474,0.5945,0.0044,4,
2026-05-30 05:56:02,73656.75,0.4281,0.3151,0.4451,-1.426,57,
2026-05-30 05:56:12,73656.75,0.6893,0.5938,0.5667,-0.029,8,
2026-05-30 05:56:22,73658.95,0.6018,0.6404,0.5475,0.1313,29,
2026-05-30 05:56:32,73658.95,0.2986,0.3682,0.3894,0.0001,5,
2026-05-30 05:56:42,73650.35,0.6405,0.4694,0.408,-0.6358,62,
2026-05-30 05:56:52,73650.35,0.6677,0.4535,0.4766,-0.0193,15,
2026-05-30 05:57:02,73650.35,0.5268,0.4557,0.5069,-0.0092,5,
2026-05-30 05:57:12,73650.35,0.5868,0.4753,0.5436,0.003,2,
2026-05-30 05:57:22,73650.35,0.6741,0.4985,0.5568,-0.0027,1,
2026-05-30 05:57:32,73653.35,0.2426,0.2345,0.3693,0.5088,118,
2026-05-30 05:57:42,73653.35,0.518,0.4264,0.497,-0.0095,7,
2026-05-30 05:57:52,73653.35,0.8829,0.8144,0.5932,-0.0018,2,
2026-05-30 05:58:02,73654.85,0.8859,0.7228,0.5953,0.1838,63,
2026-05-30 05:58:12,73654.85,0.6451,0.5976,0.5203,0.009,5,
2026-05-30 05:58:22,73654.85,0.671,0.5814,0.505,0.0103,5,
2026-05-30 05:58:32,73654.85,0.4854,0.4,0.4155,-0.0554,18,
2026-05-30 05:58:42,73654.85,0.6959,0.6973,0.5378,-0.0351,30,
2026-05-30 05:58:52,73654.85,0.5976,0.6663,0.529,-0.0074,3,
2026-05-30 05:59:02,73661.35,0.9344,0.7685,0.6717,0.6141,101,
2026-05-30 05:59:12,73663.35,0.9672,0.8527,0.6136,0.219,27,
2026-05-30 05:59:22,73667.35,0.7863,0.6381,0.6719,0.0818,27,
2026-05-30 05:59:32,73667.35,0.597,0.6515,0.525,-0.0022,4,
2026-05-30 05:59:42,73667.35,0.7301,0.6967,0.5424,0.0053,2,
2026-05-30 05:59:52,73667.35,0.7926,0.7598,0.5436,0.005,7,
2026-05-30 06:00:02,73667.35,0.5632,0.6448,0.5509,0.0024,5,
2026-05-30 06:00:12,73674.75,0.9776,0.9054,0.8331,0.5373,52,
2026-05-30 06:00:22,73677.95,0.1768,0.3419,0.3552,-0.8707,145,
2026-05-30 06:00:32,73683.85,0.7829,0.6342,0.5814,0.0352,108,
2026-05-30 06:00:42,73688.55,0.8785,0.715,0.6848,0.5516,78,
2026-05-30 06:00:52,73688.55,0.8695,0.7222,0.5847,0.0228,8,
2026-05-30 06:01:02,73688.55,0.7528,0.693,0.7073,0.0088,4,
2026-05-30 06:01:12,73699.95,0.7962,0.7709,0.776,1.192,113,
2026-05-30 06:01:22,73688.55,0.5978,0.5264,0.4057,-1.1067,70,
2026-05-30 06:01:32,73696.85,0.3372,0.4468,0.4717,-0.513,68,
2026-05-30 06:01:42,73689.55,0.5662,0.4635,0.4137,-0.5042,57,
2026-05-30 06:01:52,73696.85,0.47,0.5168,0.4993,0.2221,51,
2026-05-30 06:02:02,73704.15,0.2608,0.3772,0.4864,0.7487,100,
2026-05-30 06:02:12,73704.05,0.3081,0.4294,0.4225,-0.246,32,
2026-05-30 06:02:22,73713.45,0.3564,0.4562,0.5546,0.8912,67,
2026-05-30 06:02:32,73711.45,0.1953,0.3151,0.4693,-0.3484,53,
2026-05-30 06:02:42,73711.45,0.5471,0.5943,0.5354,0.0153,12,
2026-05-30 06:02:52,73713.45,0.1949,0.2845,0.4403,0.5662,96,
2026-05-30 06:03:02,73714.75,0.8994,0.7838,0.7455,1.1696,54,
2026-05-30 06:03:12,73714.75,0.9052,0.7627,0.6632,0.084,29,
2026-05-30 06:03:22,73714.75,0.7096,0.6752,0.6098,0.0129,9,
2026-05-30 06:03:32,73714.75,0.3435,0.4188,0.4797,0.0002,11,
2026-05-30 06:03:42,73708.85,0.2266,0.1768,0.2749,-0.694,91,
2026-05-30 06:03:52,73701.75,0.5527,0.4954,0.2776,-0.3761,49,
2026-05-30 06:04:02,73705.45,0.8238,0.6536,0.5937,-0.0356,79,
2026-05-30 06:04:12,73706.85,0.2306,0.3049,0.2969,0.3137,51,
2026-05-30 06:04:22,73705.45,0.1299,0.1512,0.3098,-0.2125,37,
2026-05-30 06:04:32,73705.45,0.7755,0.3852,0.4762,-0.0054,12,
2026-05-30 06:04:42,73706.85,0.8629,0.6636,0.6123,0.1675,52,
2026-05-30 06:04:52,73706.85,0.5317,0.4771,0.4727,0.0126,8,
2026-05-30 06:05:02,73706.85,0.8095,0.6193,0.526,0.0225,9,
2026-05-30 06:05:12,73699.95,0.3364,0.4078,0.3365,-0.6393,34,
2026-05-30 06:05:22,73699.95,0.7415,0.4776,0.5963,0.1485,34,
2026-05-30 06:05:32,73699.95,0.4951,0.334,0.4507,0.0031,1,
2026-05-30 06:05:42,73699.95,0.5958,0.3802,0.4867,0.0,1,
2026-05-30 06:05:52,73699.95,0.4855,0.4954,0.4634,0.0112,4,
2026-05-30 06:06:02,73699.95,0.7393,0.4218,0.5255,0.0017,3,
2026-05-30 06:06:12,73699.95,0.4834,0.5254,0.485,0.0028,3,
2026-05-30 06:06:22,73699.95,0.5114,0.5172,0.4754,0.006,3,
2026-05-30 06:06:32,73694.15,0.0697,0.1223,0.2568,-0.4385,52,
2026-05-30 06:06:42,73686.85,0.0994,0.1559,0.2094,-0.26,37,
2026-05-30 06:06:52,73686.85,0.3012,0.275,0.3714,0.007,5,
2026-05-30 06:07:02,73701.55,0.2308,0.3691,0.3999,1.719,170,
2026-05-30 06:07:12,73701.55,0.8733,0.7852,0.5418,0.0222,9,
2026-05-30 06:07:22,73701.55,0.7749,0.7406,0.5747,0.0356,10,
2026-05-30 06:07:32,73701.55,0.5107,0.497,0.5071,0.0027,2,
2026-05-30 06:07:42,73701.55,0.1485,0.2807,0.4339,-0.0816,13,
2026-05-30 06:07:52,73701.55,0.169,0.2361,0.3875,0.026,8,
2026-05-30 06:08:02,73689.55,0.3712,0.3243,0.4016,-1.112,127,
2026-05-30 06:08:12,73689.55,0.1651,0.2293,0.3649,0.005,2,
2026-05-30 06:08:22,73689.55,0.1498,0.1782,0.3451,0.0036,6,
2026-05-30 06:08:32,73689.55,0.4656,0.4005,0.4036,0.0034,12,
2026-05-30 06:08:42,73689.55,0.4882,0.4153,0.3992,-0.0166,7,
2026-05-30 06:08:52,73689.55,0.4533,0.3613,0.3877,-0.0136,5,
2026-05-30 06:09:02,73689.55,0.4815,0.3548,0.3853,0.0234,13,
2026-05-30 06:09:12,73689.55,0.473,0.4097,0.4704,-0.0007,2,
2026-05-30 06:09:22,73689.55,0.7727,0.6371,0.5774,-0.0063,5,
2026-05-30 06:09:32,73692.75,0.8592,0.8594,0.7005,0.8519,108,
2026-05-30 06:09:42,73692.75,0.865,0.8587,0.7102,0.1613,43,
2026-05-30 06:09:52,73692.75,0.4078,0.7134,0.5827,0.0715,26,
2026-05-30 06:10:02,73692.75,0.714,0.6451,0.6283,-0.0026,4,
2026-05-30 06:10:12,73692.75,0.6138,0.6241,0.612,-0.0209,9,
2026-05-30 06:10:22,73692.75,0.4367,0.7048,0.5844,0.0243,11,
2026-05-30 06:10:32,73692.75,0.3771,0.5488,0.5723,0.0147,12,
2026-05-30 06:10:42,73692.75,0.6181,0.621,0.615,0.001,5,
2026-05-30 06:10:53,73692.75,0.7154,0.6382,0.6432,-0.0016,10,
2026-05-30 06:11:03,73695.35,0.7115,0.7885,0.6748,0.3569,64,
2026-05-30 06:11:13,73700.05,0.8632,0.8346,0.6769,0.3324,72,
2026-05-30 06:11:23,73700.05,0.7282,0.6941,0.5067,-0.004,4,
2026-05-30 06:11:33,73700.05,0.8855,0.8397,0.6181,-0.0083,6,
2026-05-30 06:11:43,73700.05,0.8174,0.7316,0.5834,-0.113,7,
2026-05-30 06:11:53,73686.55,0.9438,0.8325,0.5819,-3.991,106,
2026-05-30 06:12:03,73691.05,0.7682,0.6788,0.606,0.1932,30,
2026-05-30 06:12:13,73691.05,0.5023,0.3497,0.5158,-0.0461,20,
2026-05-30 06:12:23,73691.05,0.2318,0.2105,0.4381,0.014,7,
2026-05-30 06:12:33,73669.75,0.2333,0.3481,0.3087,-0.3865,85,
2026-05-30 06:12:43,73669.75,0.586,0.6162,0.5858,0.0227,3,
2026-05-30 06:12:53,73669.75,0.059,0.1896,0.3098,0.0156,4,
2026-05-30 06:13:03,73669.75,0.2415,0.2229,0.4004,-0.0132,9,
2026-05-30 06:13:13,73669.75,0.7059,0.4283,0.4911,0.0149,18,
2026-05-30 06:13:23,73669.75,0.5736,0.3982,0.4804,-0.0377,30,
2026-05-30 06:13:33,73679.75,0.6028,0.5979,0.4973,0.6867,107,
2026-05-30 06:13:43,73682.15,0.9503,0.816,0.6358,0.3398,48,
2026-05-30 06:13:53,73689.35,0.0882,0.3953,0.4299,0.2603,33,
2026-05-30 06:14:03,73684.75,0.1433,0.2999,0.4422,-0.2158,33,
2026-05-30 06:14:23,73682.05,0.3035,0.3055,0.2932,-0.4666,40,
2026-05-30 06:14:33,73682.05,0.2731,0.2902,0.3892,0.008,3,
2026-05-30 06:14:43,73677.35,0.3027,0.3426,0.3997,-1.2477,79,
2026-05-30 06:14:53,73677.35,0.3482,0.4096,0.4926,0.0042,7,
2026-05-30 06:15:03,73677.35,0.0916,0.1836,0.4307,0.0117,3,
2026-05-30 06:15:13,73677.35,0.235,0.2514,0.4447,0.0115,3,
2026-05-30 06:15:23,73677.35,0.4099,0.3968,0.519,0.0086,3,
2026-05-30 06:15:33,73683.35,0.8733,0.7407,0.6673,0.7499,100,
2026-05-30 06:15:43,73688.65,0.7312,0.6972,0.7317,0.3444,35,
2026-05-30 06:15:53,73688.65,0.7246,0.6786,0.5782,0.0,1,
2026-05-30 06:16:03,73688.65,0.7791,0.732,0.6398,-0.002,2,
2026-05-30 06:16:13,73688.65,0.6525,0.6183,0.5524,-0.0602,4,
2026-05-30 06:16:23,73688.65,0.7734,0.7069,0.5828,0.011,10,
2026-05-30 06:16:33,73695.55,0.6775,0.6218,0.5443,0.4099,75,
2026-05-30 06:16:43,73695.55,0.6714,0.6346,0.5564,0.0138,7,
2026-05-30 06:16:53,73695.55,0.6587,0.6133,0.5431,-0.0686,27,
2026-05-30 06:17:03,73695.55,0.7089,0.6636,0.5559,0.0576,9,
2026-05-30 06:17:13,73696.15,0.9243,0.8219,0.5924,0.6008,32,
2026-05-30 06:17:23,73696.15,0.8448,0.7696,0.5705,0.0058,5,
2026-05-30 06:17:33,73666.35,0.7493,0.5777,0.5084,-1.9288,194,
2026-05-30 06:17:43,73668.15,0.3841,0.4113,0.4566,0.0984,21,
2026-05-30 06:17:53,73668.15,0.2199,0.3157,0.4539,-0.009,7,
2026-05-30 06:18:03,73664.55,0.4725,0.4143,0.421,-0.2717,57,
2026-05-30 06:18:13,73664.55,0.7327,0.492,0.3974,0.0001,2,
2026-05-30 06:18:23,73666.35,0.7806,0.75,0.5445,0.2029,49,
2026-05-30 06:18:33,73671.25,0.7041,0.6796,0.5684,0.1394,24,
2026-05-30 06:18:43,73671.25,0.6677,0.6581,0.6153,-0.0341,3,
2026-05-30 06:18:53,73671.25,0.739,0.7261,0.6099,0.0,1,
2026-05-30 06:19:03,73678.65,0.6466,0.6141,0.6626,0.5464,61,
2026-05-30 06:19:13,73682.75,0.094,0.1302,0.3998,-0.0184,99,
2026-05-30 06:19:23,73682.75,0.199,0.3899,0.4361,0.0018,3,
2026-05-30 06:19:33,73682.75,0.5057,0.7472,0.5608,0.0039,3,
2026-05-30 06:19:43,73682.75,0.522,0.7493,0.5653,0.0651,19,
2026-05-30 06:19:53,73675.35,0.0161,0.128,0.2131,-0.6418,71,
2026-05-30 06:20:03,73670.85,0.1466,0.2387,0.2545,-0.5622,59,
2026-05-30 06:20:13,73667.45,0.1615,0.2263,0.3794,-0.2678,38,
2026-05-30 06:20:23,73667.45,0.1381,0.1462,0.3568,0.0017,4,
2026-05-30 06:20:33,73660.15,0.0977,0.1617,0.2252,-0.3192,65,
2026-05-30 06:20:43,73657.55,0.2899,0.3922,0.345,-0.2231,41,
2026-05-30 06:20:53,73657.55,0.161,0.216,0.381,0.0036,8,
2026-05-30 06:21:03,73657.55,0.3349,0.3244,0.4496,-0.0079,7,
2026-05-30 06:21:13,73657.55,0.2247,0.2541,0.3667,-0.0052,8,
2026-05-30 06:21:23,73649.75,0.0117,0.0936,0.2109,-0.5507,86,
2026-05-30 06:21:33,73647.05,0.1094,0.1549,0.1947,-0.1627,28,
2026-05-30 06:21:43,73643.05,0.1207,0.1957,0.2474,-0.222,27,
2026-05-30 06:21:53,73653.45,0.7369,0.6399,0.6683,0.7479,126,
2026-05-30 06:22:03,73653.45,0.6219,0.5907,0.5207,-0.0315,16,
2026-05-30 06:22:13,73653.45,0.4955,0.5038,0.5201,-0.3073,6,
2026-05-30 06:22:23,73653.45,0.593,0.5302,0.4851,0.0149,5,
2026-05-30 06:22:33,73653.45,0.4001,0.396,0.4567,0.0022,10,
2026-05-30 06:22:43,73641.55,0.1451,0.1604,0.3335,-0.4382,99,
2026-05-30 06:22:53,73641.45,0.0591,0.1485,0.2415,-0.2281,33,
