timestamp,price,imbalance_5,imbalance_20,imbalance_50,market_delta_10s,trade_speed_10s,label_next_price,speed_zscore,delta_rolling_2m,delta_rolling_5m,imb_20_velocity
2026-05-29 18:58:05,73128.25,0.2354,0.4437,0.5338,-1.7541,232,1,-0.0673579565228104,9.427600000000002,9.427600000000002,-0.19320000000000004
2026-05-29 18:58:35,73118.25,0.2768,0.358,0.5043,-0.8715,115,1,-0.44085722715256176,8.505700000000001,8.505700000000001,-0.32000000000000006
2026-05-29 18:59:05,73122.15,0.518,0.5449,0.5758,-0.0058,43,1,-0.7117893343457599,7.877000000000001,8.102500000000001,0.10120000000000007
2026-05-29 18:59:35,73099.05,0.0515,0.1515,0.23,-0.5118,71,1,-0.4816199946774335,-2.3523000000000005,9.3399,-0.2065
2026-05-29 19:00:05,73090.45,0.7081,0.6596,0.5938,-0.4006,265,1,0.6796240012897529,-1.2936000000000005,8.134,0.11469999999999991
2026-05-29 19:00:35,73083.15,0.1915,0.2471,0.2683,-1.3429,127,1,-0.11902992025714171,-1.8154000000000003,6.690300000000001,0.09559999999999999
2026-05-29 19:01:05,73006.05,0.4055,0.4089,0.6269,-0.5107,59,1,-0.5738063038530464,-3.4039,4.698600000000001,-0.2507
2026-05-29 19:01:35,73092.85,0.3653,0.422,0.5023,1.4362,171,1,0.21715423466435793,-2.7215000000000007,6.6184,0.1749
2026-05-29 19:02:05,73140.05,0.476,0.5403,0.4554,0.7054,123,1,-0.1369990681549506,14.790299999999998,22.6988,0.13140000000000002
2026-05-29 19:02:35,73099.05,0.6072,0.5928,0.5101,-2.0902,168,1,1.0033514550592946,15.177699999999998,10.175799999999999,0.1708
2026-05-29 19:03:05,73120.95,0.588,0.6467,0.5142,-1.0405,111,1,0.04878613925672429,17.4509,12.7219,0.10640000000000005
2026-05-29 19:03:35,73143.65,0.916,0.7717,0.6781,0.5023,54,1,-1.044721171945511,15.269099999999998,13.381799999999998,0.17890000000000006
2026-05-29 19:04:05,73167.55,0.0646,0.2168,0.4889,-0.3987,167,1,1.0288293126359835,-2.0869999999999993,12.7348,-0.42990000000000006
2026-05-29 19:04:35,73255.15,0.3489,0.4955,0.6458,2.2021,246,1,2.194778403470939,4.2971,16.8252,-0.27620000000000006
2026-05-29 19:05:05,73335.45,0.6331,0.6395,0.7256,3.1078,512,1,3.857458527603389,8.4847,22.5002,0.42269999999999996
2026-05-29 19:05:35,73318.85,0.1604,0.3739,0.5336,0.5264,145,1,-0.17351902233533403,7.2906,22.4878,-0.12159999999999999
2026-05-29 19:06:05,73334.85,0.2842,0.3277,0.5156,2.5654,226,1,0.5585082980142587,10.5502,26.6889,-0.31179999999999997
2026-05-29 19:06:35,73314.55,0.4978,0.5128,0.5806,-1.2903,169,1,-0.017316434693516968,6.950400000000001,26.4971,0.13890000000000002
2026-05-29 19:07:05,73381.25,0.6158,0.6678,0.8446,1.1424,142,1,-0.2917850543527208,5.0675,12.777399999999998,0.34009999999999996
2026-05-29 19:07:35,73507.45,0.3745,0.4448,0.6061,2.6708,456,1,1.5061786207986783,14.367899999999999,21.677999999999997,-0.06800000000000006
2026-05-29 19:08:05,73514.75,0.3636,0.5504,0.6949,0.5071,165,1,-0.3990574863758355,10.587499999999999,19.825499999999998,-0.11739999999999995
2026-05-29 19:09:55,73670.05,0.3204,0.3714,0.557,2.5061,645,0,1.8357179450600924,72.45070000000001,86.3922,-0.2756
2026-05-29 19:10:25,73695.55,0.8441,0.6751,0.5798,0.788,203,0,-0.5457770459192759,64.1263,83.8824,0.2862
2026-05-29 19:10:55,73685.55,0.7303,0.643,0.5694,0.5449,160,0,-0.8056330927423122,63.81960000000001,81.81830000000001,0.2716
2026-05-29 19:11:25,73714.95,0.5391,0.5579,0.6962,-0.4075,186,0,-0.6534707981537058,1.5055000000000072,74.9549,-0.11720000000000008
2026-05-29 19:11:55,73727.75,0.8629,0.6273,0.7822,-0.3681,224,0,-0.45524655423321225,-5.122999999999993,74.2363,-0.015700000000000047
2026-05-29 19:12:25,73691.95,0.5535,0.4357,0.3891,-3.5513,176,0,-0.6500082290335777,-4.4006999999999925,67.2582,-0.12219999999999998
2026-05-29 19:12:56,73732.85,0.6852,0.6142,0.5774,-0.1048,88,0,-1.0628310936252259,-2.0314999999999928,67.141,-0.0131
2026-05-29 19:14:06,73695.65,0.0218,0.1098,0.2281,-2.2283,376,1,1.0901935314804967,-6.901299999999993,-5.7996,-0.3136
2026-05-29 19:15:56,73730.25,0.1196,0.1477,0.238,-0.2363,203,1,0.430424579160834,-0.8534999999999922,-5.4246,-0.2117
2026-05-29 19:16:26,73688.05,0.072,0.1893,0.4109,-0.8061,196,1,0.35785730879575195,0.7824000000000076,-4.5611999999999995,-0.42210000000000003
2026-05-29 19:16:56,73590.85,0.0439,0.1265,0.4235,-0.2272,177,1,0.05675776966010699,-0.6990999999999927,-6.4535,-0.021199999999999997
2026-05-29 19:17:26,73597.05,0.1913,0.3082,0.4058,-0.914,216,1,0.4564011076320024,-1.078099999999993,-4.7458,0.11889999999999998
2026-05-29 19:17:56,73590.85,0.7652,0.6038,0.4757,0.1292,61,1,-1.2526991030602233,-1.071599999999993,-4.464700000000001,0.4773
2026-05-29 19:18:26,73545.05,0.3566,0.5037,0.6948,-0.6841,148,1,-0.39024429651908416,-8.447399999999993,-13.8465,0.19550000000000006
2026-05-29 19:18:56,73569.65,0.3423,0.4772,0.5886,0.567,65,1,-1.3402296352824605,-5.175599999999992,-8.9028,-0.1266
2026-05-29 19:19:26,73574.95,0.4023,0.4794,0.657,0.0478,88,1,-0.9114531712716414,-6.977199999999992,-7.6067,-0.024300000000000044
2026-05-29 19:19:56,73640.35,0.3066,0.5349,0.7182,5.2146,241,1,0.859407440071566,-7.6118999999999915,-6.5089,0.05770000000000003
2026-05-29 19:20:26,73565.15,0.1037,0.9351,0.9088,-3.0437,267,1,1.2173255916066255,-4.297599999999991,-12.4112,0.45570000000000005
2026-05-29 19:20:56,73543.45,0.0381,0.1608,0.2922,1.6552,101,1,-0.7647039534627659,-38.90059999999999,-46.9499,-0.37410000000000004
2026-05-29 19:21:26,73557.35,0.9029,0.7197,0.6573,0.1112,103,1,-0.6845055822592555,-37.19339999999999,-45.5825,-0.21540000000000004
2026-05-29 19:21:56,73571.75,0.3266,0.3781,0.5081,-0.3853,79,1,-0.8579405730323909,-34.54889999999999,-40.3587,0.2173
2026-05-29 19:22:26,73550.45,0.3937,0.436,0.567,-0.4048,123,1,-0.15657557237885017,-31.52729999999999,-42.8604,-0.2837
2026-05-29 19:22:56,73585.35,0.1375,0.2714,0.4749,-1.1786,61,1,-0.967823243657988,2.710900000000007,-43.1674,-0.10670000000000002
2026-05-29 19:23:26,73551.45,0.3182,0.3568,0.3487,0.26,121,1,-0.02324089253481,2.8733000000000075,-34.2618,-0.07919999999999999
2026-05-29 19:23:56,73589.45,0.8997,0.6703,0.5429,1.332,205,1,1.3932566468637737,1.173600000000007,-34.009499999999996,0.39890000000000003
2026-05-29 19:24:26,73588.25,0.8414,0.7117,0.6309,0.316,53,1,-1.128297762971401,2.387600000000007,-33.495599999999996,0.3549
2026-05-29 19:24:56,73595.85,0.1634,0.2577,0.3039,-0.4185,55,1,-1.028524130975449,-0.46199999999999297,-36.017500000000005,-0.4126
2026-05-29 19:25:26,73518.95,0.3953,0.4971,0.4954,0.1492,99,1,-0.1331449665031397,-2.573599999999993,-32.5378,-0.2146
2026-05-29 19:25:56,73489.35,0.0475,0.1678,0.2029,-0.0776,29,1,-1.5743072936188025,-5.282699999999993,-0.3916000000000033,-0.08989999999999998
2026-05-29 19:26:26,73518.55,0.2257,0.2935,0.4795,-0.5919,91,1,-0.1622480549886006,-4.877699999999993,-1.179900000000003,-0.2036
2026-05-29 19:26:56,73561.45,0.0793,0.1309,0.3686,0.3785,90,1,-0.21672779361777814,-0.9126999999999932,-2.381300000000003,-0.036900000000000016
2026-05-29 19:27:26,73585.55,0.7655,0.5473,0.3556,-1.137,187,1,1.7681659144812307,-0.44129999999999314,-1.4518000000000033,0.2538
2026-05-29 19:27:56,73563.45,0.5408,0.4893,0.4472,-0.574,121,1,0.034683411670453065,2.726800000000007,-0.3757000000000036,0.35840000000000005
2026-05-29 19:28:26,73706.25,0.4617,0.4874,0.6568,1.3302,187,1,0.3281091046920409,20.530700000000007,16.477499999999996,-0.05990000000000001
2026-05-29 19:28:56,73707.35,0.1047,0.2848,0.5576,-0.3867,236,1,0.6371323261487614,16.75860000000001,13.203699999999996,-0.20450000000000002
2026-05-29 19:29:46,73706.85,0.8437,0.6466,0.6193,0.2113,180,1,0.10695832757824288,8.934900000000006,9.176699999999997,0.29579999999999995
2026-05-29 19:30:16,73698.15,0.4442,0.5222,0.6236,0.2495,144,1,-0.2064940584390471,-8.596599999999993,9.273499999999995,0.241
2026-05-29 19:31:06,73784.95,0.1946,0.2903,0.5238,0.0187,287,1,0.7325255580771577,-4.546499999999992,13.812299999999997,-0.3691
2026-05-29 19:31:56,73844.95,0.4692,0.3905,0.522,-2.5226,575,0,2.460519091175874,4.2624000000000075,13.614699999999997,-0.33490000000000003
2026-05-29 19:32:26,73878.55,0.848,0.4565,0.5624,-1.1474,309,0,0.5463089134532014,4.727600000000008,14.875999999999996,0.18010000000000004
2026-05-29 19:32:56,73892.55,0.5951,0.4607,0.6254,-1.6572,283,0,0.38717208375054507,4.246700000000008,15.986799999999999,0.07019999999999998
2026-05-29 19:33:26,74023.45,0.1564,0.3176,0.5079,-2.7863,1334,0,2.9992452147010598,13.112300000000007,8.257499999999997,-0.13890000000000002
2026-05-29 19:33:56,74043.75,0.1121,0.2603,0.4657,0.0269,161,0,-0.45235448722664606,11.048300000000006,7.904399999999997,-0.20040000000000002
2026-05-29 19:34:26,74075.25,0.298,0.2997,0.4969,-0.6716,488,0,0.4166542423769266,10.434500000000007,9.125399999999996,-0.01789999999999997
2026-05-29 19:34:56,74050.55,0.4244,0.3768,0.5855,-3.0305,487,0,0.338715621819964,1.143300000000007,8.776799999999996,0.11650000000000005
2026-05-29 19:35:26,74033.65,0.6688,0.5483,0.4776,0.1461,292,0,-0.27408160475045823,-10.837399999999992,6.7640999999999964,0.2486
2026-05-29 19:35:56,74132.65,0.3039,0.3121,0.5992,2.4173,444,0,0.14019159163643802,-5.501699999999993,6.422199999999996,-0.06470000000000004
2026-05-29 19:36:26,74185.35,0.2641,0.5139,0.715,-0.9773,166,0,-0.726651804226401,-0.7242999999999928,9.948599999999995,-0.034399999999999986
2026-05-29 19:36:56,74156.85,0.3819,0.3732,0.6205,1.2929,126,0,-0.8084415254587061,4.559500000000007,9.073899999999997,0.06109999999999999
2026-05-29 19:37:26,74103.75,0.4469,0.3873,0.4063,-3.3852,213,0,-0.5412935573662054,0.384000000000007,2.4204999999999957,-0.12660000000000005
2026-05-29 19:37:56,74028.05,0.7298,0.6706,0.6017,-1.9661,231,0,-0.523172396552585,-5.5557999999999925,-3.380300000000004,0.2974
2026-05-29 19:38:26,74097.25,0.1234,0.4012,0.3773,2.1516,178,0,-1.0483166083759226,-7.551899999999994,-10.715600000000002,0.013900000000000023
2026-05-29 19:38:56,74123.35,0.508,0.5192,0.6809,0.6595,195,0,-0.8630666737006955,-5.390199999999993,-7.364600000000003,-0.15139999999999998
2026-05-29 19:39:26,74094.75,0.826,0.5504,0.5913,-1.2893,148,0,-0.9958424894089971,-4.074399999999993,-12.088400000000004,0.1492
2026-05-29 19:39:56,74112.25,0.5437,0.5201,0.4324,-0.0194,9,0,-1.70929764884614,-0.7674999999999929,-5.291100000000004,0.0009000000000000119
2026-05-29 19:40:26,74102.95,0.4499,0.4817,0.6082,0.0381,98,0,-0.9274497543916488,-5.697699999999993,-5.575900000000003,-0.06869999999999998
2026-05-29 19:40:56,74154.75,0.1881,0.387,0.6846,0.5496,84,0,-0.9090055575348455,-4.166999999999993,-6.029900000000003,-0.1331
2026-05-29 19:41:26,74166.45,0.6413,0.589,0.5552,-2.5151,274,0,0.6414158316267246,0.3581000000000074,-11.006000000000004,0.10729999999999995
2026-05-29 19:41:56,74011.45,0.1188,0.2505,0.3561,-5.1058,563,0,2.669676830800957,-6.060899999999993,-15.911500000000004,-0.1365
2026-05-29 19:42:26,73948.25,0.1128,0.226,0.3435,-0.8917,167,0,-0.2788920824928559,-5.460999999999993,-11.420900000000003,-0.363
2026-05-29 19:42:56,73879.55,0.1857,0.2328,0.2955,-0.5718,311,0,0.894366823583821,-6.023899999999993,-6.498000000000003,-0.017699999999999994
2026-05-29 19:45:46,73859.95,0.7643,0.6524,0.6402,4.7288,295,0,0.5091350645648764,8.149700000000008,4.311599999999997,-0.007900000000000018
2026-05-29 19:46:56,73792.35,0.7871,0.6085,0.5765,-0.1805,81,1,-1.3029515946901895,-1.256299999999992,7.000299999999996,-0.1419999999999999
2026-05-29 19:47:26,73741.05,0.8958,0.5281,0.3656,-0.5886,104,1,-1.0022978795317776,-4.199899999999992,3.954699999999996,0.23610000000000003
2026-05-29 19:47:56,73765.85,0.8428,0.6344,0.6014,-0.1246,69,1,-1.2895388126996912,-6.357199999999992,2.554099999999996,0.025899999999999923
2026-05-29 19:51:26,73803.05,0.9715,0.76,0.572,-0.3801,68,1,-0.6197749752527415,-3.088399999999991,-10.555700000000002,0.3817
2026-05-29 19:51:56,73772.55,0.6699,0.495,0.3848,-0.3317,175,1,1.0531967375502138,-2.637599999999991,-8.721700000000004,0.0267
2026-05-29 19:52:26,73776.25,0.2168,0.3273,0.4279,-0.2721,111,1,0.15218658891546005,-0.7567999999999913,-4.250600000000002,-0.43270000000000003
2026-05-29 19:52:56,73752.55,0.5596,0.4829,0.4316,-0.0658,95,1,-0.03314214290355624,-1.7587999999999913,-5.848500000000002,-0.0121
2026-05-29 19:53:26,73744.95,0.2816,0.4247,0.4933,0.5997,163,1,1.2656289310356235,-1.9063999999999914,-4.574100000000002,0.09740000000000004
2026-05-29 19:53:56,73733.85,0.3348,0.3195,0.4338,-0.1432,55,1,-0.7626020010332417,-3.4695999999999914,-7.019800000000002,-0.1634
2026-05-29 19:54:26,73768.25,0.7916,0.8266,0.6144,0.0324,82,1,-0.3112930509790323,-2.0377999999999914,-4.976700000000003,0.4019
2026-05-29 19:54:56,73778.65,0.0828,0.1821,0.3667,0.0096,33,1,-1.2354011905173095,-1.2324999999999915,-5.112700000000003,-0.1374
2026-05-29 19:55:26,73756.55,0.65,0.7223,0.5726,0.6683,61,1,-0.7169869600945695,-0.6346999999999915,-3.4474000000000022,-0.10429999999999995
2026-05-29 19:55:56,73773.25,0.4928,0.5381,0.6187,0.4321,61,1,-0.6635399106639753,0.9307000000000085,-3.055100000000003,0.356
2026-05-29 19:56:26,73842.15,0.5321,0.4607,0.3617,-0.3439,95,1,0.14883749592295614,2.4211000000000085,0.5327999999999975,-0.26160000000000005
2026-05-29 19:56:56,73843.25,0.4156,0.4666,0.6259,1.6975,53,1,-0.7965345503282089,3.7088000000000085,1.2336999999999976,-0.07150000000000001
2026-05-29 19:57:26,73799.05,0.2666,0.2903,0.3616,-2.2489,166,1,1.7743843634054766,3.8619000000000083,1.1712999999999978,-0.1704
2026-05-29 19:57:57,73805.85,0.402,0.4361,0.498,0.0202,10,1,-1.4938918014281521,4.096800000000008,2.8004999999999978,-0.030500000000000027
2026-05-29 19:58:27,73817.55,0.0958,0.1728,0.3042,-1.5824,91,1,0.20020187236051798,-0.14939999999999176,2.289799999999998,-0.1175
2026-05-29 19:58:57,73808.65,0.2347,0.3325,0.4035,-0.3225,48,1,-0.6293483469994594,-1.689499999999992,3.0137999999999976,-0.10359999999999997
2026-05-29 19:59:27,73790.75,0.9053,0.7616,0.5695,-0.1468,105,1,0.5250260228220147,-1.650999999999992,1.5580999999999976,0.5888
2026-05-29 19:59:57,73811.85,0.0957,0.2297,0.3281,0.1186,39,1,-0.8340943196143253,-1.533899999999992,2.4990999999999977,-0.10280000000000003
2026-05-29 20:00:27,73794.45,0.018,0.1467,0.2412,-0.2616,85,1,-0.05975141840006898,-1.200899999999992,1.7235999999999976,-0.6149
2026-05-29 20:00:57,73805.35,0.7635,0.6652,0.5254,-0.162,105,1,0.08790720204702308,-0.0230999999999921,2.0599999999999974,0.4355
2026-05-29 20:01:27,73856.95,0.1789,0.3078,0.3977,1.3134,103,1,0.017313110694522585,2.3025000000000078,1.4394999999999976,0.16110000000000002
2026-05-29 20:01:57,73842.15,0.1463,0.2266,0.519,-0.1783,56,1,-0.6528697180923287,1.490800000000008,0.28109999999999735,-0.4386
2026-05-29 20:03:57,73833.05,0.6618,0.3911,0.3437,3.6718,298,0,1.1498256281092614,39.57860000000001,41.5492,-0.018799999999999983
2026-05-29 20:04:27,73851.55,0.5217,0.3191,0.3582,3.9542,327,0,0.989624696426561,49.188,53.0418,-0.5464
2026-05-29 20:04:57,73879.85,0.3372,0.3077,0.3245,3.0181,391,0,1.1437272705271855,43.10370000000001,60.6518,-0.08340000000000003
2026-05-29 20:05:27,73845.75,0.5399,0.427,0.3272,-0.0057,3,0,-1.556466805135663,32.89200000000001,63.4723,0.1079
2026-05-29 20:05:57,73844.25,0.2366,0.1983,0.2204,-5.9666,181,0,-0.3645210374076578,17.70070000000001,59.272999999999996,-0.10939999999999997
2026-05-29 20:06:27,73850.85,0.0525,0.1329,0.2543,-0.0677,62,0,-1.1664536155281453,6.517500000000008,57.2568,-0.29410000000000003
2026-05-29 20:06:57,73850.85,0.5647,0.4711,0.4576,-0.0547,18,0,-1.484888647543251,-1.893499999999992,57.267500000000005,0.27280000000000004
2026-05-29 20:07:27,73873.35,0.2198,0.2907,0.3572,-0.1693,38,0,-1.3924891417757836,-1.5096999999999918,57.621500000000005,0.15780000000000002
2026-05-29 20:07:57,73824.05,0.3008,0.3008,0.3271,0.2371,31,0,-1.2658127973263888,-2.1701999999999924,39.0518,-0.1703
2026-05-29 20:08:27,73878.15,0.3147,0.2452,0.2389,-0.0055,48,0,-1.0518482304543364,0.6671000000000079,30.133399999999998,-0.04550000000000001
2026-05-29 20:08:57,73902.05,0.7434,0.523,0.5274,-0.0209,10,0,-1.1876723324122826,0.7746000000000078,18.4635,0.2222
2026-05-29 20:09:27,73921.25,0.5501,0.3739,0.3214,-0.3495,43,0,-0.8267535428519971,0.19960000000000772,8.633099999999997,0.1287
2026-05-29 20:09:57,73900.25,0.1554,0.224,0.3553,-0.1576,88,0,-0.28537432533855206,4.092000000000008,0.04009999999999844,-0.29900000000000004
2026-05-29 20:10:27,73980.85,0.5963,0.6039,0.3713,1.3089,98,0,-0.13228180167553558,3.1329000000000073,0.3742999999999984,0.22999999999999998
2026-05-29 20:10:57,73987.85,0.9656,0.9145,0.5605,-0.3118,60,0,-0.6177473568433579,4.971200000000008,5.733999999999998,0.6905
2026-05-29 20:11:27,73981.75,0.5199,0.5444,0.4536,4.0276,76,0,-0.3520195591929528,7.346200000000007,9.461799999999997,-0.0595
2026-05-29 20:11:57,74006.25,0.3009,0.4068,0.4793,0.5413,51,0,-0.8045862109127488,8.773000000000007,10.706599999999996,-0.5077
2026-05-29 20:12:27,73977.45,0.1389,0.2092,0.3021,-0.8062,91,0,-0.09524917465684825,6.098400000000007,7.982399999999997,-0.3352
2026-05-29 20:12:57,73976.55,0.2108,0.3764,0.4468,-0.4874,53,0,-0.802328642296293,4.487800000000006,12.391999999999998,-0.030399999999999983
2026-05-29 20:13:27,73943.15,0.0974,0.2171,0.3219,-0.0185,71,0,-0.48150821889089396,-0.19829999999999307,8.596399999999997,0.00789999999999999
2026-05-29 20:13:57,73956.35,0.4895,0.6738,0.6054,-0.4701,55,0,-0.9700505234541367,-1.428699999999993,8.503299999999998,0.29739999999999994
2026-05-29 20:14:27,73968.35,0.2081,0.3081,0.5955,-0.15,35,0,-1.4028811637995946,-0.5897999999999931,7.192999999999998,0.091
2026-05-29 20:14:57,73954.85,0.7817,0.6607,0.5938,-3.6312,104,0,0.7360966936862037,-4.192899999999993,4.107099999999997,-0.0131
2026-05-29 20:15:27,73970.15,0.1465,0.1879,0.2904,-0.0646,95,0,0.45772791226558396,-3.8147999999999933,1.6486999999999967,-0.12019999999999997
2026-05-29 20:15:57,73935.55,0.5955,0.6404,0.4862,-0.537,75,0,-0.061808816229779406,-4.238699999999993,-0.7066000000000032,-0.020299999999999985
2026-05-29 20:16:27,73936.35,0.1611,0.2979,0.4135,-0.3242,65,0,-0.23281418681459928,-6.5225999999999935,-6.675800000000002,0.10999999999999999
2026-05-29 20:16:57,73904.45,0.0508,0.1695,0.2915,0.0894,39,0,-0.8472365057543321,-3.296099999999993,-7.962000000000002,-0.4709
2026-05-29 20:18:17,73820.05,0.3477,0.5186,0.5431,2.9868,294,1,3.534022799567369,6.9629000000000065,0.791099999999997,0.038299999999999945
2026-05-29 20:18:47,73792.15,0.3073,0.3658,0.4824,-0.2205,46,1,-0.5204405330922847,8.746700000000008,1.6538999999999973,-0.12040000000000001
2026-05-29 20:19:17,73786.05,0.5881,0.5788,0.5267,-0.0459,67,1,-0.29793480921472354,11.945900000000007,4.734899999999997,0.06020000000000003
2026-05-29 20:19:47,73753.75,0.0289,0.1549,0.2752,0.7283,37,1,-0.8524531876738496,12.451400000000007,6.472799999999997,-0.2109
2026-05-29 20:20:17,73749.75,0.6126,0.6099,0.5558,1.7881,86,1,-0.05914173026700187,6.350700000000007,10.910499999999995,0.031100000000000017
2026-05-29 20:20:47,73722.85,0.6829,0.6551,0.6477,1.2066,44,1,-0.7372856910235183,6.5864000000000065,12.412099999999995,0.5002
2026-05-29 20:21:17,73753.35,0.2587,0.5269,0.5784,1.2828,35,1,-0.9257594724070922,8.918400000000005,20.001699999999996,-0.08299999999999996
2026-05-29 20:21:47,73745.55,0.377,0.4614,0.6086,2.9714,126,1,0.5619941268147803,10.140100000000007,23.629599999999996,-0.19370000000000004
2026-05-29 20:22:17,73751.25,0.606,0.6503,0.6744,-0.1842,17,1,-1.2331428977759031,12.059700000000007,26.235899999999997,0.12339999999999995
2026-05-29 20:22:47,73763.55,0.4621,0.5005,0.5596,-1.2181,73,1,-0.3038033402453478,14.454600000000006,28.749599999999997,0.03909999999999997
2026-05-29 20:23:17,73731.15,0.7897,0.8061,0.8142,1.3709,139,1,1.4501324916169145,8.182500000000006,21.221299999999996,0.15580000000000005
2026-05-29 20:23:47,73717.45,0.2947,0.4266,0.6342,-0.0157,25,1,-1.4728895013357122,7.112300000000007,21.995199999999997,-0.07389999999999997
2026-05-29 20:24:17,73691.55,0.3334,0.4835,0.4771,-0.4584,51,1,-0.7746954357721058,2.814400000000007,17.104399999999995,-0.32260000000000005
2026-05-29 20:24:47,73630.65,0.6712,0.6555,0.5956,0.3163,52,1,-0.7248884141296292,-2.2157999999999927,14.082399999999996,0.2289
2026-05-29 20:25:17,73625.25,0.4812,0.5165,0.64,0.1424,97,1,0.30540828578584645,-0.258299999999993,14.612299999999996,0.032999999999999974
2026-05-29 20:25:47,73592.45,0.4062,0.424,0.4805,-0.4521,72,1,-0.2506342218473199,-1.1706999999999932,14.238099999999998,-0.23149999999999998
2026-05-29 20:26:17,73580.75,0.5109,0.6549,0.561,2.0988,76,1,-0.1768756600252914,3.607200000000007,11.793199999999999,0.13840000000000008
2026-05-29 20:26:47,73604.05,0.1633,0.3453,0.6218,1.2345,171,1,1.7068151460616179,5.0932000000000075,9.035499999999997,-0.07869999999999999
2026-05-29 20:27:17,73619.15,0.017,0.2298,0.4027,-0.3489,45,1,-0.9873480533405197,4.201000000000008,6.753599999999998,-0.42510000000000003
2026-05-29 20:27:47,73629.75,0.1394,0.3223,0.4737,0.5884,116,1,0.43721104052981824,6.095600000000008,5.879099999999998,-0.02300000000000002
2026-05-29 20:28:17,73608.25,0.0984,0.2831,0.3251,0.1112,47,1,-0.8720066043744314,1.1260000000000072,4.736699999999997,0.053300000000000014
2026-05-29 20:28:47,73663.15,0.8705,0.8474,0.7449,0.6052,79,1,-0.2859010211848308,5.158800000000007,7.081999999999998,0.5251000000000001
2026-05-29 20:29:17,73654.95,0.3202,0.3948,0.426,-1.1153,93,1,0.05699293766549502,3.921900000000007,7.861099999999998,0.11169999999999997
2026-05-29 20:29:47,73657.15,0.833,0.7698,0.6647,-0.0409,26,1,-1.3542297753847752,0.7065000000000073,8.801399999999997,-0.0776
2026-05-29 20:30:17,73677.45,0.8551,0.8522,0.8144,0.7992,104,1,0.5988587549680892,2.547300000000008,7.542299999999998,0.4574
2026-05-29 20:30:47,73723.95,0.3344,0.427,0.6696,1.9887,138,1,1.352345387496821,2.8996000000000075,11.152299999999999,-0.34280000000000005
2026-05-29 20:31:17,73703.65,0.2667,0.4548,0.6311,-2.0962,205,1,2.5005575903677437,1.3139000000000078,5.567799999999998,-0.3974
2026-05-29 20:31:47,73807.55,0.8202,0.8028,0.7941,-1.1668,301,1,1.5213788354694615,10.653000000000008,14.361199999999997,0.37579999999999997
2026-05-29 20:32:17,73906.75,0.5274,0.7322,0.7449,0.0037,142,1,0.19785360988046347,12.714200000000007,16.0555,0.2774
2026-05-29 20:32:47,73886.45,0.1377,0.4514,0.5521,0.5288,106,1,-0.12711758182059002,7.942100000000007,12.998799999999997,-0.35139999999999993
2026-05-29 20:33:17,73897.25,0.9545,0.6435,0.6333,-0.8541,162,1,0.2627713356429096,7.9168000000000065,12.358599999999997,-0.0887
2026-05-29 20:33:47,73961.85,0.5248,0.6632,0.6704,0.053,77,1,-0.4406161628224642,1.1852000000000067,10.387599999999997,0.2118
2026-05-29 20:34:17,74071.25,0.7139,0.7837,0.8214,-0.1325,139,0,-0.013972236217556055,0.6638000000000068,12.797399999999996,0.1402
2026-05-29 20:35:37,74074.75,0.083,0.5287,0.6956,1.5469,96,0,-0.6119666116703626,13.796200000000008,23.219899999999996,0.15269999999999995
2026-05-29 20:36:07,74079.85,0.5885,0.5842,0.711,0.7198,126,0,-0.4023935386204201,12.711900000000007,22.231699999999996,0.23940000000000006
2026-05-29 20:36:57,74033.45,0.5402,0.6393,0.6224,0.4877,33,0,-1.7007061208122998,4.739300000000006,16.001799999999996,0.2646
2026-05-29 20:37:27,74036.85,0.0591,0.1481,0.3337,0.9378,369,0,3.181114348399844,3.0858000000000065,14.553399999999998,-0.2025
2026-05-29 20:38:18,73948.45,0.4092,0.5685,0.6236,-0.4396,44,1,-1.2086149995371398,-0.9879999999999934,16.6042,0.385
2026-05-29 20:39:18,73930.45,0.3819,0.3689,0.5703,-1.1876,76,1,-0.6688392276781849,2.492800000000007,15.452799999999998,-0.1996
2026-05-29 20:39:48,73962.95,0.913,0.8449,0.7845,-0.0041,3,1,-1.4575028869380726,1.8301000000000063,10.279199999999998,0.20140000000000002
2026-05-29 20:40:48,74062.35,0.326,0.3619,0.5817,-1.0028,201,0,1.3348794736404304,3.801100000000007,6.071699999999998,-0.483
2026-05-29 20:41:18,74097.05,0.9763,0.8745,0.885,-0.3601,87,0,-0.2676245335139471,1.132900000000007,2.5601999999999987,0.7016
2026-05-29 20:41:48,74080.05,0.5347,0.58,0.6468,-0.7528,123,0,0.2514355140986555,0.7213000000000068,3.1329999999999987,0.21809999999999996
2026-05-29 20:42:28,74031.25,0.116,0.2191,0.4375,-0.4,131,0,0.6054389878185129,-5.200999999999993,-0.9421000000000016,-0.3618
2026-05-29 20:42:58,74040.05,0.3235,0.4569,0.646,-0.1335,47,0,-0.9129438245152808,-2.4061999999999935,0.7252999999999985,0.1397
2026-05-29 20:44:18,74032.55,0.5724,0.5182,0.7211,0.0003,2,1,-1.39027780997831,3.2397000000000067,1.1425999999999983,0.029200000000000004
2026-05-29 20:45:48,73989.15,0.3143,0.4027,0.6354,0.1071,53,1,-0.40841346687965113,-0.4243999999999929,-2.112700000000002,-0.40030000000000004
2026-05-29 20:46:18,74039.15,0.8399,0.8128,0.8376,0.1668,52,1,-0.3701070891007908,-0.14439999999999265,-0.13470000000000176,0.5179
2026-05-29 20:46:48,74047.85,0.6465,0.6206,0.7171,0.1627,31,1,-0.7193216658929616,-0.5871999999999926,0.8484999999999983,0.21790000000000004
2026-05-29 20:47:18,74043.45,0.8914,0.6724,0.5895,0.0953,21,1,-0.9192943737332125,-0.6034999999999927,3.0536999999999983,-0.14039999999999997
2026-05-29 20:48:38,74043.65,0.4745,0.4443,0.4869,-1.805,66,0,-0.06575307342179776,-5.7329999999999925,-4.533000000000001,-0.43270000000000003
2026-05-29 20:49:08,74025.95,0.1524,0.2193,0.4238,-0.2863,146,0,1.3501898427779535,-6.456999999999993,-6.738000000000001,-0.0771
2026-05-29 20:49:38,74054.35,0.2173,0.2815,0.5523,0.1559,54,0,-0.4482255379516487,-3.062599999999993,-5.199100000000001,-0.1628
2026-05-29 20:50:08,74009.85,0.8758,0.7563,0.6071,-0.8025,152,0,1.5539564769040257,-2.492599999999993,-6.796500000000002,0.5369999999999999
2026-05-29 20:51:28,74007.05,0.7233,0.6562,0.6708,-0.0978,48,0,-0.6571648286672356,-2.1008999999999927,-6.972600000000002,0.3934
2026-05-29 20:52:08,73978.95,0.3589,0.4323,0.3763,0.993,168,0,1.3656508112740302,-10.426699999999991,-16.5008,0.0776
2026-05-29 20:53:58,73984.95,0.3517,0.365,0.3109,-0.879,38,1,-0.9735941049907594,-3.1671999999999922,-14.4903,-0.1956
2026-05-29 20:54:28,74039.75,0.8094,0.7247,0.6793,0.9975,99,1,-0.0014639076212090139,-0.0566999999999922,-14.270900000000001,-0.00759999999999994
2026-05-29 20:54:58,74049.05,0.4836,0.4005,0.4528,-0.7916,55,1,-0.6353154749273158,-2.674599999999992,-14.6312,0.03550000000000003
2026-05-29 20:55:28,74005.55,0.0874,0.3797,0.4722,-0.6593,103,1,0.09365171477889775,-6.519199999999993,-16.2646,-0.34500000000000003
2026-05-29 20:55:58,73975.05,0.224,0.4312,0.389,-0.2845,49,1,-0.660172858616663,-3.684099999999993,-16.5109,0.030700000000000005
2026-05-29 20:56:28,74002.65,0.6478,0.6461,0.5001,0.6569,85,1,-0.08330153718990012,-4.456499999999993,-16.6265,0.2664
2026-05-29 20:56:58,74001.85,0.887,0.7783,0.5394,1.3948,84,1,-0.09078930746527909,-1.3239999999999925,-3.7330000000000014,0.34709999999999996
2026-05-29 20:57:28,73978.25,0.1912,0.3013,0.3249,-0.2844,48,1,-0.706299795869903,0.7152000000000078,-3.660400000000001,-0.3448
2026-05-29 20:57:58,73990.05,0.7974,0.7558,0.5315,-0.1238,41,1,-0.8003984720876884,1.9869000000000077,-5.130000000000001,-0.022499999999999964
2026-05-29 20:58:28,74027.55,0.4877,0.3209,0.5255,-0.1605,21,1,-1.272696193239802,1.7289000000000079,-4.927900000000001,0.019600000000000006
2026-05-29 20:58:58,74094.85,0.6663,0.6021,0.6472,36.1838,544,1,4.937987758496534,34.72240000000001,34.1566,-0.15370000000000006
2026-05-29 20:59:28,74068.25,0.5353,0.5508,0.5819,-0.4271,66,1,-0.13993224583768848,32.53300000000001,28.929299999999998,0.22989999999999994
2026-05-29 20:59:58,74051.35,0.2633,0.3988,0.5272,0.145,47,1,-0.3289460960350452,32.078100000000006,29.6227,-0.20329999999999998
2026-05-29 21:00:28,74098.65,0.7544,0.7213,0.4484,0.8667,69,1,-0.11729067794186854,31.69870000000001,33.29,0.1705000000000001
2026-05-29 21:00:58,74103.45,0.819,0.7284,0.6359,0.898,70,1,-0.14048418748978625,-1.965699999999993,35.87499999999999,0.32960000000000006
2026-05-29 21:01:28,74139.85,0.2747,0.4847,0.572,3.9894,164,1,0.8235092467237599,8.311200000000007,41.696999999999996,-0.23660000000000003
2026-05-29 21:02:18,74096.25,0.0572,0.2251,0.2226,3.2783,220,1,1.0388998837352064,26.555000000000007,57.978699999999996,-0.4629
2026-05-29 21:02:48,74045.25,0.4594,0.3102,0.3834,2.0142,325,1,1.75383203526379,32.96230000000001,65.8286,-0.12210000000000004
2026-05-29 21:03:18,74018.65,0.2006,0.1274,0.2181,3.7864,270,1,1.0012852253831737,37.69300000000001,73.5112,-0.09769999999999998
2026-05-29 21:03:48,73962.95,0.2031,0.3051,0.333,3.5116,302,1,0.9759884212183212,33.632000000000005,82.62610000000001,-0.005099999999999993
2026-05-29 21:04:18,73985.15,0.4351,0.3075,0.3204,3.2908,289,1,0.8923986028752784,34.75090000000001,60.0539,0.18009999999999998
2026-05-29 21:04:48,73976.85,0.6269,0.5302,0.4926,0.6717,137,1,-0.6927946872301671,30.932600000000008,64.9519,0.22510000000000002
2026-05-29 21:05:18,73950.85,0.5249,0.4807,0.4606,0.6356,139,1,-0.6610991495739891,22.49900000000001,65.33869999999999,0.17320000000000002
2026-05-29 21:05:48,73940.65,0.7871,0.5384,0.4434,0.2222,29,1,-1.5908519931005332,13.317700000000007,62.6237,0.008199999999999985
2026-05-29 21:06:18,73978.75,0.7976,0.3962,0.5108,0.922,72,1,-1.2224007863028699,5.578200000000007,61.7374,-0.08450000000000002
2026-05-29 21:06:48,73967.35,0.9631,0.7944,0.7267,0.3702,43,1,-1.2655107941569046,1.391600000000007,49.6125,0.256
2026-05-29 21:07:18,73956.75,0.5776,0.5217,0.4289,0.331,59,1,-1.0018386118552212,0.3953000000000069,39.178999999999995,0.12550000000000006
2026-05-29 21:07:48,73971.25,0.9211,0.499,0.4854,0.7075,62,1,-0.7984515622570532,2.038000000000007,31.699399999999997,-0.2954
2026-05-29 21:08:18,74009.95,0.7826,0.5152,0.5859,0.4523,86,1,-0.4362974952517439,0.5782000000000069,24.6226,-0.006500000000000061
2026-05-29 21:08:48,74048.95,0.6372,0.6567,0.5719,0.5396,46,1,-0.6694874528251431,1.6514000000000069,17.631899999999995,0.15769999999999995
2026-05-29 21:09:18,74099.25,0.9717,0.8644,0.6286,1.0517,127,1,0.5416981943009189,4.765500000000007,9.193599999999996,0.34919999999999995
2026-05-29 21:09:48,74135.15,0.7768,0.6766,0.6164,-7.7906,175,1,2.019473364901304,3.731700000000007,4.498499999999996,0.01990000000000003
2026-05-29 21:10:18,74130.25,0.6879,0.6453,0.4957,0.1058,28,1,-1.0553917623037115,3.046700000000007,5.170299999999996,-0.21909999999999996
2026-05-29 21:10:48,74155.35,0.8341,0.7096,0.4918,3.4692,250,1,2.9811769512151494,5.962000000000007,10.276199999999996,0.03300000000000003
2026-05-29 21:12:18,74230.15,0.3264,0.3292,0.4427,2.7545,555,0,3.954988616736489,14.035600000000006,18.810599999999997,-0.14
2026-05-29 21:14:48,74267.55,0.425,0.541,0.5725,-0.3945,33,0,-0.7490182339282357,1.960000000000007,11.475599999999998,0.022500000000000075
2026-05-29 21:15:58,74174.45,0.3562,0.321,0.3482,-0.9086,376,1,1.5484262094042858,-6.508899999999993,-3.5404000000000027,-0.23500000000000004
2026-05-29 21:16:28,74191.55,0.4802,0.5244,0.5163,-0.5142,34,1,-0.8448722077867592,-7.072799999999993,-3.9310000000000027,-0.32310000000000005
2026-05-29 21:16:58,74162.85,0.2265,0.3327,0.5105,-0.2641,40,1,-0.9565189600507967,-8.984899999999993,-6.693500000000002,0.011699999999999988
2026-05-29 21:17:28,74204.05,0.9298,0.7723,0.6657,0.76,150,1,-0.01493598762276813,-3.134499999999993,-7.374200000000004,0.2479
2026-05-29 21:19:09,74231.55,0.1695,0.4935,0.5319,-1.1526,110,1,-0.5100037061085448,11.599900000000007,12.049499999999997,0.0701
2026-05-29 21:19:39,74210.75,0.2206,0.4112,0.4747,-0.1274,18,1,-1.0989687235678973,4.052500000000008,5.9877999999999965,-0.25170000000000003
2026-05-29 21:20:59,74266.05,0.485,0.4924,0.4,-0.585,46,0,-0.9677105024344045,3.275600000000006,23.184599999999996,0.053700000000000025
2026-05-29 21:22:59,74233.65,0.6766,0.6782,0.6999,1.3332,154,1,0.2946292832043943,2.3376000000000063,8.616499999999995,0.21530000000000005
2026-05-29 21:23:29,74231.15,0.1493,0.2132,0.4006,-0.787,75,1,-0.560797152093419,4.007600000000006,13.990699999999995,-0.2514
2026-05-29 21:23:59,74235.05,0.1363,0.4779,0.6671,1.348,220,1,1.0988395447904622,1.8283000000000063,6.7747999999999955,-0.20030000000000003
2026-05-29 21:24:29,74252.35,0.6058,0.531,0.528,0.3053,106,1,-0.23937482507565022,2.182000000000006,11.001399999999995,0.3178
2026-05-29 21:25:59,74196.75,0.457,0.6478,0.657,-0.1669,20,1,-0.9997612373344534,0.44680000000000586,3.945999999999996,0.23200000000000004
2026-05-29 21:26:29,74186.95,0.4213,0.3709,0.6515,0.2936,54,1,-0.5330970412342513,-0.9925999999999939,6.2347999999999955,-0.07090000000000002
2026-05-29 21:26:59,74190.55,0.2169,0.3961,0.6971,-0.2748,20,1,-0.8952168779768424,-3.823299999999994,1.3366999999999958,-0.25170000000000003
2026-05-29 21:27:29,74187.65,0.5395,0.4813,0.6315,-0.0524,6,1,-0.9547868201718911,-4.067699999999994,-0.16330000000000439,0.1104
2026-05-29 21:27:59,74221.55,0.7482,0.6941,0.6606,0.2206,52,1,-0.41296622486227663,-0.2302999999999941,1.3780999999999954,0.29800000000000004
2026-05-29 21:30:39,74239.85,0.1363,0.2624,0.5994,-0.8185,98,0,0.9556669822830668,-1.900699999999994,-2.8149000000000046,-0.0363
2026-05-29 21:31:09,74272.85,0.1437,0.3767,0.448,0.0087,157,0,2.0104528014325855,-1.472299999999994,-1.4753000000000045,0.02699999999999997
2026-05-29 21:31:39,74274.85,0.0633,0.1287,0.4508,-0.4852,47,0,-0.23788870410104024,-0.092299999999994,-1.9815000000000047,-0.1337
2026-05-29 21:32:09,74296.55,0.7255,0.8229,0.721,0.2011,93,0,0.657240992129269,0.622800000000006,-0.3554000000000046,0.4462
2026-05-29 21:32:39,74280.35,0.0978,0.2904,0.5644,0.143,79,0,0.29088518746657566,-0.09189999999999404,-1.1918000000000046,0.16169999999999998
2026-05-29 21:33:09,74297.55,0.9396,0.8396,0.741,-0.155,24,0,-0.8064531687675848,-0.640199999999994,-2.4990000000000046,0.016700000000000048
2026-05-29 21:33:39,74313.75,0.3545,0.3713,0.5344,-0.0412,88,0,0.5310186598871465,-0.12789999999999402,-1.8445000000000045,0.08090000000000003
2026-05-29 21:34:09,74275.85,0.0724,0.2513,0.4976,0.4438,52,0,-0.32175024200621277,-1.2114999999999942,-2.7862000000000045,-0.5883
2026-05-29 21:34:39,74264.85,0.1302,0.2611,0.4181,0.091,101,0,0.6153090982704758,-0.7557999999999941,-1.1241000000000045,-0.11020000000000002
2026-05-29 21:35:09,74247.65,0.0635,0.1321,0.365,-2.3215,142,0,1.2360754707926227,-2.680099999999994,-2.5951000000000044,-0.11920000000000003
2026-05-29 21:35:39,74246.85,0.0203,0.103,0.2109,-0.653,140,0,1.0666079743716237,-2.650799999999994,-2.5946000000000042,-0.15810000000000002
2026-05-29 21:36:09,74217.55,0.5865,0.4869,0.5951,-0.0439,12,0,-1.1131156375688966,-2.788399999999994,-4.102300000000005,0.3548
2026-05-29 21:36:39,74219.45,0.3242,0.379,0.6276,-0.0171,5,0,-1.2273272491502083,-2.785399999999994,-3.8172000000000046,0.276
2026-05-29 21:37:09,74249.95,0.3525,0.4483,0.574,0.0664,57,0,-0.3464540546046829,-1.2867999999999942,-4.504700000000005,-0.03860000000000002
2026-05-29 21:37:39,74294.55,0.834,0.7338,0.7375,0.3805,115,0,0.6208085938029796,-1.0853999999999941,-3.5881000000000047,0.3548
2026-05-29 21:38:09,74321.55,0.1289,0.3944,0.638,-0.4187,164,0,1.3296865413487706,-0.7170999999999941,-4.179200000000005,-0.0539
2026-05-29 21:38:39,74330.45,0.3902,0.5262,0.7974,-0.1293,25,0,-0.9941657750153697,-0.8212999999999941,-4.510600000000005,-0.2076
2026-05-29 21:39:09,74323.15,0.1338,0.3319,0.5827,-0.2276,42,0,-0.6442219255032502,-1.2406999999999941,-4.5339000000000045,-0.0625
2026-05-29 21:39:39,74323.15,0.7729,0.6503,0.8107,-0.0203,5,0,-1.2880492884826247,-1.509499999999994,-4.341800000000005,0.12409999999999999
2026-05-29 21:40:09,74304.15,0.1692,0.2802,0.4814,0.9002,131,0,0.9499691250398139,-1.110199999999994,-2.609300000000005,-0.05169999999999997
2026-05-29 21:40:39,74296.75,0.0793,0.277,0.5154,-0.4227,62,0,-0.02475159265778113,-1.222199999999994,-3.0820000000000047,-0.37329999999999997
2026-05-29 21:41:09,74276.55,0.3752,0.3464,0.4347,0.0541,76,0,0.23412660273411476,-1.473699999999994,-3.2192000000000047,0.06619999999999998
2026-05-29 21:41:39,74260.95,0.8147,0.7066,0.6661,-0.0847,87,0,0.5068715455464671,-2.411499999999994,-3.9679000000000046,0.4296
2026-05-29 21:42:09,74280.75,0.9394,0.849,0.7652,0.6235,58,0,-0.10784435103120349,-1.775999999999994,-3.0985000000000045,0.5025999999999999
2026-05-29 21:42:39,74287.85,0.7067,0.6402,0.679,0.0816,25,0,-0.8922786599505774,-2.186699999999994,-4.1833000000000045,-0.06640000000000001
2026-05-29 21:43:09,74274.65,0.4325,0.466,0.584,-0.5359,49,0,-0.057063097875232005,-2.264399999999994,-4.766500000000004,-0.38299999999999995
2026-05-29 21:43:39,74252.65,0.2893,0.329,0.4856,-0.2583,46,0,-0.26636901133665464,-1.352499999999994,-4.499100000000005,-0.3112
2026-05-29 21:44:09,74259.25,0.4805,0.5912,0.6645,-0.016,81,0,0.7633946276844351,-1.431499999999994,-3.2893000000000048,0.12519999999999992
2026-05-29 21:44:39,74230.45,0.1163,0.2693,0.516,-1.8863,98,0,1.2843667271053045,-2.745899999999994,-5.419700000000004,-0.05970000000000003
2026-05-29 21:45:09,74212.95,0.3481,0.4632,0.6026,-0.4232,56,0,-0.07830637562206975,-3.339299999999994,-6.995600000000005,-0.12799999999999995
2026-05-29 21:45:39,74130.95,0.7746,0.7605,0.6161,-0.5206,68,0,0.10470035545531071,-5.112999999999994,-8.389900000000004,0.49119999999999997
2026-05-29 21:46:09,74151.95,0.8418,0.5711,0.5654,-0.3598,120,0,0.8747362855760903,-5.182599999999994,-6.998200000000005,0.10790000000000005
2026-05-29 21:46:39,74155.35,0.4782,0.4717,0.5707,-0.0955,78,0,0.008544764639839303,-2.445999999999994,-5.454200000000005,-0.28879999999999995
2026-05-29 21:47:09,74134.25,0.6611,0.6911,0.6813,0.3549,84,0,0.09172186581028607,-0.7426999999999941,-5.962300000000005,0.12
2026-05-29 21:47:39,74112.95,0.7901,0.6564,0.4375,0.9206,126,0,0.8979049781019998,1.2896000000000059,-4.913600000000004,0.18469999999999998
2026-05-29 21:48:09,74115.35,0.0584,0.2703,0.3683,-0.2561,36,0,-0.9856732845425057,1.5955000000000061,-3.1383000000000045,-0.42080000000000006
2026-05-29 21:48:39,74088.15,0.0966,0.2049,0.2262,-0.4306,23,0,-1.2526889437888995,0.6207000000000061,-3.4810000000000048,-0.4515
2026-05-29 21:49:09,74076.15,0.2338,0.2705,0.3302,-0.3341,50,0,-0.752133394415465,0.6897000000000062,-3.841100000000005,0.00020000000000003348
2026-05-29 21:50:29,73997.45,0.6456,0.6172,0.6217,0.8088,148,0,0.8587480930349869,-4.595499999999993,-3.053500000000004,0.20989999999999998
2026-05-29 21:51:19,74055.85,0.2715,0.3883,0.4065,0.4526,204,0,1.8915456828341035,0.2719000000000067,1.2921999999999958,-0.15549999999999997
2026-05-29 21:51:49,74059.35,0.6742,0.6189,0.62,0.4876,62,0,-0.46914727111428456,0.4060000000000068,0.620299999999996,-0.08550000000000002
2026-05-29 21:53:09,74061.25,0.6346,0.5419,0.6617,-0.4283,75,0,-0.2115979608595813,-1.0217999999999934,-1.8229000000000037,0.39270000000000005
2026-05-29 21:54:59,73980.45,0.0147,0.1563,0.2352,-0.0339,16,1,-1.033703465147883,-2.178799999999994,-2.9942000000000037,-0.05160000000000001
2026-05-29 21:55:29,73955.25,0.092,0.209,0.2623,-0.0113,9,1,-1.2775202548263276,-1.8997999999999937,-0.33950000000000413,-0.224
2026-05-29 21:55:59,73921.75,0.5607,0.4962,0.3518,-0.6572,137,1,1.4183697423068484,-1.763999999999994,-1.4541000000000044,0.3399
2026-05-29 21:56:29,73935.15,0.3718,0.4272,0.5179,0.1714,56,1,-0.04963443647427407,-0.406699999999994,-3.5860000000000043,0.21820000000000003
2026-05-29 21:56:59,73942.55,0.7214,0.6328,0.6457,-0.07,11,1,-1.0342865889414965,1.440000000000006,-2.2255000000000043,0.13660000000000005
2026-05-29 21:57:29,73959.55,0.9516,0.8717,0.7216,0.4379,75,1,0.47792863314583833,3.091300000000006,-0.29620000000000407,0.4445
2026-05-29 21:57:59,73981.85,0.7298,0.6866,0.6338,-0.9459,103,1,1.0556555055308545,3.4956000000000067,0.47719999999999607,0.05379999999999996
2026-05-29 21:58:29,73971.45,0.237,0.3776,0.5923,-1.2133,144,1,1.8397814297488249,1.9015000000000062,1.6864999999999961,-0.49410000000000004
2026-05-29 21:59:00,74011.15,0.2211,0.3922,0.5298,0.0088,51,1,-0.32947295972867674,2.928600000000006,3.4441999999999964,-0.2944
2026-05-29 22:02:30,74006.15,0.8721,0.8283,0.6101,0.9041,78,0,0.06629030916820464,2.6772000000000067,1.9741999999999968,0.1804
2026-05-29 22:03:00,74003.55,0.0442,0.2967,0.4726,0.1212,90,0,0.4646240157836261,1.8288000000000064,0.8493999999999968,-0.04039999999999999
2026-05-29 22:03:30,73970.75,0.2185,0.2575,0.5733,-0.2165,107,0,1.0022886230237424,0.4548000000000064,0.6465999999999968,-0.5708
2026-05-29 22:04:00,73989.75,0.5792,0.5613,0.6429,0.0991,42,0,-0.8616169031166915,2.1100000000000065,-0.2203000000000033,0.2646
2026-05-29 22:04:40,74013.65,0.3975,0.5234,0.4464,-0.7282,115,0,1.2448227101407714,0.8233000000000064,0.7127999999999968,0.3408
2026-05-29 22:05:10,74008.05,0.5266,0.4652,0.4034,0.1797,65,0,-0.33345547107687623,-2.071799999999994,-0.9646000000000035,-0.23410000000000003
2026-05-29 22:06:00,73955.85,0.7806,0.7268,0.7487,0.1887,48,0,-0.6180486322038673,-6.016199999999993,-3.5445000000000038,0.09830000000000005
2026-05-29 22:06:30,73959.25,0.3651,0.5415,0.6812,-0.0286,3,0,-1.437780194860406,-5.857399999999994,-3.3852000000000038,0.07189999999999996
2026-05-29 22:07:00,73994.25,0.4617,0.4808,0.4809,0.0816,91,0,0.25501573539984446,-1.028899999999994,-1.8138000000000036,-0.246
2026-05-29 22:07:30,74043.35,0.9029,0.7716,0.6108,0.6346,66,0,-0.11942088648751986,3.076300000000006,-2.448600000000004,0.23009999999999997
2026-05-29 22:08:00,74052.25,0.4876,0.5069,0.5681,-0.5124,45,0,-0.5272313286560039,3.2076000000000064,-2.1657000000000037,0.026100000000000012
2026-05-29 22:08:30,74013.85,0.9052,0.8381,0.7297,0.6414,143,0,1.0064342134159532,1.4833000000000063,-2.3567000000000036,0.0665
2026-05-29 22:09:00,74011.45,0.7136,0.6274,0.6512,0.8588,52,0,-0.509458275768022,0.9208000000000063,-3.0030000000000037,0.12049999999999994
2026-05-29 22:09:30,74024.45,0.8272,0.7487,0.6855,0.3213,45,0,-0.6041939934066941,-0.04049999999999382,-3.6739000000000037,-0.08939999999999992
2026-05-29 22:10:00,74046.65,0.928,0.8003,0.7165,0.0927,43,0,-0.5767241672753745,1.0264000000000064,1.1126999999999965,0.17290000000000005
2026-05-29 22:10:30,74037.85,0.99,0.815,0.5376,0.3175,92,0,0.45694752849357284,1.8610000000000064,4.1965999999999966,0.06629999999999991
2026-05-29 22:11:00,74034.75,0.1295,0.3401,0.4946,-1.0993,43,0,-0.5485782689207244,0.1798000000000064,3.1929999999999965,-0.4602
2026-05-29 22:11:30,74027.35,0.0573,0.1168,0.3127,-0.4489,55,0,-0.3146908544525814,-0.7758999999999937,1.4075999999999969,-0.6981999999999999
2026-05-29 22:12:00,74043.95,0.5346,0.5725,0.6251,0.4374,207,0,2.723655346618535,-1.2436999999999938,0.8978999999999968,0.2324
2026-05-29 22:12:30,74046.05,0.8966,0.7988,0.6216,0.4647,149,0,1.4590909678567998,-1.0928999999999938,0.027399999999996816,0.6819999999999999
2026-05-29 22:13:00,74063.85,0.3258,0.447,0.6282,-0.0207,15,0,-1.0969446090725752,0.828800000000006,0.8141999999999967,-0.1255
2026-05-29 22:13:30,74059.25,0.089,0.265,0.5167,-0.0019,3,0,-1.1916264702407497,1.556100000000006,1.4803999999999968,-0.5337999999999999
2026-05-29 22:14:00,74064.95,0.0411,0.2016,0.4805,0.5303,125,0,1.1278039805413043,1.376000000000006,1.3530999999999969,-0.2454
2026-05-29 22:14:30,74008.95,0.8619,0.6874,0.4455,-0.4187,47,0,-0.31744986536827585,-0.47039999999999427,-0.4025000000000034,0.4224
2026-05-29 22:15:00,74046.25,0.9965,0.9291,0.7857,1.5811,217,0,2.3879095673132458,0.8327000000000058,0.6204999999999965,0.7275
2026-05-29 22:15:30,74009.15,0.5623,0.4917,0.4588,-0.0589,6,0,-0.977616860855572,-0.1311999999999942,-0.5118000000000035,-0.19569999999999999
2026-05-29 22:16:00,74000.15,0.7168,0.5429,0.5969,0.0289,134,0,0.846817961119567,-1.0619999999999943,0.1112999999999965,-0.3862
2026-05-29 22:16:30,73978.85,0.2292,0.3801,0.3455,-0.9666,69,0,-0.20306890042258452,-0.7725999999999942,-0.39920000000000355,-0.11160000000000003
2026-05-29 22:17:00,73985.55,0.3337,0.4121,0.5889,1.0833,98,0,0.34483094274057313,-1.6919999999999944,0.17219999999999636,-0.13080000000000003
2026-05-29 22:17:30,73935.85,0.2161,0.2388,0.3318,-10.0728,293,0,2.5971223888064485,-8.237299999999994,-7.656200000000005,-0.14129999999999998
2026-05-29 22:18:00,73907.35,0.8205,0.6787,0.6241,0.1409,181,0,0.9808998009698304,-7.747699999999994,-8.465200000000005,0.26659999999999995
2026-05-29 22:18:30,73923.55,0.0666,0.2314,0.5366,0.9461,111,0,0.009691952355975572,-9.527999999999993,-11.483300000000003,-0.007400000000000018
2026-05-29 22:19:00,73929.05,0.1846,0.2994,0.5124,0.2446,76,0,-0.4424093633863869,-10.319299999999993,-11.523100000000003,-0.37929999999999997
2026-05-29 22:19:30,73889.55,0.326,0.383,0.5984,-4.9921,148,0,0.4050805012273537,-7.846299999999992,-15.032100000000003,0.1516
2026-05-29 22:20:00,73901.35,0.5619,0.5694,0.4855,0.0114,48,0,-0.8390726874642703,-7.760499999999992,-17.058400000000006,0.27
2026-05-29 22:20:30,73933.85,0.7144,0.6336,0.7134,0.0336,24,0,-1.0416140111732364,-4.237699999999993,-15.589800000000004,0.25060000000000004
2026-05-29 22:21:00,73873.55,0.2781,0.3763,0.368,-1.4866,158,0,0.5772064034014387,-6.755299999999993,-17.216400000000004,-0.1931
2026-05-29 22:21:30,73893.65,0.742,0.7197,0.6121,0.0956,136,0,0.20216112263460997,-1.5164999999999933,-15.776000000000005,0.08609999999999995
2026-05-29 22:22:00,73862.55,0.6893,0.6092,0.4944,-0.0481,11,0,-1.3078148384065234,-4.130699999999993,-19.497100000000003,0.23289999999999994
2026-05-29 22:23:00,73844.55,0.4743,0.5468,0.6792,-0.0216,72,0,-0.5757691153686769,-6.424099999999993,-15.892800000000001,-0.06240000000000001
2026-05-29 22:23:50,73849.75,0.7416,0.7086,0.5914,-0.2258,53,0,-0.7343602606876135,-5.0039999999999925,-13.889100000000003,0.3978
2026-05-29 22:26:20,73869.75,0.7616,0.6975,0.5886,-0.4805,60,0,-0.24952778982525906,-0.0917999999999935,-7.934500000000003,-0.08830000000000005
2026-05-29 22:26:50,73882.45,0.7966,0.751,0.6703,0.3162,54,0,-0.2181606300672425,0.6558000000000066,-4.575200000000004,0.4177
2026-05-29 22:27:20,73885.85,0.744,0.6926,0.7573,0.0843,28,0,-0.7803924287343962,0.5446000000000067,-2.1061000000000036,-0.0049000000000000155
2026-05-29 22:27:50,73878.95,0.3585,0.4779,0.5716,0.0658,77,0,0.6276269404242051,2.0693000000000064,-0.028800000000003517,-0.2731
2026-05-29 22:30:20,73813.55,0.8562,0.7698,0.4697,0.0929,31,0,-0.6714124618991838,-12.768899999999997,-22.514500000000005,0.2581
2026-05-29 22:30:50,73775.85,0.6419,0.6049,0.4212,-0.6546,48,0,-0.5523327306777439,-13.573699999999997,-25.875500000000002,0.13129999999999997
2026-05-29 22:31:20,73808.75,0.948,0.7793,0.7374,0.44,98,0,-0.06283263020005546,0.9395000000000052,-26.0744,0.009499999999999953
2026-05-29 22:31:50,73828.55,0.8233,0.7204,0.5746,-0.0865,85,0,-0.21667879692932765,-2.6051999999999946,-25.708500000000004,0.11550000000000005
2026-05-29 22:32:20,73831.05,0.9488,0.7147,0.516,0.1096,25,0,-0.8270278320984655,-3.1977999999999946,-26.256900000000005,-0.06459999999999999
2026-05-29 22:32:50,73836.45,0.8869,0.8433,0.7159,0.4126,54,0,-0.46727519033924303,1.577100000000006,-26.367700000000003,0.12290000000000001
2026-05-29 22:33:20,73819.35,0.0874,0.2129,0.2348,-1.8767,33,0,-0.8180214567396735,0.047200000000005904,-16.925300000000004,-0.5018
2026-05-29 22:33:50,73807.85,0.7349,0.6595,0.6421,-0.0467,25,0,-1.002080389451042,-1.3620999999999943,-13.217800000000004,-0.18380000000000007
2026-05-29 22:34:20,73835.55,0.8338,0.7201,0.4885,-0.1958,29,0,-0.919678755270966,-0.7158999999999942,1.2293999999999967,0.5072
2026-05-29 22:34:50,73833.35,0.6194,0.6533,0.6374,-0.1284,11,0,-1.2878510979850408,-0.32739999999999414,-3.0735000000000032,-0.006199999999999983
2026-05-29 22:35:20,73831.05,0.7319,0.6964,0.4832,1.1497,115,0,1.5624253249677833,1.6555000000000057,-2.5009000000000032,-0.023699999999999943
2026-05-29 22:35:50,73805.35,0.667,0.6237,0.5497,0.1375,41,0,-0.4555490825423941,0.7954000000000057,1.151299999999997,-0.02959999999999996
2026-05-29 22:36:20,73780.65,0.3529,0.4159,0.3668,-0.2857,45,0,-0.32260933027310423,-0.026399999999994317,0.263499999999997,-0.2805
2026-05-29 22:36:50,73775.85,0.0768,0.2117,0.2687,0.0421,41,0,-0.4421065058843562,-1.1335999999999942,-1.6019000000000032,-0.41200000000000003
2026-05-29 22:37:20,73810.45,0.1336,0.225,0.337,0.1808,74,0,0.5953889303176625,-1.2087999999999943,-0.5119000000000031,-0.1909
2026-05-29 22:37:50,73798.85,0.2215,0.4382,0.4347,-0.2579,69,0,0.385169027628783,-0.7077999999999944,-1.133600000000003,0.22649999999999998
2026-05-29 22:38:21,73805.95,0.3149,0.3378,0.479,-0.0612,10,0,-1.5627763582785381,-0.3336999999999944,-0.11740000000000317,0.11279999999999998
2026-05-29 22:38:51,73809.35,0.5211,0.4976,0.4513,0.0658,40,0,-0.571390751546355,-0.41179999999999434,-0.6516000000000031,0.05940000000000001
2026-05-29 22:39:21,73812.75,0.8794,0.819,0.5673,0.2648,45,0,-0.47236963166272705,-1.0855999999999943,-0.881600000000003,0.48119999999999996
2026-05-29 22:39:51,73849.15,0.3703,0.4258,0.4337,0.3475,104,0,0.7589780236696608,0.3798000000000056,-0.42640000000000317,-0.07179999999999997
2026-05-29 22:40:21,73839.05,0.8308,0.7232,0.7144,0.0001,1,0,-1.4332716866996458,0.01080000000000559,-1.762100000000003,-0.0958
2026-05-29 22:40:51,73848.65,0.8421,0.6725,0.5718,-0.0519,40,0,-0.5321713227950904,1.0027000000000057,-0.4443000000000031,0.24669999999999997
2026-05-29 22:41:21,73816.95,0.376,0.4104,0.3771,-0.4984,37,0,-0.5369491018895874,-1.3576999999999941,-2.212900000000003,-0.31279999999999997
2026-05-29 22:41:51,73817.35,0.1882,0.2989,0.3615,-0.3666,59,0,-0.05378401030572649,-2.2028999999999943,-1.495700000000003,-0.3736
2026-05-29 22:42:21,73814.55,0.4222,0.4444,0.2776,-0.31,51,0,-0.18895207863193145,-1.947299999999994,-2.500600000000003,0.03400000000000003
2026-05-29 22:42:51,73805.55,0.2413,0.3199,0.458,-0.5182,40,0,-0.40610835482260427,-2.8928999999999943,-2.629400000000003,0.02100000000000002
2026-05-29 22:43:21,73794.55,0.3461,0.4315,0.5173,-0.1527,25,0,-0.6718523433761732,-1.0614999999999941,-2.940700000000003,-0.012900000000000023
2026-05-29 22:43:51,73799.45,0.5582,0.5659,0.7083,-0.0047,3,0,-1.0076092066559246,-0.9448999999999943,-2.028800000000003,0.24599999999999994
2026-05-29 22:44:21,73783.25,0.7523,0.6481,0.343,-3.6716,101,0,0.8808238696396258,-4.296699999999994,-5.711700000000003,0.21660000000000001
2026-05-29 22:44:51,73793.35,0.6734,0.6208,0.6402,-0.1563,6,0,-0.9610863544164857,-3.3591999999999946,-6.368400000000003,0.05490000000000006
2026-05-29 22:45:21,73765.25,0.6455,0.531,0.389,-0.1271,62,0,0.4227338521111165,-3.3991999999999947,-6.350700000000003,-0.11709999999999998
2026-05-29 22:45:51,73644.85,0.3224,0.3887,0.3087,-2.1712,780,0,5.098494033991083,-6.491999999999994,-9.523500000000002,-0.23210000000000003
2026-05-29 22:46:21,73625.05,0.6146,0.5426,0.4923,1.1797,271,0,1.1751871588516052,-1.6875999999999947,-6.0416000000000025,0.011599999999999944
2026-05-29 22:46:51,73623.95,0.9699,0.8139,0.6565,0.6051,149,0,0.2854738140008999,-0.4431999999999947,-4.608700000000003,0.42519999999999997
2026-05-29 22:47:21,73592.85,0.4362,0.3451,0.3305,0.0904,104,0,-0.1107184474721266,-2.5751999999999953,-6.978600000000005,-0.19749999999999995
2026-05-29 22:47:51,73625.85,0.3333,0.3605,0.4755,0.5419,106,0,-0.137977939712492,1.1418000000000048,-5.488800000000004,-0.45339999999999997
2026-05-29 22:48:21,73629.35,0.8809,0.6703,0.4463,-2.0806,161,0,0.17694374500840884,-1.1801999999999953,-6.160300000000005,0.3252
2026-05-29 22:48:51,73620.25,0.7181,0.6497,0.5891,0.1033,31,0,-0.732858229506745,-2.9901999999999953,-6.654000000000004,0.28920000000000007
2026-05-29 22:49:21,73568.35,0.3515,0.2917,0.1996,-0.9628,113,0,-0.19626949403331195,-1.847999999999995,-4.529900000000004,-0.3786
2026-05-29 22:49:51,73572.05,0.6834,0.6875,0.5775,-0.2791,57,0,-0.599335088636958,-2.355399999999995,-4.485000000000004,0.037799999999999945
2026-05-29 22:50:21,73564.35,0.5018,0.4036,0.2227,0.2117,49,0,-0.6208967335358723,-1.501299999999995,-4.262400000000004,0.1119
2026-05-29 22:50:51,73565.75,0.2236,0.3358,0.1816,-0.137,125,0,0.0032126997107576783,-1.0006999999999953,-1.162700000000004,-0.3517
2026-05-29 22:51:31,73517.05,0.7081,0.5634,0.4656,1.0871,170,0,0.792445332147697,-1.8271999999999953,-5.428800000000004,0.057699999999999974
2026-05-29 22:52:21,73286.45,0.7537,0.7119,0.7317,-20.9673,2105,1,5.130629965193136,-23.584299999999995,-25.271500000000003,0.37679999999999997
2026-05-29 22:52:51,73233.05,0.8536,0.5854,0.5005,-1.6108,572,1,0.7001959967797081,-29.357299999999995,-31.661800000000003,0.008600000000000052
2026-05-29 22:53:21,73323.25,0.3954,0.3036,0.3551,1.6028,233,1,-0.10856770292026785,-21.375399999999996,-25.629600000000003,-0.4083
2026-05-29 22:53:51,73352.95,0.8049,0.3265,0.4464,2.211,142,1,-0.3319531889302778,-19.276099999999992,-21.783100000000005,-0.2589
2026-05-29 22:54:21,73313.25,0.8589,0.7362,0.736,0.4736,99,1,-0.4584263870802604,3.5708000000000073,-19.852700000000002,0.4326
2026-05-29 22:54:51,73352.95,0.2773,0.4275,0.6093,0.244,91,1,-0.4922432377274502,11.861200000000007,-17.445200000000003,0.10099999999999998
2026-05-29 22:55:21,73312.45,0.819,0.7298,0.5301,0.3415,174,1,-0.33207229107339936,5.236800000000007,-18.8915,-0.006399999999999961
2026-05-29 22:55:51,73402.95,0.5614,0.4291,0.5448,1.1869,282,1,-0.08924165351274954,4.513900000000007,-16.268500000000003,0.0015999999999999903
2026-05-29 22:56:21,73381.65,0.2164,0.4968,0.6192,0.0556,125,1,-0.42392499652350357,4.262200000000007,-12.998400000000004,-0.23299999999999998
2026-05-29 22:56:51,73399.75,0.6745,0.6465,0.6766,0.2011,32,1,-0.6256398103238855,2.025900000000007,-13.963900000000002,0.21739999999999998
2026-05-29 22:57:21,73365.55,0.3174,0.3574,0.4132,-0.6136,206,1,-0.04432762379848538,2.5268000000000073,7.219599999999998,-0.13940000000000002
2026-05-29 22:57:51,73392.65,0.8496,0.783,0.7843,0.1106,20,1,-1.359858253319268,0.3450000000000071,13.433799999999998,0.13650000000000007
2026-05-29 22:58:21,73345.95,0.5313,0.6151,0.4628,0.1658,38,1,-1.1064228408795758,-2.311799999999993,6.065199999999998,0.2577
2026-05-29 22:58:51,73365.15,0.4362,0.5087,0.6596,0.2739,80,1,-0.3861134899950464,-1.288899999999993,4.023299999999998,-0.2743
2026-05-29 22:59:21,73367.25,0.798,0.6439,0.4649,0.4128,53,1,-0.6385146471484352,0.09460000000000707,3.743399999999998,0.028800000000000048
2026-05-29 22:59:51,73375.95,0.8913,0.6555,0.4999,-1.1276,63,1,-0.4313789665865343,-2.3205999999999927,-0.7480000000000016,0.14679999999999993
2026-05-29 23:00:41,73353.55,0.5869,0.6042,0.4493,-0.5406,49,1,-0.5578647607557454,2.4195000000000073,2.8418999999999985,-0.15880000000000005
2026-05-29 23:01:11,73322.05,0.712,0.6388,0.6147,1.5334,135,1,0.8938403353353159,3.6196000000000073,2.7435999999999985,0.007400000000000073
2026-05-29 23:02:01,73376.95,0.0999,0.1651,0.4503,0.2347,104,1,0.3468231210474762,8.032300000000006,5.966799999999999,-0.4125
2026-05-29 23:03:01,73448.55,0.1376,0.2813,0.4151,0.6584,100,0,0.2200508537912722,9.455300000000008,11.130399999999998,0.1162
2026-05-29 23:03:31,73450.95,0.6813,0.5293,0.7137,-0.0112,82,0,-0.05904905683976569,5.711400000000007,12.550399999999998,-0.27149999999999996
2026-05-29 23:04:01,73456.55,0.1997,0.5226,0.5553,0.3241,32,0,-0.9479826220709381,4.7056000000000076,11.323,0.24129999999999996
2026-05-29 23:04:31,73473.15,0.833,0.802,0.6727,0.5399,56,0,-0.4817637429448225,5.405800000000007,13.280599999999998,0.27270000000000005
2026-05-29 23:05:01,73466.15,0.4396,0.4431,0.6342,0.3587,67,0,-0.2664934316172429,0.9232000000000072,13.940299999999999,-0.07949999999999996
2026-05-29 23:05:31,73473.45,0.6893,0.6673,0.7252,0.38,64,0,-0.10293853731762942,1.0123000000000073,9.863399999999999,-0.13470000000000004
2026-05-29 23:06:01,73471.25,0.8418,0.741,0.7144,0.0835,19,0,-1.3018304551513622,1.2185000000000072,10.394599999999999,0.2979
2026-05-29 23:06:31,73473.05,0.9104,0.7577,0.6576,0.332,36,0,-0.7632999877765977,0.0021000000000072627,6.6305999999999985,0.09040000000000004
2026-05-29 23:07:01,73448.75,0.1155,0.2865,0.3051,0.1403,142,0,2.122433437533768,0.20730000000000723,6.115299999999999,-0.4545
2026-05-29 23:07:31,73472.05,0.1799,0.3971,0.3316,-0.0792,9,0,-1.4354207546245128,1.9791000000000074,7.480099999999998,-0.36060000000000003
2026-05-29 23:08:01,73498.35,0.1973,0.3894,0.5798,0.5295,99,0,1.2970855209392373,2.977300000000007,3.9165999999999985,0.10290000000000005
2026-05-29 23:08:31,73490.25,0.5287,0.5994,0.458,-0.0865,37,0,-0.7082157902667481,3.355200000000007,4.274399999999998,0.20230000000000004
2026-05-29 23:09:01,73491.45,0.7508,0.6817,0.6442,0.1529,29,0,-0.8963915180799508,3.580200000000007,4.989899999999998,0.29229999999999995
2026-05-29 23:09:31,73514.75,0.4178,0.3237,0.3655,-0.9856,74,0,0.5547816498914869,0.7700000000000069,2.8442999999999987,-0.27570000000000006
2026-05-29 23:10:01,73472.85,0.5163,0.5022,0.5408,-0.0605,9,0,-1.4015440529275556,-0.9453999999999929,2.0479999999999987,-0.1795
2026-05-29 23:10:31,73477.35,0.7149,0.6309,0.6309,0.5878,79,0,0.5231173766807256,-1.8740999999999928,1.3879999999999981,0.30720000000000003
2026-05-29 23:11:01,73484.85,0.1125,0.241,0.4562,-0.3574,39,0,-0.5855054064553125,-1.5207999999999928,2.250599999999998,-0.2612
2026-05-29 23:11:31,73462.75,0.9473,0.8726,0.7051,0.2625,58,0,-0.08848860073493743,-1.047999999999993,1.7941999999999982,0.24170000000000003
2026-05-29 23:12:01,73459.85,0.4035,0.4193,0.3044,-0.1167,163,0,2.744841174748165,-0.35319999999999285,1.4874999999999983,0.17830000000000001
2026-05-29 23:12:31,73442.05,0.8789,0.7986,0.8495,0.8357,115,0,1.3134302837658425,0.42180000000000717,-0.16930000000000178,-0.07400000000000007
2026-05-29 23:13:01,73445.85,0.6532,0.5546,0.615,0.1082,29,0,-0.7682227690764063,0.3985000000000071,-0.3282000000000017,0.13529999999999998
2026-05-29 23:13:31,73430.75,0.7348,0.6734,0.5941,0.0888,23,0,-0.8758120125627032,0.5615000000000072,-0.9995000000000016,-0.12519999999999998
2026-05-29 23:14:01,73444.05,0.5252,0.5629,0.5955,0.2122,73,0,0.3019952100168046,0.9224000000000072,-1.1703000000000017,0.008299999999999974
2026-05-29 23:14:31,73431.95,0.104,0.3442,0.4729,-0.0331,6,0,-1.3359639776725991,-0.009799999999992794,-0.9491000000000016,-0.3292
2026-05-29 23:15:01,73423.25,0.5937,0.5529,0.4895,0.4406,144,0,2.113512200840204,-0.1771999999999928,0.4399999999999983,-0.010000000000000009
2026-05-29 23:15:31,73411.65,0.909,0.8007,0.5612,-0.399,160,0,2.029965327754692,-0.3739999999999928,0.5005999999999983,0.45649999999999996
2026-05-29 23:16:21,73403.75,0.6089,0.6357,0.4576,-0.1017,17,1,-1.065162951070676,-0.14719999999999273,0.24729999999999835,0.29390000000000005
2026-05-29 23:17:21,73379.05,0.0706,0.2591,0.3988,-0.1302,48,1,-0.32979483929128783,-0.6191999999999928,0.6942999999999983,-0.37660000000000005
2026-05-29 23:17:51,73338.55,0.7323,0.6574,0.6956,1.1138,92,1,0.6432817929327089,0.1313000000000072,0.15889999999999826,0.050799999999999956
2026-05-29 23:18:21,73369.95,0.5238,0.5407,0.7008,1.5052,183,1,1.9750734451719425,0.8291000000000072,0.34119999999999795,0.28159999999999996
2026-05-29 23:18:51,73286.95,0.3805,0.3974,0.2763,0.4439,117,1,0.520536907457752,1.777000000000007,0.6660999999999979,-0.26
2026-05-29 23:19:22,73269.45,0.9277,0.8416,0.6039,1.4812,186,1,1.2633662252618407,0.4682000000000073,0.3034999999999981,0.30090000000000006
2026-05-29 23:19:52,73297.75,0.9453,0.7778,0.5453,0.2543,91,1,-0.3604090982168917,1.104800000000007,1.7732999999999979,0.38040000000000007
2026-05-29 23:20:22,73321.65,0.4472,0.5286,0.5256,0.0127,26,1,-1.2254848723407432,2.6178000000000075,2.845199999999998,-0.31300000000000006
2026-05-29 23:20:52,73297.55,0.7412,0.6237,0.4679,-0.5187,140,1,0.5488873011715556,0.4771000000000074,0.9635999999999978,-0.15410000000000001
2026-05-29 23:21:22,73299.35,0.9111,0.7831,0.5503,0.672,94,1,-0.271379869191494,2.1370000000000076,2.5876999999999977,0.25450000000000006
2026-05-29 23:21:52,73316.35,0.8642,0.6825,0.5997,0.0694,24,1,-1.3601809316634725,1.3365000000000073,3.863099999999998,0.05879999999999996
2026-05-29 23:22:22,73293.55,0.8933,0.765,0.6379,-0.015,3,1,-1.663705870838514,-1.3240999999999925,2.140299999999998,-0.018100000000000005
2026-05-29 23:22:52,73313.35,0.5015,0.5429,0.5931,0.2912,48,1,-0.9530645517394846,1.6636000000000077,2.495899999999998,-0.13959999999999995
2026-05-29 23:23:22,73322.15,0.665,0.6289,0.5879,0.0999,19,1,-1.15722271266848,0.8379000000000075,2.5964999999999985,-0.1361
2026-05-29 23:23:52,73325.35,0.9727,0.8489,0.7674,0.0507,14,1,-1.1107526844880926,-2.483399999999993,-0.3973000000000015,0.30599999999999994
2026-05-29 23:24:22,73327.15,0.9736,0.8484,0.6884,0.1366,27,1,-0.8156509657849552,-0.9987999999999928,0.6732999999999985,0.21950000000000003
2026-05-29 23:24:52,73335.05,0.2702,0.209,0.2541,-0.4664,73,1,0.24897998508828043,-1.4180999999999928,-0.027000000000001523,-0.6399
2026-05-29 23:25:22,73356.85,0.4105,0.4315,0.5886,0.1627,88,1,0.5736254079727402,-1.1577999999999928,-1.1791000000000014,-0.41690000000000005
2026-05-29 23:25:52,73333.65,0.4075,0.4698,0.6521,-0.9639,96,1,0.8385709409305752,0.5246000000000073,-0.34980000000000133,0.26080000000000003
2026-05-29 23:26:22,73340.95,0.3544,0.4592,0.4855,0.0341,30,1,-0.588674437559951,0.5097000000000071,-0.9540000000000013,0.027700000000000002
2026-05-29 23:26:52,73336.15,0.2957,0.3804,0.3952,-0.012,4,1,-1.168367287710728,-0.33769999999999284,-1.7012000000000014,-0.08939999999999998
2026-05-29 23:27:22,73340.45,0.9319,0.8123,0.7091,0.1067,23,1,-0.6640441639043789,-0.5967999999999929,-0.4518000000000014,0.3531
2026-05-29 23:27:52,73345.05,0.4776,0.3978,0.3306,-0.001,5,1,-1.0153193799344074,-0.2511999999999928,-2.2646000000000015,0.01739999999999997
2026-05-29 23:28:22,73332.25,0.3043,0.3829,0.3389,-0.1268,83,1,0.9262670557261351,-0.7600999999999928,-2.5520000000000014,-0.4294
2026-05-29 23:28:52,73340.85,0.0671,0.2277,0.2523,0.0519,16,1,-0.7670916437894232,-0.31399999999999284,0.46819999999999856,-0.17009999999999997
2026-05-29 23:29:22,73338.45,0.5454,0.6332,0.4162,0.0,1,1,-1.1752189178109451,-0.6462999999999928,-0.09930000000000139,0.25029999999999997
2026-05-29 23:29:52,73317.95,0.7666,0.7076,0.5718,0.3609,16,1,-0.6455241737868752,0.028300000000007153,-0.8182000000000014,0.4799
2026-05-29 23:30:22,73353.15,0.5872,0.7252,0.4064,-0.359,24,1,-0.3825611116456629,1.0415000000000072,-0.35270000000000123,0.09199999999999997
2026-05-29 23:30:52,73356.75,0.676,0.661,0.425,-0.049,5,1,-0.8180779968839985,0.9439000000000072,0.8874999999999987,-0.046599999999999975
2026-05-29 23:31:22,73444.85,0.7179,0.6476,0.6596,1.7097,188,1,3.2764830012267576,4.092500000000007,3.4834999999999985,-0.0776
2026-05-29 23:31:52,73455.75,0.952,0.8431,0.7105,0.7201,128,1,1.7155390422827725,4.649100000000008,4.168599999999999,0.18209999999999993
2026-05-29 23:32:22,73446.55,0.3897,0.4314,0.4325,0.7045,47,1,-0.05161362057559077,4.695700000000007,4.939799999999998,-0.21619999999999995
2026-05-29 23:32:52,73473.75,0.5073,0.5465,0.4349,0.5708,58,1,0.12442672298001696,5.421300000000007,6.559999999999998,-0.2966
2026-05-29 23:33:22,73554.75,0.6972,0.634,0.6687,1.0921,127,1,1.4008188320377841,4.703100000000007,8.946699999999998,0.2026
2026-05-29 23:33:52,73545.05,0.2353,0.4711,0.5483,-1.1613,147,1,1.2053029432723792,5.7171000000000065,10.199699999999998,-0.07539999999999997
2026-05-29 23:34:22,73573.25,0.9793,0.8744,0.7298,0.6722,76,1,-0.04632817658204874,5.705800000000007,11.291899999999998,0.24039999999999995
2026-05-29 23:34:52,73557.45,0.8206,0.6873,0.6045,-0.9973,94,1,0.18706233496262767,1.6291000000000073,8.1608,0.2162
2026-05-29 23:35:32,73626.35,0.8898,0.8236,0.8232,0.9577,72,1,-0.3075256070112635,0.34090000000000775,10.3966,0.6704
2026-05-29 23:37:52,73680.95,0.8416,0.8029,0.8306,0.8526,62,0,-0.6700061081431211,7.262600000000008,11.896299999999998,0.2599999999999999
2026-05-29 23:38:22,73705.05,0.4283,0.5375,0.6351,-0.0048,46,0,-0.8722585401715811,10.724800000000007,14.397199999999998,0.1149
2026-05-29 23:38:52,73726.45,0.6065,0.5835,0.6861,-0.3819,180,0,1.2215134113609076,10.646900000000008,13.180499999999999,-0.21939999999999993
2026-05-29 23:39:22,73700.85,0.639,0.5735,0.5717,0.002,4,0,-1.566330554767355,4.2560000000000064,9.2701,0.03600000000000003
2026-05-29 23:39:52,73700.05,0.5757,0.5112,0.3826,-0.7655,70,0,-0.4745866337521932,2.234500000000007,12.5017,-0.07230000000000003
2026-05-29 23:40:22,73728.15,0.0351,0.2247,0.4319,-0.105,35,0,-0.9879707070434506,-1.8428999999999924,10.888199999999998,-0.3488
2026-05-29 23:40:52,73726.85,0.0746,0.2077,0.4786,-0.0624,23,0,-1.0666520760669271,-1.8416999999999923,10.539599999999998,-0.3035
2026-05-29 23:41:22,73725.25,0.1154,0.2542,0.4507,-0.1609,67,0,-0.28033832455264135,1.7282000000000077,9.822199999999999,0.02949999999999997
2026-05-29 23:41:52,73698.25,0.2437,0.4337,0.4925,0.1249,64,0,-0.32002147004773296,1.302500000000008,9.065199999999999,0.22599999999999998
2026-05-29 23:42:22,73704.65,0.883,0.8092,0.6844,0.2943,100,0,0.4047816171498794,0.9670000000000076,6.010899999999998,0.555
2026-05-29 23:42:52,73693.25,0.1122,0.2134,0.3148,-0.761,64,0,-0.18172871157231382,-0.09619999999999229,3.1807999999999983,-0.22029999999999997
2026-05-29 23:43:22,73678.75,0.4307,0.413,0.3613,-0.5914,60,0,-0.1011250870191031,-1.5361999999999922,-2.4388000000000014,-0.39620000000000005
2026-05-29 23:43:52,73681.25,0.7376,0.6637,0.5359,-1.1567,86,0,0.6721879126181669,-2.2197999999999922,-3.8015000000000017,0.4502999999999999
2026-05-29 23:44:22,73668.05,0.7197,0.6139,0.6561,-0.2202,93,0,1.0112570002355266,-2.7614999999999923,-1.0066000000000015,0.20090000000000002
2026-05-29 23:44:52,73685.85,0.5591,0.5196,0.6519,0.2578,38,0,-0.3843818929550241,-3.8720999999999925,-2.9258000000000015,-0.1441
2026-05-29 23:45:22,73698.75,0.4482,0.5208,0.6348,0.7771,86,0,1.0380139300708275,-1.6503999999999925,-2.2463000000000015,-0.09309999999999996
2026-05-29 23:45:52,73710.65,0.857,0.7646,0.6129,0.861,60,0,0.27495500003051054,3.1230000000000073,1.163199999999998,0.245
2026-05-29 23:46:22,73681.35,0.5676,0.5278,0.4643,-1.0675,143,0,2.512058202651512,2.1317000000000075,-0.6031000000000017,0.007000000000000006
2026-05-29 23:46:52,73656.95,0.1556,0.2129,0.349,-0.2156,65,0,0.3126721816212479,4.293200000000008,0.06489999999999821,-0.5517
2026-05-29 23:47:22,73667.55,0.6494,0.6016,0.6574,-0.0342,6,0,-1.1470860394388898,3.1211000000000073,-0.09220000000000184,0.07379999999999998
2026-05-29 23:47:52,73661.75,0.0193,0.2544,0.3608,-1.1216,111,0,1.5976733572592712,-1.268299999999992,-0.008900000000001684,0.04150000000000001
2026-05-29 23:48:22,73655.85,0.259,0.3459,0.4776,-0.0229,21,0,-0.9221362438940286,1.939200000000008,2.8722999999999987,-0.25570000000000004
2026-05-29 23:48:52,73655.35,0.715,0.6905,0.6452,-0.0035,9,0,-1.1614830232575744,2.3400000000000083,4.624699999999999,0.4361
2026-05-29 23:49:22,73657.65,0.5305,0.5552,0.5572,-0.1994,36,0,-0.45100173124313436,2.295100000000008,4.964399999999999,0.20930000000000004
2026-05-29 23:49:52,73668.25,0.8513,0.7779,0.7677,0.404,71,0,0.5471760461089448,3.247400000000008,7.110599999999999,0.08740000000000003
2026-05-29 23:50:22,73662.55,0.5339,0.5594,0.4809,0.0119,9,0,-0.9922368909666383,-1.5735999999999926,2.9490999999999987,0.0041999999999999815
2026-05-29 23:50:52,73631.45,0.1917,0.2991,0.4676,-0.0138,16,0,-0.8363200023236655,-2.722899999999992,-1.2212000000000012,-0.47880000000000006
2026-05-29 23:51:42,73642.25,0.1297,0.2421,0.4475,-0.1104,22,0,-0.6504566292025145,-1.8433999999999924,0.3543999999999987,-0.14569999999999997
2026-05-29 23:54:42,73596.15,0.9132,0.8151,0.6567,0.3091,40,1,-0.6229283698007029,-0.09429999999999245,-1.9901000000000013,0.5283
2026-05-29 23:56:03,73578.05,0.6288,0.6071,0.4845,-0.3477,84,1,0.6771993762888207,-1.1782999999999926,0.3654999999999984,-0.15970000000000006
2026-05-29 23:56:33,73552.35,0.2839,0.4223,0.3587,0.5636,20,1,-1.1473064354119877,-0.05469999999999253,-0.6209000000000017,-0.05840000000000001
2026-05-29 23:57:03,73525.55,0.4405,0.467,0.3829,-0.1644,58,1,-0.18983929136207214,-3.5817999999999923,-1.7134000000000014,-0.14009999999999995
2026-05-29 23:57:33,73540.75,0.8053,0.7489,0.6368,-0.0036,5,1,-1.5442996922710108,-3.8879999999999924,-2.4511000000000016,0.3266
2026-05-29 23:58:03,73543.65,0.1724,0.314,0.4843,0.1846,77,1,0.5193440883062573,-1.2321999999999924,-1.3156000000000014,-0.15300000000000002
2026-05-29 23:58:33,73534.65,0.9833,0.9198,0.6375,0.3381,56,1,-0.09013536496092629,-0.24609999999999238,-1.9953000000000014,0.17089999999999994
2026-05-29 23:59:03,73537.45,0.3476,0.3473,0.3232,-0.1557,38,1,-0.5150083007377035,1.6498000000000075,-1.4741000000000013,0.033299999999999996
2026-05-29 23:59:33,73531.65,0.5172,0.5158,0.6166,-0.4346,84,1,0.7968098758266391,2.3870000000000076,0.45399999999999885,-0.4039999999999999
2026-05-30 00:00:03,73547.55,0.4226,0.4033,0.4178,-2.8039,374,1,4.519991190007534,-1.1976999999999924,-4.066100000000001,0.055999999999999994
2026-05-30 00:00:33,73562.95,0.8748,0.7476,0.6337,-0.7012,97,1,0.42333217284999497,-1.9349999999999925,-4.190800000000001,0.2318
2026-05-30 00:01:03,73575.85,0.5153,0.5649,0.6089,0.6769,49,1,-0.2485903505271257,-1.1741999999999926,-1.4700000000000009,0.16159999999999997
2026-05-30 00:02:43,73555.75,0.8786,0.7865,0.6516,-0.2144,54,1,-0.1439743527489601,0.4019000000000075,-0.628500000000001,0.44999999999999996
2026-05-30 00:03:13,73543.25,0.3606,0.3762,0.3901,-0.4288,95,1,0.45451196473409583,-0.7674999999999925,-1.245100000000001,-0.4486
2026-05-30 00:03:43,73530.05,0.2618,0.3357,0.3267,-1.6493,127,1,0.8217054421799482,-3.1913999999999927,-3.7266000000000012,-0.4508
2026-05-30 00:04:13,73512.95,0.93,0.7386,0.856,-0.3687,142,1,0.9653179742334785,-2.5963999999999925,-4.789000000000001,0.36240000000000006
2026-05-30 00:04:43,73552.85,0.8847,0.8482,0.734,0.4208,66,1,-0.1895315256722853,-0.7998999999999923,-2.903900000000001,0.5125
2026-05-30 00:05:13,73574.85,0.6197,0.5797,0.5727,-0.3455,97,1,0.8323250030800945,0.18090000000000755,0.9303999999999988,-0.15890000000000004
2026-05-30 00:05:43,73566.35,0.1516,0.2717,0.3307,-0.2802,99,1,0.9276689422397705,2.117000000000008,0.23109999999999875,-0.5765
2026-05-30 00:06:13,73609.25,0.5272,0.5836,0.544,-0.0776,13,1,-1.3127295432579908,3.6201000000000074,0.9812999999999986,0.0039000000000000146
2026-05-30 00:06:43,73587.05,0.501,0.526,0.4195,-0.4229,26,1,-0.9324686575412892,1.1328000000000076,-0.5707000000000013,0.2543
2026-05-30 00:07:13,73606.55,0.2692,0.4261,0.5119,-0.0326,41,1,-0.5892587305007548,1.6735000000000075,1.1292999999999989,-0.15750000000000003
2026-05-30 00:07:43,73602.05,0.4912,0.5256,0.4526,0.0216,7,1,-1.2175117880715212,1.7073000000000076,1.5364999999999989,-0.00040000000000006697
2026-05-30 00:08:13,73618.65,0.9419,0.8285,0.651,1.1682,57,1,-0.10709444678695845,0.9532000000000075,2.7019999999999986,0.40240000000000004
2026-05-30 00:08:43,73664.45,0.9321,0.8226,0.7727,1.1959,53,1,-0.11952777788615436,5.002800000000008,7.623499999999998,0.29700000000000004
2026-05-30 00:09:13,73625.75,0.6482,0.6393,0.4918,0.0232,8,1,-0.9523030245022984,2.003400000000007,5.729099999999999,-0.18920000000000003
2026-05-30 00:09:43,73638.55,0.2305,0.3578,0.4319,-0.0276,8,1,-0.846823987493316,2.985000000000007,5.321399999999999,-0.4648
2026-05-30 00:10:13,73645.75,0.449,0.5368,0.4543,-0.0198,11,1,-0.7670523844261851,2.3544000000000076,4.875499999999999,-0.10249999999999992
2026-05-30 00:10:43,73634.15,0.9079,0.8435,0.6614,0.3846,36,1,-0.3511408580063037,-0.7194999999999923,4.786999999999999,0.4857
2026-05-30 00:11:33,73671.05,0.9722,0.8803,0.6789,0.2807,38,1,-0.3397413506885869,0.7356000000000076,4.528899999999999,0.1391
2026-05-30 00:12:03,73658.15,0.0633,0.1251,0.4323,-0.1853,49,1,-0.17051548176112002,-0.3400999999999924,2.8490999999999986,-0.4729
2026-05-30 00:12:33,73636.35,0.4756,0.495,0.5314,-0.0158,9,1,-0.9145421204247897,-0.6134999999999924,2.1031999999999984,-0.3853
2026-05-30 00:13:03,73634.15,0.1538,0.2291,0.3128,-0.3093,77,1,0.2918537397107461,-2.1295999999999924,2.607599999999999,0.10400000000000001
2026-05-30 00:13:33,73634.05,0.7027,0.6478,0.5527,-0.3701,41,1,-0.3507078710375972,-1.8127999999999924,-0.667900000000001,0.15280000000000005
2026-05-30 00:14:03,73657.75,0.9097,0.7894,0.6123,0.6862,60,1,0.08574462118125195,0.7511000000000079,1.6525999999999992,0.5603
2026-05-30 00:14:33,73659.85,0.6914,0.635,0.5411,0.3635,27,1,-0.7229171333088629,2.191000000000008,1.2599999999999991,-0.012800000000000034
2026-05-30 00:15:03,73641.85,0.8089,0.7563,0.7305,-0.1033,108,1,1.1750964795282577,0.5874000000000079,-0.3474000000000012,-0.03310000000000002
2026-05-30 00:15:33,73655.75,0.4656,0.5021,0.6268,0.7948,76,1,0.4076518555863431,1.3577000000000077,0.5979999999999988,-0.13290000000000002
2026-05-30 00:16:03,73655.15,0.1563,0.2472,0.2718,-0.0062,7,1,-1.4464350050211228,-0.6218999999999925,-1.405700000000001,-0.5091
2026-05-30 00:16:33,73615.65,0.382,0.3881,0.492,0.1841,8,1,-1.3464028093611178,-1.8938999999999926,-1.3695000000000013,-0.11399999999999999
2026-05-30 00:17:03,73613.35,0.252,0.3171,0.2251,-0.8873,74,1,0.6269262402732477,-0.8272999999999924,-0.834600000000001,0.06989999999999999
2026-05-30 00:17:33,73599.95,0.6059,0.5609,0.524,-2.2412,75,1,0.5987691412906285,-3.9028999999999923,-2.691400000000001,0.17279999999999995
2026-05-30 00:18:03,73606.05,0.5164,0.5024,0.5405,0.2101,45,1,-0.2710661500256547,-2.940199999999992,-2.216300000000001,0.18529999999999996
2026-05-30 00:18:33,73595.95,0.3134,0.4147,0.417,-0.0764,30,1,-0.7715984166253831,-2.781999999999992,-2.338700000000001,-0.14619999999999994
2026-05-30 00:19:03,73665.75,0.7566,0.6906,0.5483,1.0074,76,1,0.7422805963294683,2.3729000000000076,0.7871999999999989,0.18820000000000003
2026-05-30 00:19:33,73634.05,0.6435,0.5974,0.5035,-0.075,18,1,-1.1082204953649426,4.414300000000008,-0.46810000000000107,0.18270000000000003
2026-05-30 00:20:03,73656.75,0.5236,0.5025,0.4637,-0.0165,12,1,-1.1737038009859366,3.5057000000000076,0.7019999999999991,-0.18810000000000004
2026-05-30 00:20:33,73678.25,0.2954,0.3799,0.4677,0.195,11,1,-1.196080191054644,5.265700000000008,1.569299999999999,-0.21750000000000003
2026-05-30 00:24:53,73746.55,0.0706,0.1951,0.6087,0.2395,107,0,1.4609470890933363,0.18680000000000774,1.939099999999999,-0.048600000000000004
2026-05-30 00:38:14,73718.35,0.6976,0.688,0.6512,0.1362,18,0,-0.8250061140690745,1.622200000000008,-0.411500000000001,-0.0707000000000001
2026-05-30 00:39:04,73713.95,0.4399,0.4637,0.6751,0.0757,16,0,-0.9207791386090715,1.306700000000008,0.4345999999999991,-0.39059999999999995
2026-05-30 00:39:44,73705.95,0.5998,0.6059,0.6299,0.1905,19,0,-0.7578297729868582,-0.03839999999999194,0.14559999999999917,-0.18000000000000005
2026-05-30 00:40:34,73706.95,0.6913,0.6486,0.6557,0.1662,36,0,-0.21392311275748024,0.25380000000000813,0.38159999999999916,0.15629999999999994
2026-05-30 00:41:04,73692.15,0.2704,0.306,0.4063,-0.2971,64,0,0.8199834162294324,-2.031599999999992,-0.475200000000001,-0.2866
2026-05-30 00:41:34,73698.95,0.7245,0.6658,0.6464,0.0801,12,0,-0.9561509705667134,-0.8504999999999923,0.6771999999999989,0.017199999999999993
2026-05-30 00:42:04,73705.05,0.5551,0.5468,0.5803,0.007,6,0,-1.0895670658882175,-0.9151999999999922,-0.14740000000000109,0.24079999999999996
2026-05-30 00:42:34,73705.05,0.7297,0.6196,0.6387,0.0921,13,0,-0.6685342431553377,-0.8157999999999922,-0.28980000000000106,-0.04619999999999991
2026-05-30 00:43:04,73705.05,0.9366,0.841,0.5754,0.1082,19,0,-0.29652976984169255,1.2429000000000079,-0.469300000000001,0.2942
2026-05-30 00:43:34,73706.35,0.4262,0.3949,0.4993,0.0551,13,0,-0.44829766638719737,1.222100000000008,0.044899999999999045,-0.22470000000000007
2026-05-30 00:44:04,73703.95,0.3073,0.3345,0.5178,0.0999,8,0,-0.5856448728657859,-0.043499999999992225,-1.497600000000001,-0.5065
2026-05-30 00:45:44,73736.75,0.5097,0.5217,0.5376,0.2463,27,0,-0.021029815361750918,6.1812000000000085,6.020199999999999,0.14080000000000004
2026-05-30 00:46:14,73742.35,0.4603,0.3975,0.4789,0.0872,8,0,-0.5807117535321507,7.175800000000008,7.7635,-0.4947
2026-05-30 00:46:54,73740.15,0.676,0.6307,0.5512,0.099,8,0,-0.6082142984708601,7.146600000000008,7.226399999999999,-0.26569999999999994
2026-05-30 00:47:24,73743.65,0.6257,0.5809,0.593,0.0502,3,0,-0.8121246977550953,1.8132000000000077,7.8050999999999995,-0.07750000000000001
2026-05-30 00:47:54,73731.05,0.5287,0.5623,0.6429,0.0034,9,0,-0.7058165582973661,1.1445000000000078,7.507599999999999,-0.06840000000000002
2026-05-30 00:48:24,73742.65,0.2036,0.2536,0.4474,-0.0889,47,0,0.1969887643463475,1.5110000000000077,7.236999999999999,-0.3273
2026-05-30 00:48:54,73718.55,0.0854,0.2221,0.4468,-0.1116,47,0,0.1542013310148673,0.6720000000000077,8.0348,-0.34020000000000006
2026-05-30 00:52:04,73698.65,0.093,0.2008,0.5038,-0.0055,24,1,-0.5782687489944156,-1.3807999999999923,-0.08120000000000116,-0.347
2026-05-30 00:52:34,73676.05,0.5152,0.5238,0.5026,0.0293,12,1,-1.074971124215309,-1.8022999999999922,-0.9720000000000012,-0.25649999999999995
2026-05-30 00:53:04,73674.65,0.3327,0.3428,0.3164,0.0568,13,1,-0.9310582602344443,-1.6212999999999922,-0.7090000000000011,0.142
2026-05-30 00:53:34,73666.15,0.1538,0.2108,0.4716,0.0143,6,1,-1.1167446381811437,-2.588099999999992,-1.491600000000001,-0.31300000000000006
2026-05-30 00:54:04,73667.55,0.6418,0.5502,0.4396,0.5708,42,1,0.06338860569533766,-1.3832999999999922,-0.6937000000000011,0.20740000000000003
2026-05-30 00:54:34,73657.65,0.7203,0.7104,0.6454,-0.0399,12,1,-0.9095915900434339,-0.6089999999999922,-2.479500000000001,0.49960000000000004
2026-05-30 00:55:04,73667.05,0.5914,0.5538,0.5553,0.0085,5,1,-1.0986270320772533,-0.4792999999999922,-2.737500000000001,0.0035999999999999366
2026-05-30 00:55:34,73642.65,0.3544,0.4054,0.4847,0.0073,4,1,-1.158805160655302,-0.48329999999999224,-2.762200000000001,-0.30500000000000005
2026-05-30 00:56:04,73629.35,0.4932,0.4797,0.3449,-0.5765,35,1,-0.02552034754575368,-1.2833999999999923,-3.410600000000001,-0.07409999999999994
2026-05-30 00:56:34,73631.35,0.7895,0.7121,0.6419,0.003,14,1,-0.8186846102835356,-1.2117999999999922,-3.9323000000000015,0.3067
2026-05-30 00:57:04,73640.35,0.0661,0.188,0.4558,-0.1392,63,1,1.0129162807593284,-1.1299999999999923,-2.486700000000001,-0.2917
2026-05-30 00:57:34,73652.95,0.727,0.6704,0.6302,0.2508,29,1,-0.23809345142355617,0.19340000000000782,-0.7665000000000011,-0.04169999999999996
2026-05-30 00:58:04,73652.95,0.6176,0.6462,0.6054,0.1727,17,1,-0.7032335237476204,1.1372000000000078,-0.6521000000000011,0.4582
2026-05-30 00:58:34,73658.15,0.9742,0.8304,0.5911,0.4335,41,1,0.09680754476962755,1.964100000000008,0.6198999999999988,0.16000000000000003
2026-05-30 00:59:04,73661.65,0.4373,0.4519,0.4586,-0.0715,21,1,-0.6353046124904491,1.7938000000000078,0.6903999999999988,-0.19429999999999997
2026-05-30 00:59:34,73684.95,0.0969,0.1787,0.4814,0.2849,49,1,0.4532797312029319,2.374700000000008,2.2171999999999987,-0.6517000000000001
2026-05-30 01:00:04,73683.35,0.6799,0.6038,0.5009,1.9992,79,1,1.305380501344279,2.8386000000000076,2.6657999999999986,0.15189999999999998
2026-05-30 01:00:34,73690.65,0.0485,0.1789,0.4159,-0.0806,48,1,0.12622324160485504,2.8409000000000075,3.9440999999999984,0.00020000000000000573
2026-05-30 01:01:04,73692.15,0.8197,0.7348,0.7206,0.0928,55,1,0.3281616074878946,2.781300000000008,4.755099999999999,0.131
2026-05-30 01:01:34,73689.85,0.0482,0.1371,0.438,-0.1282,40,1,-0.23227740285409676,2.1189000000000076,5.5478999999999985,-0.041800000000000004
2026-05-30 01:02:04,73674.55,0.1427,0.2585,0.2957,0.0455,14,1,-1.2838742589585848,1.3730000000000075,5.168799999999999,-0.4763
2026-05-30 01:02:34,73646.65,0.6517,0.6165,0.5472,-0.2835,47,1,0.03492656393660782,-0.4290999999999924,3.3215999999999983,0.47940000000000005
2026-05-30 01:03:04,73696.65,0.9771,0.8692,0.7207,0.542,61,1,0.252067458801938,1.3973000000000075,5.015199999999998,0.6107
2026-05-30 01:03:34,73681.85,0.3444,0.3813,0.3436,0.0302,9,1,-1.471923756184988,0.06070000000000758,3.6444999999999985,-0.23520000000000008
2026-05-30 01:04:04,73671.55,0.1754,0.2469,0.2513,0.1139,11,1,-1.3385270161222926,-0.3821999999999924,2.9927999999999986,-0.6223
2026-05-30 01:07:14,73757.45,0.3362,0.3694,0.5239,0.3663,51,0,0.2575370907325082,3.1337000000000077,5.571899999999999,-0.053300000000000014
2026-05-30 01:07:44,73759.85,0.0964,0.1335,0.3154,-0.7566,56,0,0.40773403360260746,3.6127000000000073,5.926599999999999,-0.0257
2026-05-30 01:08:14,73727.05,0.4347,0.451,0.5578,-0.0504,33,0,-0.15154394091677356,2.7682000000000073,3.4993999999999987,0.0816
2026-05-30 01:08:44,73721.25,0.2716,0.4079,0.331,-0.3953,41,0,0.22686823994231017,2.3268000000000075,4.220499999999999,0.2744
2026-05-30 01:09:14,73733.95,0.8684,0.8041,0.6901,0.5036,71,0,1.060076690576664,-1.1171999999999924,3.4346999999999985,0.3531
2026-05-30 01:09:44,73724.85,0.0804,0.2397,0.3411,-0.2179,21,0,-0.5849798617638361,-2.7692999999999923,1.4360999999999986,-0.1682
2026-05-30 01:10:14,73724.85,0.1049,0.262,0.2596,0.0001,1,0,-1.1071268282674829,-1.8652999999999922,0.7694999999999986,-0.5421
2026-05-30 01:10:45,73723.25,0.9711,0.8651,0.6952,0.7163,69,0,0.9306420781073494,-0.8145999999999922,1.5009999999999988,0.6254
2026-05-30 01:11:15,73735.75,0.943,0.8092,0.6725,0.062,14,0,-0.7725941186424816,0.4712000000000078,2.621099999999999,0.5472
2026-05-30 01:11:45,73750.25,0.9024,0.7796,0.6693,-0.0047,2,0,-1.129925206611039,2.2075000000000076,3.0620999999999987,-0.08550000000000002
2026-05-30 01:12:15,73757.65,0.182,0.2692,0.5072,-0.4898,56,0,0.6038554882213848,3.723700000000008,1.3594999999999984,-0.54
2026-05-30 01:12:45,73766.05,0.8317,0.7645,0.6483,0.1008,25,0,-0.2946374467802568,3.2627000000000077,1.1509999999999985,-0.015100000000000002
2026-05-30 01:13:15,73810.05,0.3984,0.4865,0.7433,2.2212,175,0,3.289431473544956,5.282000000000007,5.134899999999998,0.2173
2026-05-30 01:13:45,73839.25,0.2721,0.3581,0.4918,-0.7682,58,0,0.2481502078198425,6.381600000000008,7.1168999999999984,-0.4064
2026-05-30 01:14:15,73807.55,0.1133,0.3067,0.4056,-0.4214,58,0,0.23313521405361054,2.654800000000008,5.131499999999998,-0.17980000000000002
2026-05-30 01:14:45,73815.15,0.0453,0.1408,0.2699,0.1234,49,0,0.06353513367158621,2.783800000000008,6.704099999999999,-0.21729999999999997
2026-05-30 01:15:15,73803.65,0.0339,0.2756,0.3444,-0.409,49,0,-0.01595850579471212,-0.8420999999999923,6.158099999999998,-0.03109999999999996
2026-05-30 01:15:45,73804.75,0.2259,0.351,0.4121,-0.0073,6,0,-1.0740703332723507,-2.4757999999999925,5.455699999999998,0.21019999999999997
2026-05-30 01:16:15,73793.95,0.5963,0.5874,0.7039,-0.0106,4,0,-1.0518533776366483,-0.8783999999999924,3.7818999999999985,0.3118
2026-05-30 01:16:45,73787.25,0.1674,0.2898,0.3533,0.0542,39,0,-0.19825074072309204,-2.6337999999999924,1.8627999999999982,-0.06119999999999998
2026-05-30 01:17:15,73783.15,0.1457,0.2805,0.3975,-0.0002,1,0,-1.0171879228151093,-2.1652999999999922,0.26909999999999823,-0.3069
2026-05-30 01:17:45,73783.15,0.2128,0.3335,0.4598,-0.0251,8,0,-0.8143838248850439,-2.2191999999999927,-0.02620000000000176,0.04370000000000002
2026-05-30 01:18:15,73771.95,0.1256,0.2311,0.3192,-0.2009,24,0,-0.3344514330099072,-2.3022999999999922,-3.802400000000002,-0.04940000000000003
2026-05-30 01:18:45,73736.15,0.3898,0.4165,0.4572,-0.2333,32,0,0.09600670373731701,-1.5881999999999925,-6.107000000000002,0.08299999999999996
2026-05-30 01:19:25,73725.25,0.2686,0.3722,0.4247,-0.0041,6,0,-0.9066601311149125,-1.8758999999999926,-4.261600000000001,0.14109999999999998
2026-05-30 01:19:55,73725.25,0.4759,0.5247,0.4885,-0.0167,6,0,-0.7672465506261812,-1.7995999999999923,-4.609600000000002,0.10820000000000007
2026-05-30 01:20:35,73715.45,0.2235,0.3415,0.4897,-0.0479,13,0,-0.3297819656101433,-1.2391999999999923,-4.199500000000002,-0.03069999999999995
2026-05-30 01:21:05,73702.65,0.1932,0.2743,0.3494,-0.0923,23,0,0.1235964215098203,-0.7965999999999924,-4.427800000000002,-0.25040000000000007
2026-05-30 01:21:35,73687.35,0.3606,0.4259,0.4451,-0.3369,71,0,2.280707271742611,-1.0438999999999925,-4.427100000000002,0.08439999999999998
2026-05-30 01:22:05,73692.55,0.8631,0.7165,0.6737,0.588,54,0,1.4607162255693766,-1.2643999999999926,-3.240200000000002,0.44220000000000004
2026-05-30 01:22:35,73643.65,0.8729,0.7948,0.6254,-13.8034,483,0,5.123731770327264,-14.933499999999992,-16.9677,0.36889999999999995
2026-05-30 01:28:05,73557.85,0.4097,0.4186,0.4996,0.0005,3,1,-1.020383446162438,0.8201000000000083,3.1160999999999976,-0.2628
2026-05-30 01:28:55,73568.95,0.5691,0.5495,0.5736,1.0605,46,1,0.011031570764448386,2.9370000000000083,3.7303999999999973,-0.029200000000000004
2026-05-30 01:29:25,73556.35,0.38,0.5435,0.5626,0.0,2,1,-1.1819901539093998,0.5196000000000085,2.921599999999997,0.11030000000000001
2026-05-30 01:29:55,73538.45,0.3159,0.4429,0.398,-0.5083,45,1,0.04415125663435726,-0.9164999999999914,-1.3585000000000025,-0.10659999999999997
2026-05-30 01:30:25,73507.45,0.4651,0.3715,0.8358,-0.4731,107,1,1.5714281071329101,-0.9351999999999914,-1.8601000000000025,-0.172
2026-05-30 01:30:55,73528.25,0.7179,0.5656,0.3923,2.4657,95,1,0.6349384308654288,-11.69999999999999,-10.4821,0.12269999999999998
2026-05-30 01:32:35,73545.75,0.4653,0.4439,0.4494,-0.1284,20,1,-0.4430389341660628,3.673100000000008,-9.134000000000002,0.11010000000000003
2026-05-30 01:33:45,73588.85,0.7766,0.5648,0.329,0.4926,16,0,-0.5032416281007217,2.205600000000008,-6.8919000000000015,0.15489999999999998
2026-05-30 01:34:15,73576.45,0.2978,0.4118,0.2876,-0.1935,14,0,-0.5244601355524497,1.6965000000000081,-7.826900000000002,-0.20490000000000003
2026-05-30 01:34:45,73557.75,0.2229,0.4121,0.2678,-0.4002,61,0,0.21014004221134056,1.1932000000000083,-8.292000000000002,-0.15269999999999995
2026-05-30 01:35:15,73570.65,0.8151,0.6582,0.266,0.9759,100,0,0.8070653896032904,1.0042000000000082,-6.459400000000002,0.2464
2026-05-30 01:35:45,73561.85,0.1334,0.3972,0.2514,-0.0126,5,0,-0.8671571641262764,-0.9485999999999919,5.264699999999997,-0.014900000000000024
2026-05-30 01:36:15,73556.75,0.3805,0.4241,0.2388,-0.0227,5,0,-0.7685603845675484,-0.389299999999992,0.8774999999999973,-0.23410000000000003
2026-05-30 01:36:45,73566.85,0.7952,0.5447,0.3157,-0.0017,4,0,-0.8091934294174122,0.686200000000008,1.5427999999999973,0.14749999999999996
2026-05-30 01:37:15,73566.85,0.1814,0.2842,0.2519,-0.0276,13,0,-0.48789140886240967,-0.060499999999992005,1.7026999999999972,-0.13989999999999997
2026-05-30 01:37:45,73566.85,0.1759,0.3107,0.2281,-0.002,4,0,-0.7310256450358438,0.216400000000008,1.8099999999999974,-0.23399999999999999
2026-05-30 01:38:15,73562.05,0.6853,0.6466,0.2917,0.31,52,0,0.2217548139259169,0.529200000000008,1.0773999999999972,0.36239999999999994
2026-05-30 01:38:45,73578.45,0.9012,0.6864,0.3454,-0.0075,3,0,-0.5333563278264305,1.259600000000008,0.5967999999999973,0.37570000000000003
2026-05-30 01:39:15,73586.05,0.8243,0.7312,0.3069,0.4684,61,0,0.3684420556145821,1.185700000000008,1.1918999999999973,0.08460000000000001
2026-05-30 01:39:45,73605.15,0.6803,0.5864,0.2353,0.2886,49,0,0.1595783747257159,2.598600000000008,3.215399999999997,-0.09999999999999998
2026-05-30 01:40:25,73599.15,0.1361,0.2414,0.1875,-1.4065,138,0,1.5508953524658309,2.033500000000008,2.106699999999997,-0.48979999999999996
2026-05-30 01:40:55,73591.75,0.7465,0.5807,0.4766,-0.0022,4,0,-0.6026777142950765,0.7873000000000081,2.3326999999999973,-0.005700000000000038
2026-05-30 01:41:25,73604.05,0.7961,0.7307,0.4029,0.7209,75,0,0.5033642188128685,1.620100000000008,3.201299999999997,0.4893
2026-05-30 01:41:55,73604.95,0.7767,0.4078,0.3185,-0.0021,4,0,-0.5996635097729076,0.268600000000008,2.797799999999997,-0.1729
2026-05-30 01:42:25,73604.95,0.7897,0.6667,0.3343,-0.0014,2,0,-0.6263953728887585,0.6825000000000081,2.8496999999999972,-0.06400000000000006
2026-05-30 01:42:55,73604.95,0.8125,0.6672,0.4924,-0.0082,4,0,-0.5803294760556393,0.7462000000000081,2.862499999999997,0.2594
2026-05-30 01:43:25,73604.95,0.79,0.6444,0.454,-0.0055,2,0,-0.7622690810652295,-0.10929999999999179,2.562799999999997,-0.022299999999999986
2026-05-30 01:43:55,73584.65,0.816,0.6694,0.4206,-0.4573,217,0,3.821948838878811,-0.6084999999999918,0.9296999999999971,0.0021999999999999797
2026-05-30 01:44:25,73611.45,0.8575,0.6077,0.2614,0.006,4,0,-0.5310503208574351,0.023400000000008185,1.687399999999997,-0.036699999999999955
2026-05-30 01:45:15,73624.35,0.769,0.7546,0.391,0.428,37,0,0.1556795226807204,0.9546000000000081,1.218499999999997,0.08520000000000005
2026-05-30 01:45:45,73624.35,0.578,0.6084,0.3825,0.021,4,0,-0.40973972733210845,1.0993000000000082,1.628599999999997,0.0007000000000000339
2026-05-30 01:46:15,73598.25,0.2224,0.2823,0.289,-0.5439,104,0,1.5788020370023252,0.34240000000000814,0.484799999999997,-0.47230000000000005
2026-05-30 01:46:45,73595.05,0.7513,0.6778,0.2597,0.6219,117,0,1.6038727425665016,-0.8354999999999919,-0.7682000000000031,0.0693999999999999
2026-05-30 01:47:25,73576.65,0.0358,0.2782,0.3334,-0.1044,25,0,-0.20989077037683557,-2.2016999999999918,-1.251800000000003,-0.0040999999999999925
2026-05-30 01:47:55,73584.25,0.9093,0.7592,0.3465,0.0865,20,0,-0.3494999869127147,-1.8442999999999918,-0.898200000000003,0.08140000000000003
2026-05-30 01:48:26,73580.25,0.5236,0.4395,0.4286,-1.2823,163,0,2.126555376477926,-1.8176999999999919,-2.079100000000003,0.1613
2026-05-30 01:48:56,73530.95,0.6431,0.5763,0.402,0.8678,45,0,-0.17487379343867848,-1.280499999999992,-1.9394000000000031,-0.18289999999999995
2026-05-30 01:49:26,73528.65,0.9012,0.7626,0.3483,0.258,100,0,0.8133568762464229,-0.7291999999999916,-1.372500000000003,0.32309999999999994
2026-05-30 01:49:56,73496.05,0.1467,0.3587,0.3609,0.008,146,0,1.484336279952975,-1.7824999999999918,-2.7041000000000026,-0.21760000000000002
2026-05-30 01:50:26,73481.75,0.2387,0.4725,0.2032,-0.2977,46,0,-0.20474459522266575,-1.7532999999999916,-4.7870000000000035,-0.29009999999999997
2026-05-30 01:50:56,73467.85,0.9251,0.6509,0.3172,0.1426,138,0,1.0073277577606639,-2.2034999999999916,-5.242200000000002,0.2922
2026-05-30 01:51:26,73479.15,0.3229,0.4636,0.4266,0.9639,208,0,1.922470514592102,-0.8518999999999917,-2.566800000000003,-0.008899999999999963
2026-05-30 01:51:56,73483.85,0.4367,0.1486,0.1738,0.457,54,0,-0.22173640798593575,0.19000000000000827,-1.678600000000003,-0.5023
2026-05-30 01:52:26,73470.15,0.1247,0.2972,0.2111,-0.0024,2,0,-0.9302021685308619,0.8169000000000083,-1.7684000000000029,-0.1664
2026-05-30 01:52:56,73449.55,0.0815,0.2325,0.1997,-0.0232,14,0,-0.7518506825946605,0.9041000000000082,-2.493800000000003,0.0839
2026-05-30 01:53:26,73458.45,0.1005,0.245,0.2233,-0.1222,29,0,-0.5893230799071388,0.39000000000000834,-0.35910000000000286,-0.052200000000000024
2026-05-30 01:53:56,73449.05,0.1216,0.3558,0.2275,-0.0004,2,0,-0.8986083326486081,0.26300000000000834,-0.13510000000000288,0.12329999999999999
2026-05-30 01:54:36,73460.45,0.7462,0.5809,0.248,0.1564,33,0,-0.42267041763292323,1.3351000000000084,0.2550999999999972,0.23619999999999997
2026-05-30 02:04:36,73443.05,0.3906,0.38,0.2415,-0.1364,33,1,-0.48701070669852536,-0.9152999999999917,0.6776999999999972,-0.10949999999999999
2026-05-30 02:05:06,73408.35,0.0652,0.2583,0.2005,-0.3443,31,1,-0.5313073111329818,-4.763199999999991,-2.869300000000002,0.07889999999999997
2026-05-30 02:05:36,73409.95,0.0915,0.133,0.2402,-0.7288,35,1,-0.43333738748734035,-2.0669999999999913,-0.15990000000000237,-0.247
2026-05-30 02:06:06,73417.05,0.2804,0.3011,0.4544,-0.3839,22,1,-0.7681036041380874,-2.6714999999999915,-0.9120000000000025,0.042800000000000005
2026-05-30 02:06:36,73399.25,0.9378,0.7894,0.5218,0.3046,31,1,-0.6689115213538251,-2.3037999999999914,-1.3018000000000025,0.6564
2026-05-30 02:07:06,73403.15,0.521,0.5539,0.5152,-0.0,2,1,-1.2770688905207077,2.172800000000008,-2.3162000000000025,0.25279999999999997
2026-05-30 02:07:36,73400.75,0.0701,0.1793,0.3412,-0.4218,79,1,0.8266543352391084,-0.5573999999999921,-3.0805000000000025,-0.6101
2026-05-30 02:08:06,73405.15,0.8972,0.7189,0.5592,0.2231,27,1,-0.5302284482694647,-0.08679999999999213,-2.6232000000000024,0.16500000000000004
2026-05-30 02:08:36,73390.95,0.0657,0.175,0.2873,0.261,27,1,-0.5335654512971318,0.5635000000000079,-2.1995000000000027,-0.004299999999999998
2026-05-30 02:09:06,73399.25,0.5258,0.5126,0.4522,0.0541,11,1,-0.9196983060141958,0.5620000000000079,-2.1635000000000026,-0.20630000000000004
2026-05-30 02:09:36,73396.55,0.5687,0.4879,0.3453,0.024,3,1,-1.0370146480961056,-1.099099999999992,-3.2643000000000026,0.3129
2026-05-30 02:10:06,73405.15,0.2271,0.3156,0.499,-0.2603,32,1,-0.3610556808711421,1.2655000000000076,3.405499999999997,-0.19699999999999995
2026-05-30 02:10:36,73412.25,0.3565,0.4342,0.4388,0.581,65,1,0.40341233757100514,1.3435000000000077,1.2109999999999967,-0.053700000000000025
2026-05-30 02:11:06,73412.25,0.7456,0.6547,0.6493,0.4379,56,1,0.20829131851695964,0.9165000000000076,1.4244999999999968,0.33909999999999996
2026-05-30 02:11:36,73405.45,0.4091,0.4316,0.3354,-0.0265,7,1,-0.8491459233139799,2.4192000000000076,1.4586999999999968,-0.002599999999999991
2026-05-30 02:12:06,73414.15,0.7631,0.7164,0.6291,0.2415,27,1,-0.4056837522953052,0.534700000000008,1.7673999999999968,0.06170000000000009
2026-05-30 02:12:36,73414.15,0.8132,0.7614,0.6612,0.0007,6,1,-0.8231679005758862,0.10820000000000808,1.876599999999997,0.3298
2026-05-30 02:13:06,73416.35,0.9439,0.8537,0.6616,0.0999,25,1,-0.35873680665451546,0.3541000000000081,1.8653999999999968,0.13729999999999998
2026-05-30 02:13:36,73417.05,0.898,0.8363,0.554,-0.005,22,1,-0.40014791336120437,0.01990000000000801,0.9150999999999969,0.07490000000000008
2026-05-30 02:14:06,73430.55,0.8492,0.6373,0.5568,-0.0363,45,1,0.13181258923916075,-0.26089999999999197,0.9444999999999969,-0.21640000000000004
2026-05-30 02:14:36,73403.85,0.592,0.558,0.5506,-2.6192,178,1,3.106269027015313,-3.005899999999992,-0.03020000000000289,-0.2783
2026-05-30 02:15:06,73425.75,0.4441,0.4715,0.5225,0.1366,130,1,2.1856990283362454,-1.579999999999992,-0.9801000000000026,-0.1658
2026-05-30 02:15:36,73411.15,0.366,0.4143,0.3842,0.0326,24,1,-0.317276936690761,-1.733599999999992,-2.1620000000000026,-0.14370000000000005
2026-05-30 02:16:06,73411.15,0.7429,0.611,0.6601,-0.0003,2,1,-0.7446551316578333,-2.058999999999992,-2.031000000000003,0.1395
2026-05-30 02:16:36,73451.85,0.9832,0.8336,0.7399,0.1652,46,1,0.11926688959448176,3.4187000000000083,0.9692999999999974,0.4193
2026-05-30 02:17:06,73442.15,0.5413,0.445,0.3918,-0.9153,122,1,1.6514050511815859,1.1894000000000082,-0.3254000000000026,-0.16599999999999998
2026-05-30 02:17:36,73448.55,0.9068,0.7892,0.7634,-0.0361,4,1,-0.8479826900379914,2.0703000000000085,-0.19990000000000258,-0.044399999999999995
2026-05-30 02:18:06,73445.15,0.2111,0.2111,0.3856,-0.3477,50,1,0.08588758591136875,1.8878000000000084,-0.4973000000000026,-0.2339
2026-05-30 02:18:36,73464.65,0.5763,0.5601,0.5842,-0.0693,6,1,-0.8673489294273655,-0.21179999999999186,0.7375999999999974,-0.22909999999999997
2026-05-30 02:19:06,73483.65,0.8588,0.7259,0.5745,0.256,41,1,-0.13746973539139717,0.8362000000000082,0.7716999999999974,0.5147999999999999
2026-05-30 02:20:46,73541.75,0.7437,0.5971,0.6076,0.0435,32,0,-0.1790852873415524,-0.37929999999999175,2.235899999999998,-0.15610000000000002
2026-05-30 02:21:26,73534.75,0.3147,0.4756,0.3634,-0.5464,91,0,1.0303987742669718,-1.2862999999999918,-1.5426000000000024,-0.03200000000000003
2026-05-30 02:21:56,73544.95,0.9753,0.8022,0.7264,0.2904,68,0,0.5128563687715912,-1.6450999999999918,-1.6309000000000022,0.25160000000000005
2026-05-30 02:22:26,73563.05,0.076,0.2591,0.4153,-0.2461,44,0,-0.061640343613328166,-1.604399999999992,-1.6171000000000022,-0.21650000000000003
2026-05-30 02:22:56,73564.15,0.4347,0.5375,0.5057,0.0142,6,0,-0.8864961331081107,-1.5906999999999918,-1.5850000000000024,-0.26470000000000005
2026-05-30 02:23:26,73555.15,0.4952,0.5618,0.492,-0.4076,46,0,-0.018752427846654027,-1.0605999999999918,-2.6259000000000023,0.30269999999999997
2026-05-30 02:23:56,73564.15,0.5015,0.5421,0.5738,-0.0359,11,0,-0.7483271886797098,-0.8477999999999919,-2.1436000000000024,0.0046000000000000485
2026-05-30 02:24:26,73548.65,0.4438,0.5716,0.5029,-0.032,31,0,-0.3535508559962737,-0.5149999999999919,-2.2872000000000026,0.009800000000000031
2026-05-30 02:25:06,73528.65,0.1566,0.2894,0.4196,0.0078,12,0,-0.7307274143615257,-1.0750999999999917,-3.3554000000000026,-0.41980000000000006
2026-05-30 02:25:36,73518.15,0.3333,0.378,0.352,-0.0341,40,0,-0.16278281423053226,-0.4330999999999919,-2.807800000000002,-0.25849999999999995
2026-05-30 02:26:07,73530.55,0.7523,0.6985,0.6478,-0.0183,7,0,-0.8154581363620156,-0.7822999999999918,-2.655500000000002,0.4091
2026-05-30 02:26:47,73531.25,0.8125,0.6296,0.5893,0.3881,48,0,0.3301730519937087,0.11610000000000825,-0.8395000000000021,0.25160000000000005
2026-05-30 02:27:17,73522.75,0.7127,0.6951,0.5944,-0.5425,79,0,1.512000143327028,-0.022899999999991705,-1.4876000000000023,-0.0033999999999999586
2026-05-30 02:27:47,73528.45,0.946,0.8341,0.737,0.0305,10,0,-0.6530500110557955,0.27640000000000825,-0.9849000000000022,0.2044999999999999
2026-05-30 02:28:17,73529.75,0.897,0.6741,0.5806,0.0771,15,0,-0.4990431675455424,-0.13539999999999175,-1.0729000000000022,-0.02100000000000002
2026-05-30 02:28:57,73531.05,0.9072,0.7844,0.4147,0.0994,18,0,-0.2550435557043132,-0.43229999999999175,-0.1516000000000021,-0.049699999999999966
2026-05-30 02:29:27,73519.15,0.4209,0.416,0.5362,-0.0369,11,0,-0.5204728911922124,-0.33489999999999176,-1.277700000000002,-0.25810000000000005
2026-05-30 02:32:47,73549.15,0.2972,0.4088,0.429,-0.342,52,0,1.1331540054323626,0.6182000000000083,0.8909999999999979,-0.27230000000000004
2026-05-30 02:33:17,73554.85,0.9745,0.8063,0.6305,0.1652,20,0,-0.0485852889807529,1.0367000000000082,1.281699999999998,0.06879999999999997
2026-05-30 02:34:37,73541.05,0.7266,0.6556,0.647,0.0,1,0,-0.8286336792963002,-0.6874999999999919,0.8961999999999981,0.17669999999999997
2026-05-30 02:35:17,73499.25,0.21,0.3255,0.213,-0.011,25,0,-0.17412800836369252,-4.071899999999992,-2.968100000000002,-0.42379999999999995
2026-05-30 02:35:47,73495.55,0.8764,0.7276,0.5098,0.0455,10,0,-0.7288690629294127,-2.771799999999992,-2.7344000000000017,0.32730000000000004
2026-05-30 02:36:27,73508.85,0.7367,0.6633,0.4217,-0.6197,149,0,3.2745599037806503,-3.395999999999992,-3.074800000000002,0.3378
2026-05-30 02:36:57,73484.35,0.8086,0.7658,0.5775,-0.4053,50,0,0.2672247645099214,-6.372199999999991,-6.236100000000002,0.03820000000000001
2026-05-30 02:37:27,73476.45,0.4905,0.4602,0.2901,0.0585,26,0,-0.4437747879786505,-2.931799999999992,-6.794400000000002,-0.2031
2026-05-30 02:37:57,73477.65,0.6379,0.635,0.4725,0.2261,28,0,-0.4238880809271608,-2.957099999999992,-6.309700000000001,-0.13080000000000003
2026-05-30 02:38:27,73484.05,0.5216,0.4487,0.23,-0.4261,77,0,0.8015803251105913,-2.0227999999999917,-6.134300000000002,-0.01150000000000001
2026-05-30 02:39:07,73480.65,0.8583,0.6779,0.5818,1.4174,98,0,1.1883891980430792,0.5159000000000081,-4.886700000000002,0.012199999999999989
2026-05-30 02:45:57,73511.15,0.5469,0.544,0.4745,-0.0066,4,0,-0.9147346790972235,1.375700000000008,0.6309999999999983,0.049300000000000066
2026-05-30 02:46:27,73511.15,0.5397,0.527,0.4473,0.0012,3,0,-0.8221949161050418,1.683700000000008,1.0734999999999983,-0.19519999999999993
2026-05-30 02:46:57,73526.35,0.5651,0.5961,0.5796,-0.0392,13,0,-0.4624189655977554,1.189900000000008,0.9703999999999984,0.052099999999999924
2026-05-30 02:47:27,73519.45,0.6767,0.636,0.7129,0.0025,3,0,-0.7842657185552846,1.202300000000008,0.7079999999999984,0.10899999999999999
2026-05-30 02:47:57,73517.05,0.292,0.5079,0.6242,-0.2323,40,0,0.4886382875463461,0.08470000000000799,1.2097999999999984,-0.08819999999999995
2026-05-30 02:49:17,73506.95,0.8015,0.6767,0.5381,0.0491,15,0,-0.5429429535282009,-4.339299999999992,-2.963400000000002,0.45999999999999996
2026-05-30 02:49:47,73510.05,0.1612,0.223,0.4152,0.0001,1,0,-0.9024429027377632,-5.248499999999992,-3.889500000000002,-0.5351
2026-05-30 02:51:47,73413.05,0.7868,0.5494,0.4018,-0.1196,26,1,-0.3731150785973959,-6.129499999999992,-11.190900000000003,-0.05510000000000004
2026-05-30 02:52:27,73427.55,0.4401,0.2488,0.2942,-0.009,5,1,-0.8419983657246193,-0.8017999999999925,-10.151800000000003,0.039099999999999996
2026-05-30 02:52:57,73415.75,0.0927,0.2626,0.2598,-0.0396,12,1,-0.675844336259231,-0.9090999999999925,-10.683300000000003,-0.304
2026-05-30 02:53:27,73428.75,0.7954,0.4491,0.4171,0.3987,47,1,0.057717753251199454,1.1243000000000074,-3.9473000000000034,0.2003
2026-05-30 02:53:57,73418.55,0.8371,0.7237,0.4491,0.5836,40,1,-0.15504263863663342,-1.6342999999999925,-7.096400000000004,0.4611
2026-05-30 02:56:37,73486.55,0.9613,0.4624,0.433,0.0083,9,0,-0.800802622273942,3.6522000000000077,2.7801999999999967,0.10709999999999997
2026-05-30 02:57:07,73497.05,0.4664,0.3954,0.2533,-0.4928,82,0,1.4431588247805862,1.3362000000000076,2.4167999999999967,-0.3356
2026-05-30 02:57:37,73491.95,0.5449,0.5299,0.2108,0.0337,4,0,-0.904125379627099,1.5340000000000076,2.7799999999999967,0.06750000000000006
2026-05-30 02:58:07,73492.95,0.1418,0.3582,0.178,0.1012,25,0,-0.21902306398851507,0.8429000000000075,2.545999999999997,-0.037199999999999955
2026-05-30 02:58:37,73496.75,0.1274,0.146,0.1344,0.2634,28,0,-0.10609636477590836,0.7056000000000076,2.176899999999997,-0.3839
2026-05-30 02:59:07,73487.75,0.5285,0.5415,0.3225,-0.2984,7,0,-0.7249442593118585,-0.7836999999999925,3.2808999999999973,0.18329999999999996
2026-05-30 02:59:37,73489.05,0.0202,0.0923,0.1406,-0.2545,51,0,0.6736340697139379,-1.0391999999999926,2.978899999999997,-0.0537
2026-05-30 03:00:57,73430.35,0.2181,0.3403,0.2238,-0.1371,50,1,0.5061667903137855,-2.9893999999999923,-2.663700000000003,0.15669999999999998
2026-05-30 03:04:08,73466.45,0.7622,0.6191,0.3919,0.4454,70,0,1.0077381635826983,0.3496000000000077,-2.1699000000000033,0.07389999999999997
2026-05-30 03:05:08,73484.85,0.7751,0.5424,0.2407,0.5893,29,0,-0.10750239701927813,0.2575000000000077,0.739999999999997,-0.07669999999999999
2026-05-30 03:06:28,73468.05,0.53,0.4397,0.3639,0.0001,2,0,-1.1259533918886344,-0.2745999999999921,0.010799999999997057,-0.27180000000000004
2026-05-30 03:06:58,73465.75,0.4313,0.4524,0.235,-0.0008,2,0,-1.059261070075574,-0.3913999999999921,0.256899999999997,-0.21850000000000003
2026-05-30 03:07:28,73476.15,0.5819,0.5837,0.3017,0.2106,24,0,-0.2958272090963975,0.14790000000000786,0.444399999999997,0.14400000000000002
2026-05-30 03:07:58,73476.15,0.5832,0.3176,0.2806,-0.0006,1,0,-0.9675265335786593,0.5456000000000079,0.18579999999999702,-0.13480000000000003
2026-05-30 03:08:28,73499.95,0.8493,0.7137,0.5753,0.5838,73,0,1.6096189532123024,1.2667000000000077,1.1034999999999973,0.13
2026-05-30 03:08:58,73474.35,0.3796,0.4309,0.3714,-0.7421,94,0,1.8405803453216851,0.3162000000000077,0.37659999999999705,0.11330000000000001
2026-05-30 03:09:28,73455.45,0.8237,0.702,0.5668,-0.2299,133,0,2.634600991404561,-0.08559999999999221,-0.09300000000000283,-0.011700000000000044
2026-05-30 03:10:08,73457.65,0.4326,0.4545,0.4875,-0.0046,10,0,-0.6321300941486422,0.004600000000007796,-0.013200000000002814,0.02360000000000001
2026-05-30 03:10:38,73464.75,0.7445,0.3513,0.4541,-0.0176,5,0,-0.7477688488590727,-0.37649999999999223,0.7708999999999973,-0.35069999999999996
2026-05-30 03:11:08,73454.05,0.9767,0.6966,0.5019,0.1392,35,0,0.03894046131158125,0.36010000000000775,0.8482999999999972,0.24209999999999998
2026-05-30 03:11:38,73456.35,0.2583,0.3752,0.3053,-0.0028,3,0,-0.8781085467561709,0.4522000000000077,0.6337999999999973,0.023899999999999977
2026-05-30 03:12:08,73452.15,0.4753,0.4852,0.2881,0.5207,59,0,0.5079466326497083,0.12640000000000773,0.5045999999999973,-0.21139999999999998
2026-05-30 03:12:38,73431.35,0.441,0.615,0.5757,-0.3596,73,0,0.8537873952595719,-0.8623999999999924,-0.2394000000000027,0.2398
2026-05-30 03:15:58,73466.45,0.5165,0.2304,0.2918,0.0086,147,0,2.1874591121740172,1.2815000000000072,-0.9351000000000028,-0.024900000000000033
2026-05-30 03:16:28,73460.95,0.7271,0.584,0.3068,-0.49,64,0,0.4252022553652294,0.8014000000000074,-0.7864000000000028,0.27929999999999994
2026-05-30 03:16:58,73454.15,0.1127,0.2014,0.2459,-0.1134,17,0,-0.6262231372510647,0.5523000000000076,-0.7018000000000029,-0.028999999999999998
2026-05-30 03:17:28,73436.05,0.4569,0.5177,0.242,-0.1625,61,0,0.2864603685592835,-1.2585999999999926,-1.4740000000000029,-0.06629999999999991
2026-05-30 03:18:28,73446.65,0.6642,0.5417,0.4237,0.3377,36,0,-0.2751488269802664,-0.8660999999999927,0.8285999999999971,0.02399999999999991
2026-05-30 03:18:58,73432.45,0.8856,0.683,0.4553,0.1728,30,0,-0.47611446775355987,-1.0999999999999928,-0.13840000000000302,0.12340000000000007
2026-05-30 03:19:28,73422.45,0.6366,0.5232,0.2594,0.0652,4,0,-0.989416095602467,-0.8720999999999928,-1.007500000000003,-0.01849999999999996
2026-05-30 03:19:58,73426.15,0.1395,0.3552,0.2241,-0.0445,48,0,-0.07233011564927982,0.2284000000000072,-0.358600000000003,-0.32780000000000004
2026-05-30 03:20:28,73442.35,0.4278,0.2866,0.285,-0.0175,4,0,-0.9694304467746485,0.45180000000000736,-0.7361000000000032,-0.23659999999999998
2026-05-30 03:20:58,73443.55,0.1625,0.2657,0.2168,-0.1103,24,0,-0.4961660007214452,1.3737000000000075,-0.04620000000000314,-0.08950000000000002
2026-05-30 03:21:28,73423.95,0.3386,0.5023,0.3207,-0.0423,11,0,-0.8793628467497271,0.9386000000000074,-0.8703000000000031,0.21569999999999995
2026-05-30 03:21:58,73390.25,0.2441,0.2091,0.1891,-0.1589,47,0,0.32935664623292865,0.10410000000000744,-0.8068000000000033,-0.056599999999999984
2026-05-30 03:23:18,73321.05,0.8057,0.5845,0.9491,0.5176,173,1,2.7060480908019815,-2.859599999999993,-2.483800000000003,0.21810000000000002
2026-05-30 03:31:58,73385.55,0.1434,0.2046,0.2112,-0.1814,30,1,0.08175783920428385,0.22580000000000738,-0.4575000000000032,-0.061
2026-05-30 03:33:18,73386.35,0.7206,0.5736,0.4328,-0.0902,5,1,-1.1685001186857655,0.08820000000000738,0.17679999999999685,0.3789
2026-05-30 03:33:48,73378.95,0.424,0.4353,0.5957,1.6751,73,1,1.1742866003872046,-3.879899999999992,-4.250500000000003,-0.35660000000000003
2026-05-30 03:34:18,73364.05,0.0903,0.3568,0.5059,-0.2374,32,1,-0.09209919236681974,-3.798499999999992,-3.5365000000000033,-0.2168
2026-05-30 03:34:48,73373.55,0.6427,0.3474,0.4043,0.125,6,1,-0.9500679968223951,-1.245099999999992,-1.2256000000000031,-0.08790000000000003
2026-05-30 03:35:18,73324.15,0.7989,0.6114,0.9379,-2.0366,103,1,1.643584115977762,-3.551399999999992,-4.050600000000003,0.25460000000000005
2026-05-30 03:35:48,73338.25,0.9176,0.7654,0.3948,0.172,19,1,-0.5744086315987317,1.089500000000008,-3.0335000000000027,0.418
2026-05-30 03:36:18,73327.55,0.3504,0.451,0.9302,-0.2041,10,1,-0.8036510577553173,0.6255000000000079,-3.3069000000000033,-0.16040000000000004
2026-05-30 03:36:58,73330.65,0.9099,0.6582,0.3754,0.0867,19,1,-0.5238663919981572,-1.6949999999999923,-3.2959000000000027,-0.10719999999999996
2026-05-30 03:37:38,73346.05,0.6188,0.6324,0.462,-0.0307,16,1,-0.587389501009532,0.6149000000000077,-2.714400000000003,0.18139999999999995
2026-05-30 03:38:08,73346.05,0.2242,0.2334,0.3112,-0.0413,7,1,-0.710612406234714,-0.3196999999999924,-2.754300000000003,-0.4248
2026-05-30 03:38:38,73364.05,0.7711,0.433,0.303,0.5063,63,1,0.621711140134609,1.0256000000000076,-2.369500000000003,-0.19939999999999997
2026-05-30 03:39:08,73361.75,0.4455,0.4701,0.3519,-0.0008,9,1,-0.7017398126394998,0.5888000000000077,1.1727999999999967,0.23670000000000002
2026-05-30 03:39:58,73361.75,0.4635,0.4461,0.2989,-0.1055,25,1,-0.16049580041048628,0.24080000000000767,1.3248999999999969,0.0131
2026-05-30 03:40:28,73372.85,0.5813,0.5148,0.4169,0.2381,31,1,0.033147141678500525,0.8338000000000078,-0.6754000000000033,0.04470000000000002
2026-05-30 03:40:59,73380.25,0.5992,0.5621,0.3544,-0.1361,18,1,-0.3235964513168932,0.9791000000000079,2.160999999999997,0.11600000000000005
2026-05-30 03:41:29,73387.45,0.1179,0.1496,0.2455,-0.0313,99,1,2.8038844065013095,1.3564000000000078,1.4396999999999969,-0.3652
2026-05-30 03:41:59,73380.05,0.7475,0.7279,0.3786,-0.1421,11,1,-0.5980483568475695,1.1310000000000078,1.830399999999997,0.16579999999999995
2026-05-30 03:42:29,73389.35,0.2188,0.1698,0.2701,-0.6153,83,1,1.8498098509014633,0.9350000000000078,1.9545999999999968,0.020199999999999996
2026-05-30 03:42:59,73389.35,0.4701,0.275,0.2797,-0.0332,6,1,-0.7578217133722374,0.05690000000000784,1.6029999999999969,-0.45289999999999997
2026-05-30 03:43:29,73399.95,0.7937,0.5869,0.3446,0.3629,71,1,1.3579404565992736,0.24230000000000784,2.001699999999997,0.41709999999999997
2026-05-30 03:44:09,73405.25,0.6963,0.6544,0.4763,0.3621,70,1,1.4003003125247757,0.9383000000000078,1.743099999999997,0.37939999999999996
2026-05-30 03:44:39,73421.15,0.4533,0.2799,0.3466,-0.0201,38,1,0.18293233126693995,1.0218000000000078,2.387599999999997,-0.307
2026-05-30 03:45:09,73412.45,0.3814,0.4093,0.3609,-0.6149,99,1,1.8332807545865049,2.268300000000008,3.6304999999999965,-0.24509999999999998
2026-05-30 03:45:39,73406.65,0.8957,0.7016,0.51,0.049,14,1,-0.6910467655653393,1.6395000000000077,2.807399999999997,0.4217
2026-05-30 03:46:09,73419.65,0.6773,0.3243,0.4038,0.0119,5,1,-0.9473345964470411,1.8993000000000078,2.663299999999997,-0.08500000000000002
2026-05-30 03:48:19,73412.55,0.5122,0.5139,0.331,-1.2457,117,1,2.249870145001085,-2.386099999999992,0.5521999999999967,-0.3244
2026-05-30 03:54:29,73478.65,0.2001,0.291,0.2831,-0.0009,7,1,-0.7094974663737453,1.007900000000008,1.5257999999999967,-0.4277
2026-05-30 04:01:59,73471.05,0.2839,0.338,0.4385,0.0,1,1,-0.6188166500438459,0.10690000000000799,-0.5619000000000034,0.13060000000000002
2026-05-30 04:02:29,73468.65,0.1481,0.1938,0.2381,-0.0667,17,1,-0.1538657768298604,-1.1914999999999922,-0.5157000000000034,-0.0925
2026-05-30 04:02:59,73458.55,0.5725,0.5604,0.5326,0.3086,36,1,0.19164566339713462,-0.24129999999999208,0.05589999999999662,0.2224
2026-05-30 04:03:39,73458.55,0.1395,0.3527,0.4367,-0.0579,11,1,-0.4434485633773323,0.12720000000000792,0.03489999999999661,0.1589
2026-05-30 04:04:09,73456.05,0.2493,0.3826,0.3413,-0.0182,6,1,-0.5222122141665037,-0.08879999999999205,-0.4920000000000033,-0.1778
2026-05-30 04:04:39,73448.55,0.2535,0.376,0.4118,0.8754,164,1,2.4338910745769664,0.4031000000000079,-0.3065000000000032,0.023299999999999987
2026-05-30 04:05:09,73451.35,0.5397,0.5018,0.4039,0.0001,1,1,-0.6759592428638094,-0.025799999999992083,0.26969999999999666,0.11920000000000003
2026-05-30 04:05:39,73446.35,0.3851,0.5026,0.4164,-0.0195,3,1,-0.5823712696798581,0.7651000000000079,0.027999999999996635,0.12660000000000005
2026-05-30 04:06:09,73454.35,0.5402,0.6166,0.5697,0.0001,2,1,-0.6041041077272977,1.407900000000008,0.8891999999999965,0.11480000000000001
2026-05-30 04:06:39,73446.35,0.4237,0.3203,0.4818,-0.0155,6,1,-0.5262047994553222,0.43020000000000785,0.5060999999999967,-0.18230000000000007
2026-05-30 04:07:09,73452.45,0.9684,0.8259,0.6973,0.7755,92,1,0.8916272910318656,1.1142000000000079,1.2769999999999966,0.20929999999999993
2026-05-30 04:09:59,73520.05,0.4329,0.5242,0.5127,-1.0234,85,0,0.6641933494345931,0.1449000000000078,2.7624999999999966,-0.388
2026-05-30 04:15:39,73515.15,0.7991,0.6887,0.5988,0.0499,13,0,-0.7397540982682774,1.773400000000008,1.7701999999999964,0.4515
2026-05-30 04:16:09,73514.25,0.5763,0.5825,0.3818,-0.3301,52,0,0.21305544983663338,1.184800000000008,0.6476999999999964,-0.19540000000000002
2026-05-30 04:16:39,73510.25,0.6849,0.6918,0.6053,0.0127,9,0,-0.8959690849207412,1.3695000000000082,2.187799999999996,0.0030999999999999917
2026-05-30 04:17:09,73518.55,0.7843,0.7164,0.5804,0.6432,75,0,0.7688335057936626,1.8501000000000078,1.1500999999999961,0.13390000000000002
2026-05-30 04:17:39,73518.45,0.8592,0.6807,0.4455,0.6078,204,0,3.113220788564664,0.682800000000008,0.9601999999999963,-0.011099999999999999
2026-05-30 04:18:09,73537.15,0.8493,0.5782,0.6051,0.518,59,0,0.26408104163337903,2.729500000000008,3.5004999999999966,-0.1382
2026-05-30 04:18:40,73534.55,0.726,0.6512,0.4776,-1.2576,91,0,0.8588661701656881,1.722300000000008,2.4197999999999964,-0.02949999999999997
2026-05-30 04:19:10,73539.75,0.8764,0.7533,0.6203,0.726,98,0,0.7621270383512897,0.7995000000000081,2.6866999999999965,0.17509999999999992
2026-05-30 04:19:40,73547.15,0.8861,0.8371,0.7595,0.4026,52,0,-0.14533950105678878,0.11280000000000806,3.2409999999999966,0.18589999999999995
2026-05-30 04:20:10,73496.15,0.6566,0.4703,0.5797,0.1064,22,0,-0.6730129306466306,-7.052899999999992,-3.175700000000003,-0.283
2026-05-30 04:20:40,73528.55,0.6783,0.4846,0.5614,0.0231,10,0,-0.8062140621559841,-1.208999999999992,-0.5626000000000035,-0.3525
2026-05-30 04:21:10,73522.55,0.4577,0.3164,0.3848,-0.5293,74,0,0.04682186067231697,-1.040999999999992,0.4608999999999964,-0.15389999999999998
2026-05-30 04:21:40,73517.75,0.4182,0.2744,0.3005,-0.6825,77,0,0.11931516812389376,-2.0084999999999917,-0.13700000000000356,-0.2102
2026-05-30 04:25:00,73472.55,0.529,0.5361,0.4767,-2.1777,90,1,0.6398120878203726,-2.1183999999999923,1.4807999999999963,-0.1906
2026-05-30 04:29:30,73470.65,0.2981,0.3494,0.3942,-0.1057,22,1,-0.5716482269926871,-2.058899999999992,-2.2484000000000033,0.1805
2026-05-30 04:30:00,73468.15,0.2324,0.278,0.348,-0.2008,28,1,-0.2910112635018756,-1.321799999999992,-0.27720000000000344,-0.13849999999999996
2026-05-30 04:30:30,73431.55,0.2401,0.37,0.4479,-0.3915,65,1,0.9451711509433148,-3.253999999999992,-6.059200000000004,0.020600000000000007
2026-05-30 04:31:00,73417.15,0.06,0.1807,0.2473,-0.5483,48,1,0.32502989310221697,-4.116399999999992,-6.750200000000003,-0.09730000000000003
2026-05-30 04:31:30,73414.05,0.6726,0.6235,0.5316,-0.0334,7,1,-1.0098787990352207,-1.5950999999999922,-4.286800000000003,0.25350000000000006
2026-05-30 04:32:00,73414.05,0.5288,0.5292,0.487,-0.0649,7,1,-1.041701922741973,-1.493999999999992,-2.8831000000000033,0.34850000000000003
2026-05-30 04:32:30,73440.75,0.5875,0.5815,0.5603,-0.0318,3,1,-1.079366476939579,2.3917000000000077,-1.7995000000000037,-0.04200000000000004
2026-05-30 04:33:00,73440.75,0.7994,0.7566,0.5825,-0.0376,5,1,-0.8916959371618626,3.397300000000008,-0.9186000000000036,0.22740000000000005
2026-05-30 04:33:30,73439.45,0.5601,0.4884,0.5126,-0.584,54,1,0.553274873724224,0.7600000000000079,-1.9568000000000036,-0.09310000000000002
2026-05-30 04:34:00,73453.25,0.747,0.4528,0.4944,-0.1063,6,1,-0.8617787009520397,1.0161000000000078,-1.6002000000000036,-0.30380000000000007
2026-05-30 04:34:30,73432.95,0.5282,0.4959,0.3686,-0.4468,61,1,0.6091331168995768,-2.356699999999992,-2.0973000000000037,0.007500000000000007
2026-05-30 04:35:00,73432.95,0.7246,0.6379,0.6175,1.1716,66,1,0.6680147017989235,-1.892599999999992,-1.4894000000000036,0.18510000000000004
2026-05-30 04:35:30,73428.55,0.1612,0.167,0.2609,-0.5135,65,1,0.7209642616741992,-0.9979999999999922,0.29919999999999625,-0.32889999999999997
2026-05-30 04:36:00,73428.55,0.5861,0.5737,0.4629,-0.0377,4,1,-0.85133224202432,-1.142299999999992,1.3738999999999961,-0.06420000000000003
2026-05-30 04:36:30,73446.55,0.8798,0.7012,0.6751,0.8885,103,1,1.7925350234789201,1.4640000000000075,0.9617999999999962,0.5342
2026-05-30 04:37:00,73465.05,0.751,0.7359,0.7109,0.5653,48,1,0.2398954417180023,2.2472000000000074,2.2517999999999962,0.1622
2026-05-30 04:37:30,73491.25,0.8593,0.6776,0.6517,0.2192,17,1,-0.6044587669180652,3.1890000000000076,1.0964999999999965,-0.023600000000000065
2026-05-30 04:38:00,73506.25,0.3476,0.2536,0.4746,-1.7716,121,1,2.416889922284714,1.9616000000000073,-0.06180000000000363,-0.4823
2026-05-30 04:38:30,73504.85,0.739,0.6474,0.5302,0.0292,29,1,-0.37867192654036336,0.3875000000000075,0.5892999999999963,-0.030200000000000005
2026-05-30 04:39:00,73516.25,0.4952,0.5204,0.4986,1.0053,84,1,1.1943479985446988,0.20140000000000757,1.4370999999999963,0.2668
2026-05-30 04:39:30,73516.25,0.47,0.4422,0.4548,0.0118,3,1,-1.066991507588957,-0.8584999999999924,2.594699999999996,-0.2052
2026-05-30 04:43:30,73508.05,0.2294,0.3278,0.3963,0.0087,14,1,-0.7808223082661168,-2.3550999999999926,-2.243400000000004,-0.4163
2026-05-30 04:46:40,73521.85,0.7978,0.6741,0.4159,0.6221,64,0,0.5937611219950378,-0.1295999999999925,-1.750500000000004,0.033299999999999996
2026-05-30 04:47:20,73521.85,0.672,0.7506,0.4476,0.1056,4,0,-0.8597229335661397,0.4629000000000075,-0.9423000000000039,0.08030000000000004
2026-05-30 04:47:50,73536.65,0.4962,0.6465,0.3918,0.1237,9,0,-0.6477315424643705,1.3027000000000075,2.3301999999999956,-0.1353000000000001
2026-05-30 04:54:40,73540.85,0.3573,0.3518,0.4697,-2.1177,133,1,1.2032905383898984,-2.115399999999993,7.433199999999995,0.0942
2026-05-30 04:55:11,73538.45,0.8477,0.7999,0.5711,1.5293,98,1,0.4441317648902926,-2.367299999999993,7.641699999999995,0.502
2026-05-30 04:55:41,73535.95,0.5208,0.2816,0.3039,0.0062,4,1,-0.7683961310444744,-3.288899999999993,6.601799999999995,-0.07019999999999998
2026-05-30 04:56:11,73541.75,0.8079,0.8047,0.7225,0.2959,52,1,-0.1156392478977484,-1.7366999999999926,7.949199999999995,0.0047999999999999154
2026-05-30 04:56:41,73529.05,0.078,0.1922,0.227,-0.8146,93,1,0.37753536238034413,-1.3918999999999926,6.043299999999995,-0.08940000000000001
2026-05-30 04:57:11,73545.35,0.1573,0.2186,0.2754,-0.0634,45,1,-0.2597790240439646,2.7828000000000075,10.370899999999995,-0.5861
2026-05-30 05:00:01,73501.85,0.599,0.6193,0.5261,-7.8543,260,1,3.905828328180021,-7.270999999999993,-3.170900000000005,0.32889999999999997
2026-05-30 05:01:11,73487.45,0.3628,0.4782,0.4886,-0.7441,110,1,0.5791052527227708,-1.8631999999999926,-0.022100000000004227,-0.11620000000000003
2026-05-30 05:01:41,73473.45,0.5635,0.7061,0.5973,0.2522,60,1,-0.03253534282424103,-3.2330999999999928,1.7556999999999958,0.11929999999999996
2026-05-30 05:02:11,73471.65,0.1543,0.1756,0.3203,-0.4969,72,1,0.10485725061832554,4.022500000000008,-2.0768000000000044,-0.3026
2026-05-30 05:02:41,73478.15,0.8023,0.8107,0.6815,0.0082,5,1,-0.7777526597524311,-1.2136999999999922,-1.1524000000000045,0.10460000000000003
2026-05-30 05:03:11,73492.65,0.7667,0.6749,0.6912,0.7974,69,1,0.021101364704403307,2.7240000000000077,-0.0932000000000045,0.4993000000000001
2026-05-30 05:03:41,73515.75,0.842,0.6919,0.6558,0.3675,60,1,-0.10651976125045996,4.094600000000008,0.33369999999999544,-0.11880000000000002
2026-05-30 05:04:11,73533.35,0.8904,0.8612,0.7531,0.0001,1,1,-0.866604623068263,3.4865000000000075,2.4269999999999956,0.1862999999999999
2026-05-30 05:04:41,73540.75,0.9382,0.8374,0.7503,0.6277,49,1,-0.20862932618073443,3.468000000000007,1.7005999999999957,0.14550000000000007
2026-05-30 05:05:11,73530.15,0.3478,0.5065,0.5456,0.0493,6,1,-0.7560554707270983,0.4493000000000076,6.392099999999996,-0.3547
2026-05-30 05:05:41,73534.45,0.9867,0.8859,0.7915,0.764,90,1,0.7980649263414921,-0.30329999999999235,1.1118999999999957,0.04849999999999999
2026-05-30 05:06:11,73534.25,0.9008,0.8353,0.7423,0.8334,106,1,1.2230310205467527,-1.5015999999999923,2.7885999999999953,0.3288000000000001
2026-05-30 05:06:41,73537.25,0.713,0.7969,0.7155,0.0614,13,1,-0.8168953938364514,-1.8173999999999924,3.1162999999999954,-0.08899999999999997
2026-05-30 05:07:11,73537.25,0.4236,0.7198,0.6038,0.0135,6,1,-0.818322811083289,0.010300000000007617,2.3798999999999952,-0.11550000000000005
2026-05-30 05:07:41,73534.85,0.5859,0.5766,0.5115,-0.13,35,1,-0.18540383309587297,-0.8198999999999924,1.5056999999999954,-0.22030000000000005
2026-05-30 05:08:11,73539.35,0.9777,0.8514,0.7834,0.3829,50,1,0.16935659806377734,0.9389000000000076,1.0034999999999954,0.13160000000000005
2026-05-30 05:08:41,73567.95,0.8844,0.8182,0.6443,0.8015,59,1,0.3897737243048371,2.2006000000000077,1.2222999999999955,0.24160000000000004
2026-05-30 05:09:11,73561.15,0.7526,0.5343,0.5984,-0.2005,22,1,-0.5086909050466539,1.1911000000000076,0.0844999999999953,-0.31710000000000005
2026-05-30 05:09:41,73584.95,0.8548,0.7837,0.7489,0.1694,40,1,-0.13358654252466365,2.6969000000000074,0.7345999999999953,-0.034500000000000086
2026-05-30 05:10:11,73585.25,0.8663,0.8501,0.6936,0.2342,26,1,-0.5115428820401136,1.5450000000000077,2.0991999999999953,0.31579999999999997
2026-05-30 05:10:41,73577.75,0.1135,0.2487,0.3286,-1.3503,133,1,2.7571948671278466,0.13830000000000742,1.663899999999995,-0.5349999999999999
2026-05-30 05:11:21,73591.45,0.5911,0.7497,0.4888,0.0136,22,1,-0.4988227792995983,1.2663000000000075,3.0123999999999955,0.09830000000000005
2026-05-30 05:11:51,73591.45,0.6726,0.6637,0.5306,0.0999,13,1,-0.7214868255220959,1.0479000000000076,2.948799999999995,-0.15560000000000007
2026-05-30 05:12:21,73591.45,0.6823,0.6221,0.5125,0.0695,16,1,-0.6656741573561863,-0.24719999999999243,3.0791999999999953,-0.12760000000000005
2026-05-30 05:12:51,73581.35,0.7025,0.7232,0.5475,0.0143,7,1,-0.838136539062899,-1.8182999999999927,0.4307999999999952,0.0595
2026-05-30 05:13:21,73583.65,0.8024,0.7134,0.5567,0.2158,51,1,0.1409196426748942,-1.9935999999999927,0.03959999999999517,0.09130000000000005
2026-05-30 05:13:51,73573.55,0.5969,0.524,0.4984,0.0682,16,1,-0.5977997768433562,-3.578799999999993,-2.891600000000005,-0.19919999999999993
2026-05-30 05:14:21,73581.05,0.8399,0.8486,0.6376,0.3625,46,1,0.02114122708467953,-2.5969999999999924,-1.0113000000000048,0.1352
2026-05-30 05:14:51,73585.65,0.8787,0.8503,0.654,0.1104,14,1,-0.581919416207713,0.28520000000000756,-1.0263000000000049,0.3262999999999999
2026-05-30 05:15:21,73565.45,0.0117,0.1133,0.2867,-1.2465,106,1,1.2647154832840224,-2.2421999999999924,-4.802400000000004,-0.7353000000000001
2026-05-30 05:15:51,73558.65,0.2319,0.5349,0.4608,-0.0413,148,1,2.054353818651511,0.2020000000000079,-2.8357000000000046,-0.3153999999999999
2026-05-30 05:16:21,73563.75,0.9406,0.8768,0.696,0.556,67,1,0.7697890532712928,-0.31729999999999203,-2.5949000000000044,0.7635000000000001
2026-05-30 05:16:51,73582.05,0.6464,0.5132,0.4057,-1.3319,103,1,1.4241719163759992,-0.6430999999999922,-2.7173000000000047,-0.021700000000000053
2026-05-30 05:17:21,73582.05,0.2679,0.3004,0.2745,-0.1623,70,1,0.5464937506936276,2.0770000000000075,-2.4782000000000046,-0.5764
2026-05-30 05:17:51,73586.45,0.3091,0.4422,0.4893,0.3925,67,1,0.5161279465587294,1.2595000000000078,0.24209999999999568,-0.07100000000000001
2026-05-30 05:18:21,73568.95,0.6137,0.5569,0.5825,0.0032,1,1,-1.2504362982290589,-0.5023999999999924,-1.1037000000000043,0.25649999999999995
2026-05-30 05:18:51,73582.55,0.8151,0.7391,0.7301,0.264,55,1,0.16283360914646522,0.18940000000000767,1.0508999999999955,0.2969
2026-05-30 05:19:21,73604.75,0.7684,0.6919,0.6174,0.958,118,1,1.787499414015635,1.6551000000000076,1.7738999999999956,0.135
2026-05-30 05:20:31,73588.45,0.2452,0.2313,0.2812,0.164,51,1,-0.09601561496412754,-0.5173999999999922,-0.06310000000000451,-0.4338
2026-05-30 05:21:01,73603.35,0.562,0.6412,0.6107,0.6707,60,1,0.11228510467688158,-0.34759999999999225,0.9694999999999955,-0.03370000000000006
2026-05-30 05:21:31,73592.95,0.8353,0.7188,0.5661,-0.2063,72,1,0.35009285033464477,-3.8667999999999925,-2.2956000000000047,0.4875
2026-05-30 05:28:11,73653.15,0.3612,0.4892,0.5299,0.1383,12,0,-0.6745293709555688,0.7535000000000078,3.3678999999999952,-0.21569999999999995
2026-05-30 05:43:12,73608.35,0.4937,0.4906,0.4646,-0.5797,41,1,-0.20517772511694124,0.6168000000000079,2.7376999999999954,0.1144
2026-05-30 05:43:42,73603.35,0.1217,0.5104,0.4025,-0.2015,45,1,-0.09799091338642357,1.0284000000000078,1.807199999999995,-0.2178
2026-05-30 05:44:12,73601.25,0.378,0.3833,0.4277,0.0133,7,1,-0.8637675674809937,0.8778000000000079,1.4342999999999952,-0.1073
2026-05-30 05:44:42,73608.35,0.7593,0.5447,0.6616,0.3873,22,1,-0.45905281608502535,1.4533000000000076,4.138199999999995,0.0343
2026-05-30 05:45:12,73615.65,0.8095,0.6392,0.5034,0.193,17,1,-0.5650961719482425,3.3833000000000077,5.620899999999995,0.2559
2026-05-30 05:45:42,73645.15,0.855,0.7336,0.6385,0.4394,69,1,0.5721878663061551,5.259900000000008,7.752899999999996,0.18890000000000007
2026-05-30 05:46:12,73627.55,0.2266,0.2619,0.3775,-1.4008,114,1,1.635677140941706,3.895500000000008,5.022699999999995,-0.37729999999999997
2026-05-30 05:46:42,73631.35,0.9302,0.851,0.629,0.2981,37,1,-0.1590597483993872,2.9456000000000078,6.726099999999994,0.11739999999999995
2026-05-30 05:47:12,73634.75,0.8974,0.7847,0.6174,0.5403,26,1,-0.47469557284526315,2.9398000000000075,6.690499999999996,0.5227999999999999
2026-05-30 05:47:42,73634.85,0.9639,0.8274,0.6608,0.0261,15,1,-0.6664130133401749,1.4436000000000075,5.404699999999996,-0.023599999999999954
2026-05-30 05:48:12,73645.75,0.8378,0.7023,0.6895,0.0737,26,1,-0.30546675882352203,2.6943000000000077,7.100199999999995,-0.08239999999999992
2026-05-30 05:48:42,73647.25,0.4218,0.3841,0.4551,0.0561,10,1,-0.7684147318756714,2.789500000000008,8.487199999999994,-0.4433
2026-05-30 05:49:12,73637.25,0.2507,0.2237,0.3236,0.1508,8,1,-0.9153286917496475,0.7234000000000076,6.536099999999995,-0.4786
2026-05-30 05:49:42,73644.85,0.8516,0.7127,0.5411,0.4371,54,1,0.4076694335953892,1.7694000000000074,5.720799999999994,0.3286
2026-05-30 05:50:12,73644.85,0.6759,0.4691,0.523,0.0025,16,1,-0.6311786214875501,1.2243000000000073,4.941199999999996,0.2454
2026-05-30 05:50:42,73631.45,0.7065,0.4682,0.4546,-0.0208,218,1,4.080491064559846,1.1527000000000076,4.3799999999999955,-0.2445
2026-05-30 05:51:12,73621.05,0.6506,0.2821,0.4586,-0.6125,94,1,1.2864666691171198,2.0302000000000078,4.670799999999995,-0.187
2026-05-30 05:51:42,73621.05,0.7718,0.6321,0.5741,0.745,94,1,1.2103655230672006,1.3072000000000075,4.0823999999999945,0.1639
2026-05-30 05:52:12,73604.35,0.3079,0.2134,0.4252,-0.2749,70,1,0.5960355664075232,0.7508000000000077,2.752199999999995,-0.06870000000000001
2026-05-30 05:52:42,73621.55,0.1767,0.1603,0.3173,-0.4412,85,1,0.6562998829779174,1.1920000000000075,4.128399999999995,-0.4718
2026-05-30 05:53:12,73616.75,0.794,0.5504,0.5236,0.0644,13,1,-0.8647464058300299,2.161600000000008,4.138099999999995,0.33699999999999997
2026-05-30 05:53:42,73624.95,0.8472,0.745,0.6051,0.5425,94,1,0.7747205012720382,2.189100000000008,3.4819999999999953,0.5847
2026-05-30 05:54:12,73633.95,0.7796,0.7515,0.6441,0.5325,85,1,0.5907127548452737,3.6878000000000077,5.716599999999995,0.20109999999999995
2026-05-30 05:54:42,73641.05,0.8426,0.6369,0.5674,0.6619,21,1,-0.714418946749938,2.9987000000000075,5.357699999999996,-0.10809999999999997
2026-05-30 05:56:22,73658.95,0.6018,0.6404,0.5475,0.1313,29,1,-0.40411805542262946,0.5177000000000076,3.979099999999996,-0.07490000000000008
2026-05-30 05:57:02,73650.35,0.5268,0.4557,0.5069,-0.0092,5,1,-0.940116765367003,-1.9807999999999926,3.2524999999999955,0.1406
2026-05-30 06:02:22,73713.45,0.3564,0.4562,0.5546,0.8912,67,0,0.49360735920965626,1.3025000000000073,2.497199999999995,-0.07019999999999998
2026-05-30 06:02:52,73713.45,0.1949,0.2845,0.4403,0.5662,96,0,1.2033031324377328,0.9260000000000074,2.2327999999999952,-0.23230000000000006
2026-05-30 06:03:22,73714.75,0.7096,0.6752,0.6098,0.0129,9,0,-0.9704105268400871,2.0984000000000074,3.2961999999999954,0.21900000000000003
2026-05-30 06:05:42,73699.95,0.5958,0.3802,0.4867,0.0,1,0,-1.2988056519370095,-0.6009999999999928,0.9204999999999952,-0.2834
2026-05-30 06:06:12,73699.95,0.4834,0.5254,0.485,0.0028,3,0,-1.185911273930697,-0.48729999999999274,-0.28740000000000465,0.11759999999999998
2026-05-30 06:07:02,73701.55,0.2308,0.3691,0.3999,1.719,170,0,3.5610923379282586,0.5615000000000072,1.8991999999999956,-0.052700000000000025
2026-05-30 06:07:32,73701.55,0.5107,0.497,0.5071,0.0027,2,0,-0.7984854139823372,1.1097000000000072,1.6628999999999954,0.3747
2026-05-30 06:08:02,73689.55,0.3712,0.3243,0.4016,-1.112,127,0,2.376806248415682,-0.07079999999999287,-1.255800000000005,-0.044800000000000006
2026-05-30 06:08:32,73689.55,0.4656,0.4005,0.4036,0.0034,12,0,-0.4644634415052615,0.3709000000000071,-1.3409000000000049,-0.09649999999999997
2026-05-30 06:09:02,73689.55,0.4815,0.3548,0.3853,0.0234,13,0,-0.29949023555048493,-1.101899999999993,-0.2420000000000049,0.030500000000000027
2026-05-30 06:09:32,73692.75,0.8592,0.8594,0.7005,0.8519,108,0,2.0363831849733542,-0.3174999999999929,0.5070999999999951,0.45890000000000003
2026-05-30 06:10:02,73692.75,0.714,0.6451,0.6283,-0.0026,4,0,-0.5160937298947234,1.0803000000000074,0.5346999999999951,0.2903
2026-05-30 06:10:32,73692.75,0.3771,0.5488,0.5723,0.0147,12,0,-0.2893149861211239,1.0864000000000074,1.040499999999995,-0.3106000000000001
2026-05-30 06:11:03,73695.35,0.7115,0.7885,0.6748,0.3569,64,0,0.9281514817001771,1.4495000000000071,1.383899999999995,0.14339999999999997
2026-05-30 06:11:33,73700.05,0.8855,0.8397,0.6181,-0.0083,6,0,-0.5053809815853997,0.9247000000000073,2.133699999999995,0.29090000000000005
2026-05-30 06:12:03,73691.05,0.7682,0.6788,0.606,0.1932,30,0,0.15534714410089834,-3.216299999999993,-3.2431000000000054,-0.10970000000000002
2026-05-30 06:12:33,73669.75,0.2333,0.3481,0.3087,-0.3865,85,0,1.5894434210938955,-3.652999999999993,-3.7222000000000053,-0.4916
2026-05-30 06:13:03,73669.75,0.2415,0.2229,0.4004,-0.0132,9,0,-0.456151285713474,-3.984199999999993,-2.529500000000005,-0.45589999999999997
2026-05-30 06:13:53,73689.35,0.0882,0.3953,0.4299,0.2603,33,0,0.08771006092046703,1.063700000000007,-1.247300000000005,0.2057
2026-05-30 06:14:33,73682.05,0.2731,0.2902,0.3892,0.008,3,0,-0.8671819777952516,0.22820000000000706,-1.938100000000005,-0.10799999999999998
2026-05-30 06:15:03,73677.35,0.0916,0.1836,0.4307,0.0117,3,0,-0.8117458593569838,-0.6553999999999929,-4.254600000000005,-0.21169999999999997
2026-05-30 06:18:53,73671.25,0.739,0.7261,0.6099,0.0,1,1,-0.6861514396448655,-1.138599999999993,-1.366200000000005,0.4104
2026-05-30 06:20:23,73667.45,0.1381,0.1462,0.3568,0.0017,4,1,-0.7079199852771861,-0.7659999999999928,-0.6117000000000049,-0.24370000000000003
2026-05-30 06:20:53,73657.55,0.161,0.216,0.381,0.0036,8,1,-0.6192234794215923,-1.4099999999999928,-2.244700000000005,0.088
2026-05-30 06:21:23,73649.75,0.0117,0.0936,0.2109,-0.5507,86,1,1.1999036368477136,-2.503599999999993,-2.7573000000000047,-0.052599999999999994
2026-05-30 06:21:53,73653.45,0.7369,0.6399,0.6683,0.7479,126,1,1.9963633643620682,-1.567599999999993,-2.749200000000005,0.42390000000000005
2026-05-30 06:22:23,73653.45,0.593,0.5302,0.4851,0.0149,5,1,-0.7476738346010732,-1.0631999999999928,-3.737300000000005,0.4366
2026-05-30 06:22:53,73641.45,0.0591,0.1485,0.2415,-0.2281,33,1,-0.06525898858400653,-1.1885999999999928,-2.5620000000000047,-0.49140000000000006
2026-05-30 06:23:23,73624.75,0.4045,0.4335,0.4702,-0.4458,65,1,0.8509783366602985,-2.218799999999993,-4.087300000000004,-0.09670000000000001
2026-05-30 06:23:53,73619.95,0.4648,0.374,0.4227,0.0027,1,1,-1.0191330049462808,-2.866999999999993,-4.477600000000004,0.2255
2026-05-30 06:24:23,73626.55,0.5311,0.4618,0.3984,0.0018,6,1,-0.890344668322489,-1.3250999999999928,-3.7894000000000045,0.028299999999999992
2026-05-30 06:24:53,73622.05,0.0336,0.1073,0.2138,-0.0109,9,1,-0.7816276233855872,-1.0022999999999926,-3.5579000000000045,-0.2667
2026-05-30 06:25:23,73619.25,0.2827,0.2567,0.2688,0.0286,4,1,-0.8730009646947492,0.5931000000000072,-2.7282000000000046,-0.2051
2026-05-30 06:25:53,73619.05,0.3547,0.3289,0.3205,0.0058,2,1,-0.85374405305654,0.8638000000000072,-2.2038000000000046,0.22160000000000002
2026-05-30 06:26:23,73623.15,0.4145,0.3985,0.4818,0.3864,65,1,0.9972416235061178,0.5500000000000073,-0.7358000000000048,0.14180000000000004
2026-05-30 06:26:53,73623.25,0.6554,0.5567,0.5375,0.0476,10,1,-0.6285811201688201,1.006100000000007,-0.9842000000000045,0.22779999999999995
2026-05-30 06:27:23,73619.55,0.7991,0.7707,0.7088,0.567,75,1,1.3843386862790075,1.2244000000000073,-0.44060000000000477,0.37220000000000003
2026-05-30 06:27:53,73628.05,0.6567,0.5694,0.5144,0.0151,2,1,-1.023955963178069,2.3350000000000075,1.3197999999999952,0.012700000000000045
2026-05-30 06:28:23,73635.35,0.7709,0.7647,0.7094,0.3457,56,1,0.84219129829324,1.7864000000000073,3.269399999999995,-0.006000000000000005
2026-05-30 06:28:53,73635.35,0.6278,0.6722,0.6613,-0.0524,5,1,-0.8224950358625773,1.609000000000007,3.491799999999995,0.1028
2026-05-30 06:29:23,73635.35,0.3499,0.5133,0.4709,0.1641,34,1,0.25635767640454327,1.3618000000000072,2.246299999999995,-0.25140000000000007
2026-05-30 06:29:53,73635.35,0.6677,0.7005,0.5719,0.0099,8,1,-0.6321341758981108,0.2711000000000074,2.593199999999995,0.028299999999999992
2026-05-30 06:30:23,73635.35,0.5478,0.6334,0.5734,-0.0405,15,1,-0.37411040099485926,-0.11169999999999262,2.564599999999995,0.12009999999999998
2026-05-30 06:30:53,73670.05,0.3442,0.3932,0.396,-0.0736,26,1,-0.1807373113811032,1.4351000000000074,4.063099999999995,-0.3073
2026-05-30 06:31:23,73667.75,0.2839,0.3372,0.438,-0.0109,5,1,-0.7435104780801834,0.49830000000000735,2.194599999999995,-0.29619999999999996
2026-05-30 06:31:53,73667.75,0.3167,0.3589,0.3225,0.1426,6,1,-0.6661108873723446,0.5908000000000073,2.177899999999995,-0.0343
2026-05-30 06:32:53,73674.05,0.7614,0.6314,0.5754,-0.0854,8,1,-0.49373018101869726,-0.07539999999999272,1.6526999999999952,0.27249999999999996
2026-05-30 06:33:23,73685.45,0.9026,0.8458,0.6988,0.4783,64,1,1.4043533344118666,1.4134000000000073,1.8215999999999952,0.13870000000000005
2026-05-30 06:39:43,73719.55,0.6046,0.5329,0.642,-1.8428,44,1,0.2086584594618948,-10.792599999999993,-9.420300000000005,0.042200000000000015
2026-05-30 06:40:13,73698.65,0.2049,0.3192,0.6586,-0.1498,25,1,-0.4579924596662997,-16.95389999999999,-16.699700000000004,-0.3342
2026-05-30 06:40:43,73708.15,0.7451,0.701,0.7125,0.0922,17,1,-0.6655859121188369,-15.803299999999991,-15.492200000000004,0.16809999999999992
2026-05-30 06:41:13,73689.85,0.8192,0.7185,0.706,0.0915,5,1,-0.9924985265052194,-14.219299999999992,-13.984600000000004,0.39930000000000004
2026-05-30 06:41:43,73689.85,0.6331,0.6026,0.5812,0.1394,9,1,-0.9077382284701133,-4.4944999999999915,-13.659000000000002,-0.09839999999999993
2026-05-30 06:42:13,73729.95,0.6188,0.5936,0.581,1.2703,71,1,0.63612683478076,5.677100000000008,-10.411000000000005,-0.12490000000000001
2026-05-30 06:42:43,73734.85,0.5805,0.5823,0.5513,0.4422,28,1,-0.4096777141704854,5.144100000000009,-11.589200000000003,-0.020299999999999985
2026-05-30 06:43:13,73734.85,0.4769,0.4785,0.4894,-0.0679,10,1,-0.8408256423382564,4.019800000000008,-10.887700000000002,-0.11510000000000004
2026-05-30 06:45:03,73716.15,0.7685,0.5137,0.6375,0.0593,21,1,-0.31757073914465417,-0.19629999999999206,5.787999999999996,0.061400000000000066
2026-05-30 06:45:33,73713.45,0.3892,0.3329,0.4852,0.0245,6,1,-0.720537976736162,-0.8752999999999921,4.575599999999996,-0.066
2026-05-30 06:46:03,73711.75,0.1597,0.2801,0.4481,-0.4382,73,1,1.0289306569624133,-0.5780999999999921,3.5049999999999955,-0.23360000000000003
2026-05-30 06:46:33,73714.45,0.17,0.244,0.4953,0.024,4,1,-0.779744568377793,0.875700000000008,4.1642999999999954,-0.08889999999999998
2026-05-30 06:47:03,73711.15,0.6105,0.5458,0.5086,0.0145,9,1,-0.6423786672750715,1.242800000000008,2.7737999999999956,0.26569999999999994
2026-05-30 06:49:43,73726.85,0.496,0.5238,0.6204,-0.0004,6,1,-0.7868648226946845,-0.046699999999991845,1.8867999999999956,-0.1761999999999999
2026-05-30 06:50:13,73720.05,0.5819,0.5926,0.5838,1.5455,134,1,2.4516714816521983,-4.810399999999992,-2.3454000000000046,0.08110000000000006
2026-05-30 06:50:43,73717.75,0.8145,0.6913,0.5902,0.1033,28,1,-0.27049903900879874,-3.940199999999992,-1.3063000000000045,0.16749999999999998
2026-05-30 06:51:13,73730.05,0.8938,0.7694,0.6977,0.0525,11,1,-0.7658616393342562,-1.7662999999999918,0.3233999999999954,0.17679999999999996
2026-05-30 06:51:43,73734.25,0.839,0.8037,0.7819,0.4066,21,1,-0.4623219388324554,-1.217799999999992,-0.5856000000000046,0.11239999999999994
2026-05-30 06:52:13,73737.35,0.5692,0.6006,0.6285,0.0798,25,1,-0.3733623945209022,2.666800000000008,-0.6010000000000045,-0.16879999999999995
2026-05-30 06:52:54,73728.15,0.7593,0.6081,0.6683,0.0637,15,1,-0.5445085724372377,0.8254000000000079,-2.3307000000000047,-0.11809999999999998
2026-05-30 07:04:54,73795.85,0.7706,0.7887,0.6435,0.7392,116,0,0.7952444783962724,3.508600000000008,-3.2843000000000044,0.5509999999999999
2026-05-30 07:05:24,73778.75,0.2357,0.2698,0.449,-0.3336,69,0,0.10504834529353858,1.1109000000000075,-3.109000000000005,-0.6226
2026-05-30 07:07:14,73788.65,0.5955,0.5916,0.6464,0.8487,126,0,1.019413668278587,1.342500000000008,0.6239999999999951,-0.2309
2026-05-30 07:08:24,73772.85,0.9747,0.7749,0.6074,0.0863,13,0,-1.0939876342871018,-0.6218999999999919,0.699499999999995,0.5804
2026-05-30 07:08:54,73775.15,0.6499,0.5757,0.5425,0.0118,8,0,-1.134663387715415,-0.668899999999992,0.9174999999999951,-0.09609999999999996
2026-05-30 07:09:24,73771.15,0.7037,0.6706,0.498,0.1603,68,0,0.2808025717760349,-1.965499999999992,-0.8315000000000049,-0.10430000000000006
2026-05-30 07:09:54,73784.15,0.5286,0.5717,0.4518,0.0079,10,0,-0.9960667438581193,1.210800000000008,-1.8834000000000048,-0.0040000000000000036
2026-05-30 07:10:24,73769.45,0.0878,0.2351,0.3992,-2.2881,154,0,1.596223590704784,-4.423399999999992,-4.834800000000005,-0.4355
2026-05-30 07:10:54,73773.45,0.656,0.6575,0.5416,0.8325,117,0,0.8925564889072334,-3.816899999999992,-3.7674000000000047,0.08579999999999999
2026-05-30 07:11:24,73788.85,0.933,0.8244,0.7722,0.5628,100,0,0.5829017988831382,-2.0003999999999915,-2.949100000000005,0.5893
2026-05-30 07:11:54,73775.55,0.0747,0.2395,0.3594,0.1676,8,0,-1.0819845200665712,-4.333199999999992,-4.750000000000005,-0.418
2026-05-30 07:12:24,73768.25,0.5249,0.4907,0.4589,0.3666,66,0,-0.01567299243419577,0.4758000000000084,-5.586300000000005,-0.3337
2026-05-30 07:12:54,73769.75,0.3191,0.3743,0.526,-0.0138,22,0,-0.6670994345278088,0.0989000000000083,-2.759300000000005,0.13480000000000003
2026-05-30 07:13:24,73768.25,0.4353,0.4451,0.461,-0.0078,7,0,-0.8577038074263795,-1.6107999999999918,-3.938000000000005,-0.04560000000000003
2026-05-30 07:13:54,73768.35,0.829,0.6261,0.3267,0.093,49,0,-0.1904478070396254,-0.06619999999999165,-4.147300000000005,0.25179999999999997
2026-05-30 07:14:24,73773.25,0.1628,0.2034,0.2805,-0.3933,41,0,-0.3745499713661639,0.5030000000000083,-3.1178000000000052,-0.2417
2026-05-30 07:14:54,73769.25,0.6399,0.5941,0.6407,0.0003,2,0,-1.014386221342646,-0.03439999999999172,-4.004500000000005,-0.03200000000000003
2026-05-30 07:15:24,73765.65,0.5358,0.5352,0.4313,-0.0213,5,0,-0.9382740573321035,-0.23799999999999177,0.24739999999999496,0.3318
2026-05-30 07:15:54,73768.75,0.1853,0.325,0.406,0.172,47,0,0.15438355716534205,0.014900000000008212,-0.3155000000000051,-0.26909999999999995
2026-05-30 07:16:24,73752.25,0.4465,0.3833,0.2873,-0.2207,44,0,0.136787371806743,-1.3904999999999919,-2.507900000000005,-0.15190000000000003
2026-05-30 07:16:54,73742.75,0.7944,0.6875,0.4706,0.8457,267,0,3.6886962604718585,0.28480000000000816,0.6134999999999948,0.3625
2026-05-30 07:17:24,73741.45,0.098,0.1686,0.3167,-0.1084,19,0,-0.4146284886688546,0.6641000000000081,0.435699999999995,-0.21469999999999997
2026-05-30 07:17:54,73734.75,0.251,0.2398,0.3872,-0.0272,12,0,-0.5313275310269595,-0.01829999999999179,-0.43270000000000497,-0.4477
2026-05-30 07:18:24,73751.15,0.1687,0.2161,0.4103,0.5613,112,0,1.02323037607254,2.2451000000000083,1.347999999999995,0.04749999999999999
2026-05-30 07:18:54,73744.45,0.5132,0.4458,0.3106,-0.0039,3,0,-0.7391599354784761,0.0803000000000082,0.759999999999995,0.20599999999999996
2026-05-30 07:19:24,73744.45,0.2676,0.23,0.262,-0.0114,6,0,-0.6004375690410892,0.2429000000000082,0.1755999999999951,0.013900000000000023
2026-05-30 07:19:54,73737.05,0.2614,0.2737,0.3196,-0.0044,4,0,-0.6567786152094667,0.0870000000000082,-0.3113000000000049,-0.17209999999999998
2026-05-30 07:20:24,73737.05,0.1748,0.1653,0.1927,-0.0032,3,0,-0.6416710547545657,-1.432499999999992,0.15349999999999517,-0.06470000000000001
2026-05-30 07:20:54,73762.85,0.5333,0.5366,0.4535,0.1352,17,0,-0.4461380846833318,1.3267000000000082,2.071799999999995,0.26289999999999997
2026-05-30 07:21:24,73748.85,0.4232,0.2682,0.3007,-0.614,106,0,0.8084274875577542,0.21310000000000817,1.779199999999995,0.10289999999999999
2026-05-30 07:21:54,73737.15,0.1107,0.1755,0.2181,-0.3552,63,0,0.5395919592106453,0.41200000000000814,-0.18410000000000493,-0.3611
2026-05-30 07:22:24,73732.25,0.0291,0.0915,0.185,-0.116,19,0,-0.39684513401923305,0.03700000000000821,-0.4736000000000049,-0.1767
2026-05-30 07:22:54,73735.35,0.3393,0.2238,0.4584,-0.0271,2,0,-0.7343635299450407,-0.8658999999999919,1.2241999999999948,0.04830000000000001
2026-05-30 07:23:24,73722.95,0.1812,0.2262,0.4265,-0.0859,29,0,-0.1415973737948651,-0.07959999999999193,-0.5455000000000051,0.13470000000000001
2026-05-30 07:23:54,73727.85,0.5855,0.5652,0.6522,1.2006,78,0,0.836310391926246,1.588000000000008,1.3235999999999948,0.34140000000000004
2026-05-30 07:24:24,73727.85,0.3581,0.4473,0.4373,-1.0136,50,0,0.25455106236595865,1.0366000000000077,0.3200999999999947,0.22109999999999996
2026-05-30 07:24:54,73705.65,0.2256,0.2331,0.2272,-0.3823,66,0,0.5245025893363563,-2.0358999999999923,-0.8987000000000054,-0.33210000000000006
2026-05-30 07:25:24,73707.75,0.5878,0.4187,0.3685,0.0,1,0,-0.8036841859172774,-1.016199999999992,-0.12920000000000523,-0.02859999999999996
2026-05-30 07:25:54,73705.65,0.3863,0.2898,0.3268,0.0271,5,0,-0.8253012426610392,-2.473699999999992,-2.476800000000005,0.0567
2026-05-30 07:26:24,73707.75,0.301,0.2937,0.2158,-0.0013,3,0,-0.8393947757641625,-1.281199999999992,-1.1742000000000052,-0.125
2026-05-30 07:26:54,73705.65,0.1409,0.1669,0.2113,0.0001,3,0,-0.7764802420220034,0.551100000000008,-0.7596000000000053,-0.12290000000000001
2026-05-30 07:27:24,73702.65,0.4031,0.4702,0.3032,-0.027,2,0,-0.7517396818131392,-0.507599999999992,-0.6738000000000053,0.1765
2026-05-30 07:27:54,73695.45,0.0868,0.1698,0.2231,-0.0657,21,0,-0.11445689685146494,-0.369399999999992,-1.9803000000000053,0.0029000000000000137
2026-05-30 07:28:24,73673.15,0.0937,0.176,0.1862,-0.0059,5,0,-0.6540209725684403,-1.979199999999992,-3.073800000000005,-0.2942
2026-05-30 07:28:54,73686.25,0.3352,0.27,0.4023,-0.039,3,0,-0.7044602623502287,1.2919000000000078,-1.0557000000000052,0.10020000000000001
2026-05-30 07:29:24,73686.25,0.4273,0.3093,0.3802,-0.0024,3,0,-0.6638745141448328,1.6627000000000078,-0.0477000000000052,0.13330000000000003
2026-05-30 07:29:54,73673.55,0.135,0.1297,0.2155,-0.7841,65,0,1.300586751371746,0.7160000000000077,0.7715999999999947,-0.1403
2026-05-30 07:30:25,73662.85,0.0193,0.1187,0.2239,-0.2234,29,0,0.16909686500095503,1.4014000000000078,-0.6562000000000052,-0.19060000000000002
2026-05-30 07:30:55,73652.25,0.2972,0.2727,0.3604,0.8313,55,0,0.752878503727746,-0.7646999999999919,0.6532999999999947,0.143
2026-05-30 07:31:25,73652.25,0.5023,0.3746,0.4498,-0.0482,8,0,-0.5530378878991327,-0.8025999999999919,0.4308999999999948,0.2559
2026-05-30 07:31:55,73643.25,0.6259,0.4376,0.4429,-0.9878,88,0,1.0919957758807723,0.3905000000000083,0.6109999999999948,0.1649
2026-05-30 07:32:25,73617.95,0.6714,0.4677,0.4089,0.8121,40,0,-0.17211984600580038,0.6166000000000083,0.46799999999999486,0.09310000000000002
2026-05-30 07:33:25,73630.75,0.8987,0.8374,0.5808,0.0,2,0,-0.6903164438367901,1.3334000000000084,3.7434999999999947,0.36970000000000003
2026-05-30 07:38:35,73610.55,0.6851,0.6458,0.3615,0.0007,1,0,-0.7301497023494488,1.6332000000000082,1.4151999999999947,0.19090000000000001
2026-05-30 07:39:05,73614.05,0.5894,0.383,0.371,0.1909,55,0,0.5785829610193234,2.560600000000008,1.6882999999999948,-0.0867
2026-05-30 07:39:35,73614.05,0.8279,0.7431,0.6225,0.121,23,0,-0.19813876090560273,2.8737000000000084,1.8077999999999947,0.09729999999999994
2026-05-30 07:40:25,73596.75,0.4053,0.3157,0.4401,0.8281,92,0,0.9585216831086028,-4.643199999999992,-1.6489000000000056,-0.2946
2026-05-30 07:41:15,73586.05,0.4506,0.311,0.3441,-0.0214,6,0,-0.6771307340151269,-3.660999999999992,-1.1907000000000054,-0.1274
2026-05-30 07:48:35,73589.55,0.8867,0.8325,0.751,0.1611,7,0,-0.8196608022115903,3.1284000000000085,5.426099999999995,0.17500000000000004
2026-05-30 07:49:05,73597.95,0.8907,0.8447,0.5676,0.0387,18,0,-0.6958277516175176,2.6382000000000088,6.208399999999996,0.14060000000000006
2026-05-30 07:49:35,73603.35,0.4593,0.5813,0.3325,-0.0002,2,0,-1.053855459501803,4.794300000000009,6.1093999999999955,-0.2512
2026-05-30 07:50:05,73591.45,0.1675,0.1573,0.2467,-0.7367,81,0,0.7192409542215623,1.8371000000000084,4.907999999999995,-0.6874
2026-05-30 07:50:35,73579.15,0.331,0.3738,0.2776,-0.6447,81,0,0.7434440118258322,-0.5976999999999916,3.815799999999995,-0.20750000000000002
2026-05-30 07:51:05,73580.55,0.1425,0.2372,0.2393,0.2789,68,0,0.4711224403876485,-1.0917999999999917,3.042199999999995,0.0799
2026-05-30 07:51:35,73575.35,0.1472,0.2259,0.2293,-0.1035,26,0,-0.4001883883125687,-1.3027999999999917,2.783099999999995,-0.14790000000000003
2026-05-30 07:52:05,73570.65,0.8109,0.6878,0.6023,0.6521,79,0,0.871088230152503,-0.3757999999999916,1.664899999999995,0.4506
2026-05-30 07:52:35,73570.65,0.569,0.4765,0.3437,-0.0014,1,0,-0.8494590488641877,0.32850000000000845,3.5675999999999948,0.2506
2026-05-30 07:53:05,73565.85,0.483,0.4239,0.3433,-0.0096,3,0,-0.8201156357391252,-0.09989999999999151,1.242899999999995,-0.26389999999999997
2026-05-30 07:53:35,73569.25,0.25,0.1825,0.2378,-0.0243,9,0,-0.5705398110098747,0.1761000000000085,-0.169200000000005,-0.294
2026-05-30 07:54:05,73565.65,0.1384,0.1767,0.2082,-0.0453,7,0,-0.5706398251858203,-0.32989999999999153,-1.303200000000005,-0.2472
2026-05-30 07:54:35,73558.95,0.5822,0.6175,0.4988,0.0,1,0,-0.7844568339708222,-0.7267999999999915,-1.9535000000000051,0.43500000000000005
2026-05-30 07:55:05,73558.95,0.2314,0.3633,0.251,-0.045,11,0,-0.4313807714415563,-1.5622999999999914,-2.1565000000000047,0.18660000000000002
2026-05-30 07:55:45,73551.65,0.3079,0.306,0.2749,-0.0164,9,0,-0.49339846341859633,-1.9952999999999914,-1.5668000000000049,-0.31150000000000005
2026-05-30 07:56:15,73545.55,0.3918,0.3638,0.2918,-0.0013,2,0,-0.8032021344460405,-2.1677999999999913,-2.379200000000005,0.0005000000000000004
2026-05-30 07:56:45,73540.95,0.264,0.3581,0.2801,0.0,1,0,-0.8176971673589183,-1.7918999999999916,-2.442600000000005,0.05209999999999998
2026-05-30 07:57:15,73540.95,0.3845,0.305,0.2856,0.0012,5,0,-0.5585091462354567,-0.8340999999999915,-2.614800000000005,-0.05880000000000002
2026-05-30 07:57:45,73543.25,0.7112,0.6117,0.3936,-0.0178,21,0,0.14256441202736686,0.3754000000000085,-1.519900000000005,0.25360000000000005
2026-05-30 07:58:15,73537.25,0.0571,0.2472,0.2463,-0.0016,1,0,-0.830515755185739,0.5060000000000083,-1.773300000000005,-0.05779999999999999
2026-05-30 07:59:05,73534.65,0.7489,0.7096,0.5093,1.2218,92,0,2.7370738126931404,1.1339000000000083,-1.197500000000005,0.4951
2026-05-30 07:59:35,73534.65,0.2632,0.375,0.2752,0.0001,2,0,-0.7381224313655429,0.0967000000000084,-0.678600000000005,0.202
2026-05-30 08:00:15,73541.15,0.7762,0.7281,0.4695,-0.0013,2,0,-0.6914094039111617,1.7682000000000082,1.5571999999999948,0.08289999999999997
2026-05-30 08:00:45,73562.25,0.9265,0.8162,0.7292,0.51,87,0,1.7531806403047436,3.978500000000008,3.249399999999995,0.3754
2026-05-30 08:01:15,73578.15,0.6094,0.4747,0.4313,-0.0081,15,0,-0.38615495268285294,3.9913000000000083,5.006899999999995,-0.25339999999999996
2026-05-30 08:01:45,73578.65,0.5498,0.494,0.4553,-0.0202,5,0,-0.7010584589391312,3.9312000000000085,5.090899999999995,-0.32220000000000004
2026-05-30 08:02:15,73578.25,0.1888,0.2281,0.278,-1.6501,104,0,1.9806199559892494,1.1733000000000082,3.564599999999994,-0.2466
2026-05-30 08:02:55,73556.15,0.0805,0.1217,0.2071,-1.3586,183,0,3.0655498337130926,-1.8307999999999918,1.043199999999995,-0.37229999999999996
2026-05-30 08:03:25,73542.15,0.221,0.2744,0.3437,-0.4052,45,0,-0.01086217746981074,-3.249699999999992,1.251199999999995,0.04629999999999998
2026-05-30 08:03:55,73531.65,0.1844,0.2198,0.2552,0.0001,2,0,-0.914383162798031,-3.6224999999999916,1.5740999999999947,0.09809999999999999
2026-05-30 08:04:25,73517.15,0.2979,0.2502,0.2741,-0.5903,55,0,0.21748865523918146,-3.324599999999992,-0.8927000000000053,-0.0242
2026-05-30 08:04:55,73510.05,0.1797,0.2287,0.24,-0.2003,35,0,-0.2544525470731084,-2.0486999999999917,-1.1664000000000052,0.008899999999999991
2026-05-30 08:05:25,73500.15,0.2219,0.2029,0.3537,0.6953,87,0,0.9302523928781161,-1.1882999999999917,-1.7053000000000051,-0.04729999999999998
2026-05-30 08:05:55,73492.55,0.7929,0.6198,0.6161,0.6937,116,0,1.6024015784173447,-0.7243999999999917,-3.128800000000005,0.3911
2026-05-30 08:06:25,73458.45,0.3995,0.4232,0.4481,-1.8205,97,0,1.0851315114645423,-1.9643999999999917,-6.848400000000005,0.22030000000000002
2026-05-30 08:06:55,73476.45,0.0694,0.2957,0.4017,-0.0037,25,0,-0.6652029174435444,0.4039000000000083,-4.693700000000005,-0.3241
2026-05-30 08:07:25,73453.95,0.0227,0.2188,0.2754,-0.0051,3,0,-1.1640714086761426,-1.675099999999992,-4.553700000000005,-0.20440000000000003
2026-05-30 08:09:55,73362.15,0.8347,0.6901,0.516,-2.5593,379,1,4.244636399163216,-9.065299999999992,-9.803700000000006,0.4943000000000001
2026-05-30 08:11:36,73435.05,0.3653,0.333,0.4252,-0.0127,5,0,-0.9644166359921166,0.5027000000000078,-5.720900000000005,-0.4359
2026-05-30 08:12:06,73435.05,0.3216,0.3966,0.4031,-0.0331,15,0,-0.7471012232104076,2.4248000000000074,-5.0476000000000045,-0.2695
2026-05-30 08:12:36,73438.25,0.5466,0.5246,0.3254,0.1238,19,0,-0.6976384901049361,-1.5425999999999924,-4.177400000000004,0.19159999999999994
2026-05-30 08:13:06,73463.85,0.7047,0.7192,0.5329,1.0919,242,0,1.8180918993284176,-1.1862999999999921,-3.6696000000000044,0.32259999999999994
2026-05-30 08:13:36,73495.85,0.6922,0.6323,0.4982,0.0376,24,0,-0.6474393028408015,2.2963000000000076,-2.2739000000000043,0.10770000000000002
2026-05-30 08:14:06,73482.65,0.1167,0.3261,0.2275,-0.7754,66,0,-0.16744964533452938,-0.02859999999999263,-1.9579000000000044,-0.39309999999999995
2026-05-30 08:14:36,73492.15,0.517,0.4876,0.3978,0.2214,34,0,-0.45793018672431757,0.2786000000000074,1.2898999999999956,-0.1447
2026-05-30 08:15:06,73494.45,0.1055,0.2024,0.2014,-0.138,28,0,-0.4461838049986873,-0.17689999999999273,3.6243999999999956,-0.1237
2026-05-30 08:15:36,73480.95,0.1298,0.2477,0.2146,-0.5767,71,0,0.43151076485200696,-1.9661999999999926,-1.7211000000000045,-0.23989999999999997
2026-05-30 08:16:06,73468.55,0.1041,0.1349,0.1582,-0.3459,51,0,0.06047034432777963,-0.32609999999999273,-2.9175000000000044,-0.0675
2026-05-30 08:16:36,73438.95,0.0529,0.1614,0.2117,-0.0628,29,0,-0.3025542644157837,-1.8657999999999926,-1.0786000000000049,-0.08630000000000002
2026-05-30 08:17:06,73421.15,0.0705,0.1445,0.1816,-0.056,20,0,-0.5162528987434793,-2.4156999999999926,-1.216100000000005,0.009599999999999997
2026-05-30 08:17:36,73437.75,0.6034,0.5638,0.4664,0.3504,45,0,-0.08935255690405837,2.0842000000000076,1.9056999999999948,0.4024
2026-05-30 08:18:06,73417.45,0.8989,0.8319,0.3756,0.1972,45,0,-0.0066809461306645,2.0803000000000074,0.34909999999999475,0.6874
2026-05-30 08:18:36,73434.75,0.1515,0.1786,0.2063,-0.7469,57,0,0.24767842519719607,4.378200000000007,1.003299999999995,-0.3852
2026-05-30 08:19:06,73422.25,0.1705,0.2115,0.2046,-0.4569,55,0,0.1946807633306421,4.046600000000008,2.859099999999995,-0.6204
2026-05-30 08:19:36,73422.65,0.7873,0.714,0.519,1.592,127,0,1.7438239081883098,0.43740000000000734,2.064499999999995,0.5354
2026-05-30 08:20:06,73422.65,0.4218,0.3475,0.316,-0.0001,1,0,-1.0768496867973778,1.1347000000000076,1.6606999999999947,0.13599999999999998
2026-05-30 08:20:36,73424.95,0.6508,0.6382,0.5523,-0.0034,2,0,-1.0039529578400352,-0.11489999999999255,2.8545999999999947,-0.07579999999999998
2026-05-30 08:21:16,73420.35,0.2834,0.371,0.2701,0.0027,6,0,-0.9419811523546557,-0.4577999999999927,2.727399999999995,0.02350000000000002
2026-05-30 08:21:46,73410.75,0.1879,0.199,0.3269,-0.1551,21,0,-0.6327889956073806,-1.1202999999999927,2.8099999999999947,-0.4392
2026-05-30 08:22:16,73402.45,0.1714,0.2197,0.2454,-0.4167,63,0,0.2680661625653385,-1.5101999999999927,2.566199999999995,-0.1513
2026-05-30 08:22:46,73406.15,0.9771,0.7889,0.5727,1.2732,89,0,1.0546171073988826,0.45340000000000746,1.2237999999999951,0.5899000000000001
2026-05-30 08:23:26,73414.35,0.577,0.547,0.429,0.0,1,0,-1.2078333379779134,1.5244000000000075,2.171499999999995,0.32730000000000004
2026-05-30 08:23:56,73415.65,0.8251,0.7569,0.6753,0.2843,50,0,0.22679800600482547,2.4206000000000074,0.8523999999999952,-0.03200000000000003
2026-05-30 08:24:26,73419.55,0.3852,0.2753,0.4262,0.0,2,0,-0.9350563084238196,2.666700000000007,1.186299999999995,-0.27170000000000005
2026-05-30 08:24:56,73420.75,0.577,0.396,0.3867,-0.0653,49,0,0.35772688712227,0.26430000000000753,1.0506999999999949,-0.3609
2026-05-30 08:25:26,73418.15,0.4069,0.4595,0.3068,0.069,21,0,-0.46476068848156427,-0.03239999999999249,1.004399999999995,0.18420000000000003
2026-05-30 08:26:06,73422.35,0.4486,0.3315,0.2997,0.0002,2,0,-0.9986459756380917,0.31230000000000746,1.279599999999995,-0.0645
2026-05-30 08:26:36,73418.55,0.0764,0.1375,0.2179,-0.4276,57,0,0.5271730755546349,-0.13709999999999256,1.506999999999995,-0.322
2026-05-30 08:27:06,73339.55,0.4438,0.4094,0.349,-1.0374,171,0,1.9770478658707655,-5.009599999999993,-2.838600000000006,0.07789999999999997
2026-05-30 08:27:36,73363.05,0.9002,0.7433,0.5499,0.947,193,0,1.2015492441222013,-24.064699999999995,-21.550100000000008,0.6057999999999999
2026-05-30 08:28:06,73363.85,0.8077,0.4855,0.5113,-0.2194,29,0,-0.4236980439268211,-24.722699999999993,-23.896500000000007,0.0761
2026-05-30 08:28:36,73375.75,0.8751,0.7659,0.6647,0.5599,43,0,-0.29515137592583607,-22.956899999999997,-22.974300000000007,0.022600000000000064
2026-05-30 08:29:06,73376.75,0.8589,0.7473,0.5229,0.2335,54,0,-0.19412205296300714,-18.02389999999999,-23.283100000000005,0.2618
2026-05-30 08:29:46,73362.65,0.856,0.6253,0.5351,0.4747,88,0,0.133329330217589,0.34210000000000707,-23.796000000000006,0.19149999999999995
2026-05-30 08:30:46,73355.65,0.856,0.6439,0.5225,1.2029,299,0,1.9774073272377637,1.8165000000000073,-21.365400000000008,0.01860000000000006
2026-05-30 08:32:06,73297.05,0.3162,0.3573,0.328,-34.136,440,1,2.655150233106651,-31.627599999999994,-51.55740000000001,-0.08050000000000002
2026-05-30 08:33:36,73300.85,0.3165,0.2915,0.3327,0.5492,120,1,-0.09647758719980769,-28.92889999999999,-28.475900000000006,-0.33830000000000005
2026-05-30 08:34:06,73282.35,0.7852,0.4827,0.3316,-1.0073,358,1,1.6991330169877894,7.657200000000007,-25.87630000000001,0.3653
2026-05-30 08:34:36,73274.95,0.6786,0.4472,0.2748,-1.1076,129,1,-0.24015005616859955,2.3633000000000077,-25.27780000000001,0.1557
2026-05-30 08:35:06,73258.85,0.4852,0.5133,0.4473,-0.3495,269,1,0.4774188791796063,-9.213399999999991,-36.03780000000001,0.03059999999999996
2026-05-30 08:35:36,73227.65,0.3624,0.3007,0.3683,-1.9072,270,1,0.428395633635239,-11.218699999999991,-40.040000000000006,-0.14649999999999996
2026-05-30 08:36:06,73231.65,0.9083,0.727,0.4371,-1.1833,208,1,0.0316705556784351,-12.064499999999992,-40.2518,0.2137
2026-05-30 08:36:36,73262.65,0.682,0.5863,0.5786,1.148,182,1,-0.17147809979648382,-9.009899999999991,-35.803900000000006,0.2856
2026-05-30 08:37:06,73263.95,0.9259,0.7319,0.5201,1.4027,103,1,-0.5748386710379177,2.5582000000000082,-1.8520000000000016,0.0049000000000000155
2026-05-30 08:37:46,73241.25,0.3583,0.4993,0.3336,-0.5256,43,1,-0.9198221141797055,1.9260000000000086,-9.064300000000001,-0.08700000000000002
2026-05-30 08:38:16,73264.75,0.8867,0.8256,0.6343,1.3416,128,1,-0.25011975061362957,2.537700000000008,-6.672800000000001,0.0937
2026-05-30 08:38:46,73283.25,0.4559,0.4633,0.5224,-0.5728,193,1,0.21790263996654838,-0.19969999999999166,-7.074700000000001,-0.03600000000000003
2026-05-30 08:39:16,73304.35,0.8522,0.7789,0.6168,0.7764,82,1,-0.4801324141481211,2.0968000000000084,-7.412400000000001,-0.046699999999999964
2026-05-30 08:39:46,73292.25,0.0763,0.2069,0.259,-0.4067,32,1,-0.7875174985571846,2.798700000000008,-8.628900000000002,-0.25639999999999996
2026-05-30 08:40:16,73274.25,0.6684,0.5984,0.4178,-1.3022,21,1,-1.3096637552894892,-0.9303999999999919,1.6101999999999983,-0.1805
2026-05-30 08:40:46,73268.65,0.3282,0.372,0.3435,-0.0248,5,1,-1.4896693479005874,-1.365499999999992,2.7784999999999984,0.1651
2026-05-30 08:41:16,73288.55,0.8002,0.6563,0.5613,0.5693,64,1,-0.38322729511299003,-1.147099999999992,3.5049999999999986,0.05789999999999995
2026-05-30 08:41:46,73282.45,0.8699,0.8285,0.4603,-0.1853,172,1,1.7106800907304214,-0.08109999999999187,0.2998999999999985,0.4565
2026-05-30 08:42:16,73279.55,0.3527,0.3346,0.2782,-0.5207,64,1,-0.27085230327825244,1.2228000000000083,0.27479999999999816,-0.3217
2026-05-30 08:42:46,73268.65,0.2645,0.2032,0.2344,-0.3367,37,1,-0.6999629919717122,1.0104000000000082,1.862899999999998,-0.6253
2026-05-30 08:43:36,73268.55,0.0674,0.1408,0.1668,-0.0979,25,1,-0.7837146304928972,-1.5284999999999918,-0.5612000000000019,-0.1938
2026-05-30 08:44:06,73281.35,0.8735,0.7755,0.5509,1.338,119,1,1.1536336392887552,0.21420000000000816,0.7137999999999981,0.5723
2026-05-30 08:44:36,73311.45,0.9897,0.8302,0.5572,2.3855,147,1,1.7504218705907055,3.408600000000008,1.586599999999998,0.6894
2026-05-30 08:45:06,73325.45,0.5447,0.532,0.3373,0.9209,47,1,-0.20810133192013988,4.609100000000009,3.6732999999999985,-0.24349999999999994
2026-05-30 08:45:36,73313.45,0.8253,0.7836,0.5279,1.0208,89,1,0.5849878839295442,3.5878000000000085,3.9569999999999976,-0.046600000000000086
2026-05-30 08:46:06,73306.15,0.3104,0.3305,0.2871,-0.3927,54,1,-0.12670628678067378,2.248300000000008,4.327599999999999,-0.2015
2026-05-30 08:46:36,73306.15,0.8712,0.5112,0.3742,-0.0102,9,1,-0.8702682384015124,-0.8540999999999916,1.8795999999999977,-0.2724
2026-05-30 08:48:16,73346.85,0.5793,0.529,0.4764,0.3885,42,1,-0.17518592005848746,2.4579000000000084,5.782499999999998,-0.015599999999999947
2026-05-30 08:49:37,73375.15,0.2499,0.3199,0.3256,-0.001,1,1,-1.0673921882327324,7.742400000000009,8.8288,-0.05409999999999998
2026-05-30 08:50:17,73373.95,0.5667,0.4354,0.3451,0.0002,1,1,-1.0049747850225674,6.9030000000000085,7.694099999999998,-0.1652
2026-05-30 08:50:47,73388.15,0.9043,0.8665,0.6652,1.2694,127,1,1.3435521292592123,6.4049000000000085,10.240499999999997,0.5466
2026-05-30 08:51:17,73385.25,0.6787,0.7187,0.4278,-0.7042,43,1,-0.13276559078629882,1.5099000000000085,9.510099999999998,0.2833
2026-05-30 08:51:47,73378.65,0.9023,0.7192,0.4127,-0.0267,3,1,-0.8568090695689603,-0.6261999999999915,9.056699999999998,-0.1473000000000001
2026-05-30 08:52:17,73378.85,0.8484,0.7343,0.4831,0.0005,1,1,-0.8212043960291777,0.1495000000000085,6.399499999999997,0.015599999999999947
2026-05-30 08:52:47,73373.95,0.2516,0.3479,0.4607,-0.0186,11,1,-0.6103399603369265,-1.3228999999999915,7.156799999999998,-0.37129999999999996
2026-05-30 08:53:27,73367.75,0.6676,0.4788,0.4313,0.4141,34,1,-0.24364160367584717,-0.24529999999999152,7.181799999999997,-0.25549999999999995
2026-05-30 08:53:57,73380.45,0.8465,0.6726,0.6283,-0.0037,5,1,-0.7060015607834358,0.039100000000008496,5.080499999999998,0.3247
2026-05-30 08:54:37,73390.35,0.5085,0.406,0.4343,-0.2306,69,1,0.4957645520503965,1.0292000000000086,2.1644999999999976,-0.07279999999999998
2026-05-30 08:55:07,73367.05,0.7369,0.7529,0.512,1.7689,161,1,1.9659300136322193,-0.7964999999999915,-1.382100000000003,0.08030000000000004
2026-05-30 08:55:37,73357.65,0.1117,0.1681,0.301,-0.6397,125,1,1.2363256686359878,-1.772899999999992,-1.494100000000003,-0.23790000000000003
2026-05-30 08:56:07,73370.15,0.8031,0.635,0.5434,0.0661,9,1,-0.843676991526718,-1.3267999999999915,-2.6512000000000024,-0.1179
2026-05-30 08:56:57,73369.35,0.2727,0.4147,0.3784,-0.0072,2,1,-0.9359144171623388,-2.5295999999999914,-1.8750000000000024,0.2466
2026-05-30 08:57:27,73372.25,0.7503,0.5229,0.4663,-0.781,30,1,-0.5825035677860041,-1.2495999999999912,-2.0055000000000023,-0.11209999999999998
2026-05-30 08:57:57,73375.05,0.5995,0.4333,0.3977,-0.0176,7,1,-0.9433944723401081,-0.3743999999999911,-2.0180000000000025,0.018600000000000005
2026-05-30 08:58:27,73376.85,0.7691,0.591,0.4621,0.3717,68,1,0.13881031642491956,-0.2898999999999917,-1.6182000000000025,0.06809999999999994
2026-05-30 08:58:57,73388.75,0.373,0.3186,0.334,-1.0512,64,1,0.018735069891336446,0.024500000000008626,-1.6052000000000022,-0.11470000000000002
2026-05-30 08:59:27,73399.55,0.0493,0.2999,0.38,-0.0264,6,1,-0.9531492834009039,1.5311000000000086,-0.5135000000000024,-0.29109999999999997
2026-05-30 08:59:57,73404.75,0.1042,0.2141,0.3291,0.3974,133,1,1.3043775791757004,3.4836000000000085,0.43639999999999746,-0.10449999999999998
2026-05-30 09:00:27,73388.05,0.8022,0.6094,0.5714,0.3909,48,1,-0.04315906051661441,2.5230000000000086,1.7012999999999978,0.30950000000000005
2026-05-30 09:00:57,73395.85,0.1359,0.2244,0.3047,-0.497,72,1,0.4007265155039297,3.4024000000000085,3.5700999999999983,0.010299999999999976
2026-05-30 09:01:27,73405.25,0.7686,0.7298,0.67,1.1658,107,1,1.4102891359325145,3.5202000000000084,4.333499999999997,0.12039999999999995
2026-05-30 09:01:57,73399.65,0.2589,0.3491,0.3164,-0.5986,74,1,0.19620611897941384,7.940500000000008,10.906499999999998,0.12470000000000003
2026-05-30 09:02:27,73383.65,0.631,0.4365,0.4843,1.2602,118,1,0.9075100386981005,8.419800000000008,11.370699999999998,-0.2933
2026-05-30 09:02:57,73376.95,0.4747,0.4399,0.34,0.0032,4,1,-1.0767408202425566,7.434900000000008,11.379399999999997,0.09079999999999999
2026-05-30 09:03:27,73355.55,0.2777,0.2007,0.2885,-2.2087,124,1,0.9077263762873042,4.1183000000000085,8.741699999999998,-0.2358
2026-05-30 09:03:57,73353.05,0.2785,0.2069,0.2568,-0.0023,1,1,-1.0520806017576156,-2.4631999999999916,8.418799999999997,-0.233
2026-05-30 09:04:27,73399.25,0.3742,0.3372,0.3626,-0.2973,19,1,-0.611561628117192,9.13480000000001,18.9744,0.1365
2026-05-30 09:04:57,73411.65,0.8892,0.853,0.7754,3.3749,120,1,0.384147665900938,12.34350000000001,20.239299999999997,0.6461
2026-05-30 09:05:27,73610.25,0.5556,0.5736,0.6188,-0.5666,496,0,1.822247263345892,24.45420000000001,30.6729,0.2364
2026-05-30 09:13:17,73494.75,0.118,0.1932,0.2798,-0.0287,10,1,-1.1056629331042318,-0.6610999999999913,-5.709900000000002,-0.08609999999999998
2026-05-30 09:13:47,73492.05,0.0294,0.1262,0.3137,-0.0947,12,1,-0.9064893404160341,-1.708299999999991,-5.868500000000002,-0.0802
2026-05-30 09:14:17,73492.75,0.7237,0.441,0.4746,0.0014,5,1,-1.0154209549246647,-0.49729999999999114,-1.585500000000002,0.2478
2026-05-30 09:16:37,73507.25,0.1708,0.4531,0.3679,-0.0813,22,1,-0.12325523833871564,0.006600000000008974,-0.4752000000000019,-0.045899999999999996
2026-05-30 09:21:27,73535.55,0.4705,0.4471,0.5193,0.0615,9,1,-0.8921202667296336,-3.4681999999999915,-0.6383000000000022,-0.0973
2026-05-30 09:29:58,73518.55,0.2107,0.2398,0.3839,0.0014,1,1,-0.8849119779513821,-1.4082999999999912,-1.5798000000000023,-0.35039999999999993
2026-05-30 09:30:28,73525.85,0.86,0.6839,0.7626,0.5413,25,1,-0.4268818842915923,0.4525000000000087,-0.4045000000000025,0.19389999999999996
2026-05-30 09:30:58,73531.45,0.947,0.9116,0.8002,0.0101,8,1,-0.74037499190733,0.19010000000000854,0.6087999999999975,0.6718
2026-05-30 09:31:28,73540.15,0.8879,0.8223,0.7261,0.573,93,1,0.6462743739749428,1.0311000000000086,1.1932999999999974,0.13840000000000008
2026-05-30 09:32:08,73551.35,0.7376,0.7035,0.6926,0.5512,29,1,-0.34022508011217406,1.9304000000000086,2.7424999999999975,-0.08899999999999997
2026-05-30 09:32:38,73549.95,0.7946,0.7167,0.7257,0.0058,4,1,-0.8752140639730829,0.9542000000000084,3.414999999999998,-0.014100000000000001
2026-05-30 09:33:08,73552.85,0.623,0.5954,0.3796,-1.7163,137,1,2.229864790902023,-0.7046999999999917,0.7079999999999975,-0.10809999999999997
2026-05-30 09:33:38,73540.65,0.0984,0.2074,0.3237,-0.5602,59,1,0.39706156129767867,-2.852199999999992,-0.6021000000000025,-0.5093
2026-05-30 09:34:08,73539.85,0.9514,0.8014,0.7797,0.3282,30,1,-0.2407035029283776,-1.8880999999999915,-1.0377000000000025,0.20599999999999996
2026-05-30 09:34:48,73543.75,0.8292,0.7179,0.7309,0.2413,37,1,-0.01957870616658065,-1.3398999999999917,0.43129999999999735,0.5105
2026-05-30 09:35:18,73543.75,0.5219,0.5062,0.5891,-0.0003,2,1,-0.9423908172719648,-0.2843999999999917,0.5133999999999974,-0.2952
2026-05-30 09:35:48,73548.15,0.6537,0.652,0.5643,0.3687,12,1,-0.5957845836983351,1.3055000000000083,0.3704999999999975,-0.06589999999999996
2026-05-30 09:36:28,73566.35,0.7892,0.764,0.7694,-0.857,14,1,-0.5430171463717463,0.9080000000000084,-0.5522000000000024,0.25780000000000003
2026-05-30 09:40:08,73566.45,0.7731,0.8236,0.791,0.0081,4,1,-0.8337679266338691,-1.8943999999999919,-1.0439000000000023,0.0039000000000000146
2026-05-30 09:40:38,73557.45,0.1681,0.3384,0.397,-0.0004,2,1,-0.985803740230481,-1.3010999999999917,-1.9135000000000024,-0.4948000000000001
2026-05-30 09:41:08,73557.45,0.4962,0.503,0.63,0.0001,1,1,-0.9500819943284632,-0.8356999999999918,-2.6790000000000025,-0.3206
2026-05-30 09:41:38,73573.15,0.4888,0.5777,0.6485,0.4146,29,1,-0.09080451759562022,0.7263000000000083,-0.8528000000000024,0.2393
2026-05-30 09:42:18,73558.65,0.4849,0.4811,0.6041,-0.2864,29,1,0.06697272052302196,0.04090000000000815,-2.8274000000000026,0.07330000000000003
2026-05-30 09:42:48,73558.65,0.7021,0.6412,0.633,0.0081,2,1,-0.7374011125201658,0.07900000000000815,-2.6167000000000025,0.013499999999999956
2026-05-30 09:43:18,73561.05,0.7599,0.6539,0.6969,-0.0146,2,1,-0.6957041363387628,0.2101000000000081,-3.3825000000000025,0.1728
2026-05-30 09:43:48,73561.05,0.3363,0.3528,0.5461,-0.0043,6,1,-0.4116213190618072,-1.3635999999999917,-0.6806000000000024,-0.2884
2026-05-30 09:49:28,73627.15,0.2413,0.345,0.577,-0.0059,4,0,-0.7835262701770612,-0.8839999999999921,3.4010999999999973,-0.47350000000000003
2026-05-30 09:49:58,73611.15,0.622,0.5234,0.6349,-0.0189,6,0,-0.781806783934705,-3.3460999999999923,1.3525999999999971,0.08779999999999999
2026-05-30 09:50:28,73621.85,0.5724,0.551,0.5934,0.0002,3,0,-0.9104025970370078,-2.410599999999992,1.221999999999997,0.20600000000000007
2026-05-30 09:50:58,73621.85,0.5268,0.4904,0.6319,-0.0012,4,0,-0.8918081495733301,-1.894699999999992,1.2173999999999972,-0.032999999999999974
2026-05-30 09:51:28,73613.55,0.1377,0.3064,0.4874,-0.383,24,0,-0.5509932906893447,-3.690199999999992,-1.760300000000003,-0.24460000000000004
2026-05-30 09:51:58,73611.05,0.8011,0.8314,0.6653,0.7682,50,0,0.0030628405129156312,-2.187899999999992,-0.912600000000003,0.341
2026-05-30 09:52:28,73599.05,0.109,0.1694,0.3503,-0.3523,51,0,0.1414807669782569,-4.044299999999992,-6.044200000000002,-0.137
2026-05-30 09:52:58,73595.45,0.1269,0.2735,0.3485,-0.2061,58,0,0.49372908729822057,-4.523899999999992,-7.366000000000002,-0.5579000000000001
2026-05-30 09:53:28,73595.45,0.284,0.3221,0.4317,-0.0424,11,0,-0.7729130283492125,-2.019999999999992,-7.004900000000003,0.1527
2026-05-30 09:53:58,73593.15,0.1987,0.2176,0.4849,-0.1924,22,0,-0.39969553583238737,-2.092299999999992,-6.678900000000002,-0.05590000000000003
2026-05-30 09:54:28,73591.05,0.1683,0.3035,0.4372,-0.0006,6,0,-0.7973262805987539,-1.390599999999992,-6.550800000000002,-0.018600000000000005
2026-05-30 09:54:58,73610.15,0.7482,0.696,0.7546,0.8438,62,0,0.7149791352719417,1.9611000000000076,-2.0588000000000024,0.47839999999999994
2026-05-30 09:55:28,73617.65,0.5467,0.5151,0.6741,0.2398,31,0,-0.12925514063139493,2.4190000000000076,-2.1753000000000022,0.2116
2026-05-30 09:55:58,73615.25,0.2064,0.362,0.3817,-0.9722,72,0,1.022890284386758,1.681200000000008,-3.1030000000000024,-0.33399999999999996
2026-05-30 09:56:28,73613.85,0.6031,0.6498,0.5058,0.0,2,0,-0.9573423618596288,1.7237000000000078,-1.1369000000000022,0.13470000000000004
2026-05-30 09:56:58,73619.55,0.1666,0.2923,0.5545,-0.2376,22,0,-0.2749000410572951,-0.924599999999992,-0.7955000000000022,-0.06969999999999998
2026-05-30 09:57:38,73601.55,0.5403,0.4948,0.631,0.0,1,0,-0.8260433734692758,-2.347999999999992,-0.47900000000000226,-0.15500000000000003
2026-05-30 09:58:08,73602.95,0.1853,0.2758,0.3573,0.0,1,0,-0.7996359025851328,-0.9764999999999919,0.4443999999999978,-0.016500000000000015
2026-05-30 09:58:38,73603.95,0.7329,0.5972,0.6398,0.2181,29,0,-0.020780855854853064,-0.17279999999999202,0.7102999999999977,0.10239999999999994
2026-05-30 09:59:08,73601.55,0.154,0.2865,0.2467,0.0,1,0,-0.8398691356479394,-0.833299999999992,0.46349999999999775,0.010699999999999987
2026-05-30 09:59:48,73601.45,0.1503,0.296,0.2443,-0.0001,1,0,-0.8063097936891575,-0.05819999999999207,0.8533999999999978,-0.30119999999999997
2026-05-30 10:00:18,73611.45,0.9443,0.778,0.7307,0.1013,20,0,-0.16752168142904567,0.5678000000000079,-0.9489000000000021,0.49150000000000005
2026-05-30 10:00:48,73606.15,0.1216,0.1976,0.5079,-0.4628,67,0,1.1569538193757898,-0.31769999999999204,-2.0264000000000024,-0.09839999999999999
2026-05-30 10:01:18,73602.45,0.0407,0.1325,0.2824,-0.427,58,0,0.7296654060009085,-0.46439999999999204,-1.6821000000000024,-0.6455
2026-05-30 10:01:48,73605.25,0.847,0.7614,0.7819,0.025,11,0,-0.591488984816754,0.06040000000000791,-0.8099000000000023,0.5638
2026-05-30 10:02:28,73609.45,0.6509,0.6649,0.7019,0.589,70,0,0.927436490368106,-0.39359999999999196,-0.4179000000000024,0.5324
2026-05-30 10:03:08,73603.65,0.326,0.3596,0.587,-0.5269,47,0,0.44273141053518517,-0.24879999999999203,0.07279999999999764,-0.4018
2026-05-30 10:03:38,73603.65,0.8169,0.7331,0.7483,0.6552,100,0,1.771381562344562,0.14340000000000785,-0.5622000000000025,0.06819999999999993
2026-05-30 10:04:08,73606.35,0.5169,0.5403,0.7772,-0.2531,40,0,-0.018365013583760893,0.35770000000000785,-0.2794000000000024,0.18070000000000003
2026-05-30 10:08:09,73554.75,0.1042,0.1834,0.2203,-0.2403,37,1,-0.0731669545763542,-1.3510999999999918,-3.118700000000002,-0.5378
2026-05-30 10:08:39,73527.55,0.0745,0.1592,0.2381,-0.2729,14,1,-0.7525727748247324,-2.384299999999992,-4.683300000000003,-0.2898
2026-05-30 10:09:09,73538.55,0.2973,0.4256,0.4052,0.2249,66,1,0.457638762147519,-1.9745999999999921,-3.6970000000000023,0.24219999999999997
2026-05-30 10:09:39,73540.65,0.4077,0.396,0.4655,0.0106,5,1,-0.8807805972921041,-1.917799999999992,-4.131600000000002,0.2368
2026-05-30 10:10:09,73536.95,0.4398,0.4249,0.521,0.0338,17,1,-0.5908996166522377,-1.749299999999992,-3.3849000000000022,-0.0006999999999999784
2026-05-30 10:10:49,73536.95,0.2168,0.3086,0.4915,0.0016,2,1,-0.8059788204852911,0.33880000000000793,-2.0501000000000027,-0.08740000000000003
2026-05-30 10:11:29,73535.95,0.2431,0.4458,0.3822,-0.1042,15,1,-0.5206959545156602,0.6443000000000081,-1.9696000000000025,-0.030000000000000027
2026-05-30 10:11:59,73533.65,0.4071,0.496,0.5834,-0.0152,6,1,-0.7348951468084833,0.8887000000000082,-0.8668000000000026,-0.032299999999999995
2026-05-30 10:12:29,73525.95,0.5138,0.5477,0.5508,-0.095,83,1,1.1971678062395779,1.1561000000000081,-1.2544000000000024,0.10189999999999999
2026-05-30 10:12:59,73539.25,0.802,0.7329,0.6942,1.2507,36,1,-0.0602431762595943,2.360500000000008,1.6982999999999975,0.2369
2026-05-30 10:13:29,73550.95,0.8384,0.821,0.7805,0.5161,78,1,1.3575291115043937,3.408400000000008,4.007499999999998,0.2733
2026-05-30 10:13:59,73550.95,0.6891,0.7156,0.7506,-0.0045,5,1,-0.8493207095742406,3.3501000000000083,3.729699999999997,-0.017299999999999982
2026-05-30 10:14:29,73539.35,0.7551,0.6928,0.6967,-0.7071,126,1,2.8116135472355035,2.407400000000008,3.0775999999999977,-0.12819999999999998
2026-05-30 10:14:59,73534.25,0.2872,0.3255,0.4013,-0.784,126,1,2.3348480541513634,-0.9709999999999916,2.5206999999999975,-0.3901
2026-05-30 10:15:29,73539.35,0.4427,0.5295,0.5652,-0.0122,7,1,-0.7827428264007268,-1.3347999999999915,3.2037999999999975,-0.1633
2026-05-30 10:15:59,73543.65,0.7766,0.6855,0.7104,0.4894,67,1,0.7875577110847414,-0.8412999999999917,2.2662999999999975,0.36
2026-05-30 10:16:29,73543.65,0.1095,0.1574,0.2867,-0.7427,62,1,0.7567400588601121,0.3832000000000081,2.8164999999999973,-0.3721
2026-05-30 10:16:59,73540.25,0.2922,0.3661,0.3916,-0.0024,2,1,-0.8900915468110675,0.7445000000000083,2.3764999999999974,-0.3194
2026-05-30 10:17:29,73543.65,0.2431,0.2916,0.3716,0.0071,2,1,-0.9150741594361735,0.38950000000000823,2.437199999999997,0.1342
2026-05-30 10:17:59,73543.65,0.1432,0.2272,0.2942,0.0181,7,1,-0.6644810891380254,-0.07359999999999178,-0.1678000000000024,-0.13889999999999997
2026-05-30 10:18:29,73546.75,0.563,0.5655,0.6043,0.2007,36,1,0.2152659104022473,-0.14039999999999178,-0.7323000000000024,0.2739
2026-05-30 10:18:59,73546.75,0.427,0.3418,0.5163,-0.0048,2,1,-0.7349956105690405,0.2413000000000082,-0.7323000000000024,0.11459999999999998
2026-05-30 10:19:29,73551.85,0.6238,0.6254,0.611,0.4143,26,1,-0.012950197313389675,1.0607000000000082,1.0904999999999974,0.05989999999999995
2026-05-30 10:20:09,73565.75,0.7067,0.7809,0.6713,0.2236,47,1,1.0219823861685402,2.1176000000000084,2.920799999999997,0.43910000000000005
2026-05-30 10:20:39,73588.85,0.8277,0.732,0.7498,0.5662,68,1,1.6924756263337992,3.251700000000008,3.8541999999999974,0.10660000000000003
2026-05-30 10:21:09,73593.65,0.8573,0.646,0.6533,0.116,16,1,-0.34408200811595724,3.5630000000000086,3.6719999999999975,-0.13490000000000002
2026-05-30 10:21:39,73589.95,0.2286,0.2964,0.3435,-1.4789,100,1,2.7367958651742477,1.332900000000008,2.040199999999998,-0.4356
2026-05-30 10:22:09,73596.25,0.8649,0.8199,0.7452,0.0276,7,1,-0.6922505768119828,0.6824000000000081,2.8586999999999976,0.17389999999999994
2026-05-30 10:22:49,73596.25,0.351,0.5248,0.6318,-0.0086,3,1,-0.7548573610555291,-0.6016999999999919,2.8629999999999978,0.22840000000000005
2026-05-30 10:23:19,73596.25,0.5909,0.5056,0.6613,0.0007,1,1,-0.8187095506838864,-0.9190999999999918,2.826499999999997,-0.3142999999999999
2026-05-30 10:23:49,73603.55,0.7267,0.7239,0.7271,0.5554,68,1,1.5483053698495148,0.9767000000000082,3.1572999999999976,0.19909999999999994
2026-05-30 10:24:19,73617.25,0.5554,0.6467,0.5597,1.142,93,1,2.1474617332392714,1.6708000000000083,4.288199999999997,0.1411
2026-05-30 10:24:49,73609.25,0.2164,0.3412,0.3164,-0.1033,12,1,-0.5275474789080968,-0.31519999999999176,1.4870999999999974,-0.3827
2026-05-30 10:25:19,73609.25,0.4548,0.44,0.4914,-0.0049,2,1,-0.7125168078354098,-0.29459999999999176,0.4142999999999974,-0.20670000000000005
2026-05-30 10:25:49,73593.75,0.1009,0.1885,0.0311,-0.3975,59,1,0.8378067839880888,-2.2274999999999916,-2.3219000000000025,-0.1527
2026-05-30 10:26:19,73589.15,0.4692,0.4178,0.6248,0.0055,3,1,-0.6664450239758495,-3.6012999999999917,-2.8761000000000023,-0.022199999999999998
2026-05-30 10:26:49,73589.15,0.5238,0.4959,0.6102,-0.0,3,1,-0.5860716485575359,-1.6618999999999917,-1.5077000000000025,0.3074
2026-05-30 10:27:19,73586.45,0.2599,0.3211,0.543,-0.0436,10,1,-0.35310112861236875,-1.9725999999999915,-2.240700000000002,-0.09670000000000001
2026-05-30 10:27:49,73585.55,0.2583,0.3417,0.5167,-0.0204,2,1,-0.6219090774877146,-0.7979999999999916,-2.5182000000000024,-0.1542
2026-05-30 10:28:19,73597.35,0.8061,0.703,0.0649,-0.0048,2,1,-0.7027398480071132,1.8843000000000087,-0.07270000000000225,0.38189999999999996
2026-05-30 10:29:09,73597.35,0.6239,0.5912,0.0575,0.0046,2,1,-0.6469835931996604,1.8588000000000087,-0.6256000000000022,0.24949999999999994
2026-05-30 10:29:49,73606.45,0.6441,0.031,0.0704,-0.0076,6,1,-0.5662973354351641,3.446000000000009,0.9329999999999978,-0.5962
2026-05-30 10:30:19,73607.75,0.0372,0.0693,0.1395,-5.0804,103,1,1.9693580229070724,9.88780000000001,9.281399999999998,-0.5460999999999999
2026-05-30 10:34:09,73660.55,0.6494,0.6688,0.7215,0.3786,171,0,1.145623308557242,2.0599000000000105,46.036300000000004,-0.05180000000000007
2026-05-30 10:34:39,73668.15,0.5394,0.6429,0.7171,0.3612,65,0,-0.1337357095845402,2.581100000000011,45.343599999999995,-0.17799999999999994
2026-05-30 10:35:09,73682.05,0.6074,0.6112,0.6593,0.5779,87,0,-0.03102570642392709,-0.05079999999998941,32.4456,-0.057599999999999985
2026-05-30 10:35:39,73682.05,0.5717,0.7551,0.7165,0.0612,11,0,-0.8287880903096209,0.08990000000001058,-4.7860000000000005,0.11219999999999997
2026-05-30 10:36:09,73710.05,0.4071,0.4628,0.654,-1.5554,364,0,3.03848920010526,0.7748000000000108,0.9880000000000002,-0.14839999999999998
2026-05-30 10:36:39,73698.45,0.7434,0.6395,0.604,-0.0009,2,0,-0.9426168982171778,-0.8894999999999892,-0.35159999999999986,-0.11560000000000004
2026-05-30 10:37:09,73694.95,0.0932,0.207,0.3055,-1.4753,149,0,0.6721145999823349,-2.4751999999999894,0.15420000000000011,-0.2558
2026-05-30 10:37:39,73665.45,0.119,0.3003,0.268,-0.2456,68,0,-0.31800637915979135,-3.482299999999989,-0.8703999999999997,-0.33919999999999995
2026-05-30 10:38:09,73671.75,0.6582,0.5653,0.5851,0.612,91,0,-0.05648698208279385,-3.6697999999999897,-3.5153,0.35830000000000006
2026-05-30 10:38:39,73662.35,0.2084,0.2331,0.258,-1.4712,136,0,0.36049565483515406,-4.373899999999989,-5.2043,-0.06720000000000001
2026-05-30 10:39:09,73662.35,0.5369,0.4763,0.5276,0.0733,3,0,-0.8869008906123649,-3.273299999999989,-5.179,-0.08900000000000002
2026-05-30 10:39:39,73660.25,0.0168,0.1652,0.3476,-0.2477,35,0,-0.5100532403699268,-2.5203999999999893,-5.9719,-0.06789999999999999
2026-05-30 10:40:09,73657.45,0.4169,0.3406,0.5157,-0.0036,2,0,-0.735734153661111,-2.658599999999989,-6.1231,-0.1357
2026-05-30 10:40:39,73657.45,0.1325,0.1999,0.3823,-0.0021,3,0,-0.7188952658670936,-0.8495999999999893,-6.1438,0.03469999999999998
2026-05-30 10:41:09,73656.75,0.0854,0.1975,0.3256,-0.0023,5,0,-0.6418209539410105,-0.5061999999999893,-6.46,-0.1431
2026-05-30 10:41:39,73656.75,0.2669,0.2603,0.4338,0.0084,7,0,-0.5564496367571655,-0.25339999999998936,-5.3358,0.06039999999999998
2026-05-30 10:42:09,73656.75,0.4974,0.4588,0.4423,-0.0006,1,0,-0.5297047422317885,-0.15019999999998931,-3.7981000000000003,0.2613
2026-05-30 10:42:39,73636.15,0.3973,0.4965,0.5153,-1.2766,99,0,1.851832111453289,-2.547499999999989,-5.209,0.23620000000000002
2026-05-30 10:43:09,73635.15,0.1113,0.2362,0.3223,-0.0007,5,0,-0.5262010827534863,-1.8214999999999892,-4.6117,-0.2226
2026-05-30 10:43:39,73646.15,0.4869,0.4904,0.353,-0.0031,3,0,-0.5452127741652588,-0.5842999999999893,-1.5462,-0.006099999999999994
2026-05-30 10:44:10,73646.15,0.6345,0.5585,0.6386,0.0035,2,0,-0.5539950315239569,-0.5551999999999893,-1.08,0.32230000000000003
2026-05-30 10:44:50,73646.15,0.5688,0.471,0.6643,-0.003,8,0,-0.3045593250468854,1.8492000000000108,-0.8394,-0.01940000000000003
2026-05-30 10:45:20,73656.15,0.9728,0.901,0.8085,0.3724,51,0,0.9872161357351191,2.3994000000000106,0.4463000000000001,0.3425
2026-05-30 10:45:50,73662.05,0.4535,0.5199,0.5968,0.0001,1,0,-0.6835513858113688,1.5057000000000107,0.8091000000000002,0.048900000000000055
2026-05-30 10:46:20,73646.65,0.2145,0.3329,0.4807,-0.0021,5,0,-0.5892197539144284,0.16320000000001067,-0.4105999999999998,-0.5681
2026-05-30 10:46:50,73636.65,0.7062,0.7259,0.547,0.0671,14,0,-0.4436575681572288,-0.9314999999999892,-1.5174999999999998,0.20599999999999996
2026-05-30 10:47:20,73616.85,0.3399,0.3323,0.2541,-0.2699,83,0,1.2771458360725296,-3.2679999999999896,-2.6715,-0.0005999999999999894
2026-05-30 10:47:50,73616.85,0.5021,0.4334,0.4556,0.0289,5,0,-0.7740091382352954,-3.587199999999989,-0.2306,-0.2925
2026-05-30 10:48:30,73628.95,0.4939,0.2709,0.4191,-0.0279,2,0,-0.840798205880546,-1.2620999999999893,0.14879999999999993,-0.06140000000000001
2026-05-30 10:49:00,73628.95,0.5207,0.449,0.4596,0.0017,2,0,-0.7508445270463151,-0.1609999999999893,-1.0942,0.015600000000000003
2026-05-30 10:49:30,73619.05,0.7488,0.6946,0.5823,0.4188,52,0,0.4277750740563762,0.42960000000001064,-1.6867000000000003,0.4237
2026-05-30 10:50:10,73603.45,0.3763,0.3616,0.3191,-1.3412,44,0,0.10485410845640276,-2.1118999999999892,-4.1917,-0.08740000000000003
2026-05-30 10:50:40,73603.45,0.7083,0.4897,0.651,0.0009,1,0,-0.856663946394071,-3.0989999999999895,-5.3496,-0.20489999999999997
2026-05-30 10:51:10,73603.95,0.847,0.6933,0.7293,-0.0053,6,0,-0.7042378481025597,-2.8417999999999894,-5.4417,0.33170000000000005
2026-05-30 10:51:40,73608.85,0.143,0.204,0.413,-0.0232,5,0,-0.7894098966235706,-1.4501999999999895,-3.3001000000000005,-0.28570000000000007
2026-05-30 10:52:10,73601.45,0.0554,0.2819,0.3,-0.6455,84,0,1.2710262468644684,0.4107000000000105,-2.8495,-0.41140000000000004
2026-05-30 10:53:00,73600.05,0.1003,0.1887,0.1885,-0.7925,52,0,0.6122282761286257,-0.3761999999999895,-2.4577999999999998,-0.01529999999999998
2026-05-30 10:53:30,73593.95,0.0376,0.1061,0.1644,-0.3122,30,0,-0.0017661100987914993,-1.3054999999999894,-3.1599999999999997,-0.17579999999999998
2026-05-30 10:54:00,73586.65,0.1109,0.145,0.1776,-0.0982,34,0,0.16542616404342617,-2.662699999999989,-4.7007,-0.04370000000000002
2026-05-30 10:54:30,73582.35,0.7454,0.7115,0.6719,3.1484,108,0,2.042987249393718,0.4060000000000108,-2.2824999999999998,0.6054
2026-05-30 10:55:00,73608.75,0.7672,0.7334,0.7377,0.235,30,0,-0.12584284745426852,3.337400000000011,0.45000000000000007,0.5884
2026-05-30 10:55:30,73598.45,0.218,0.2843,0.342,-1.1809,76,0,1.0679007514257897,2.3477000000000103,1.2996,-0.4272
2026-05-30 10:56:40,73584.05,0.3685,0.3783,0.2467,-0.0142,5,0,-0.7785773306427969,-2.9841999999999893,-1.8467,0.13730000000000003
2026-05-30 10:59:30,73585.85,0.648,0.6537,0.4522,0.65,55,0,0.13480744432438832,0.4927000000000106,0.4908,0.07769999999999999
2026-05-30 11:01:20,73585.15,0.2404,0.3533,0.4793,-0.05,8,0,-0.6121772967057449,0.2259000000000106,-2.0183,-0.0942
2026-05-30 11:22:00,73529.25,0.0991,0.2847,0.1931,-0.0336,12,0,-0.30526769896449957,-0.4320999999999893,-4.6981,-0.39399999999999996
2026-05-30 11:22:50,73534.15,0.5649,0.5677,0.5415,-0.0164,13,0,-0.31487737561753504,-0.13599999999998935,-5.114,0.19019999999999998
2026-05-30 11:23:20,73537.75,0.7815,0.6916,0.6866,0.1627,37,0,0.4291666073606878,0.4741000000000107,-4.7196,-0.008299999999999974
2026-05-30 11:23:50,73544.95,0.8297,0.6941,0.5606,-0.0438,10,0,-0.5570975013129702,1.0538000000000107,-4.6015,0.12640000000000007
2026-05-30 11:24:20,73544.95,0.6862,0.544,0.5078,-0.0552,5,0,-0.7481785231021145,1.1346000000000105,-4.7569,-0.14759999999999995
2026-05-30 11:24:50,73544.95,0.8093,0.7015,0.6387,-0.0616,6,0,-0.7579187491484806,0.6257000000000108,-0.21369999999999945,0.007399999999999962
2026-05-30 11:25:20,73550.55,0.8635,0.8268,0.592,0.1077,50,0,1.3838512668175689,0.14510000000001066,0.3445000000000005,0.28279999999999994
2026-05-30 11:25:51,73555.45,0.7819,0.7426,0.5779,-0.0626,10,0,-0.6479046532166782,0.3630000000000107,1.1194000000000006,0.041100000000000025
2026-05-30 11:26:21,73562.75,0.8954,0.8423,0.7715,-0.0252,24,0,0.04730274434060024,0.5189000000000107,1.2841000000000005,0.01550000000000007
2026-05-30 11:26:51,73563.85,0.3866,0.431,0.3663,-1.5848,118,0,3.3979373909078237,-0.7092999999999894,0.07780000000000054,-0.31160000000000004
2026-05-30 11:27:21,73571.25,0.4954,0.5442,0.5974,0.9048,94,0,2.160562247417596,-0.33629999999998916,0.6523000000000007,-0.29810000000000003
2026-05-30 11:27:51,73571.25,0.5109,0.5602,0.507,-0.0544,14,0,-0.5119884350570184,-1.1370999999999893,0.11830000000000068,0.12920000000000004
2026-05-30 11:28:21,73571.25,0.2118,0.3987,0.3179,-0.3383,18,0,-0.29825274360136034,-1.6137999999999892,-0.8037999999999994,-0.14550000000000002
2026-05-30 11:28:51,73556.45,0.1473,0.2598,0.2288,-0.0568,14,0,-0.4760940787241191,-1.7081999999999893,-2.6841999999999997,-0.30040000000000006
2026-05-30 11:29:21,73556.45,0.1732,0.2695,0.435,-0.0579,6,0,-0.714462682028711,-2.257699999999989,-2.7399999999999993,-0.12919999999999998
2026-05-30 11:29:51,73556.45,0.2501,0.2509,0.4299,0.1248,13,0,-0.50708875637664,-1.9924999999999893,-2.4998999999999993,-0.008899999999999963
2026-05-30 11:30:21,73551.95,0.1896,0.2342,0.3363,-0.0485,7,0,-0.6882983347204287,-2.1288999999999896,-3.0777999999999994,-0.035300000000000026
2026-05-30 11:30:51,73551.95,0.2104,0.2305,0.2849,-0.0762,15,0,-0.3804616916917605,-0.8530999999999894,-3.9002999999999997,-0.0204
2026-05-30 11:31:21,73551.05,0.0468,0.1313,0.2531,-0.1445,30,0,0.11321637157862945,-0.9146999999999894,-4.1735999999999995,-0.10289999999999999
2026-05-30 11:31:51,73551.05,0.3503,0.3444,0.3613,-0.0156,6,0,-0.5797926532046116,-1.1495999999999893,-2.940199999999999,0.11389999999999997
2026-05-30 11:32:21,73555.95,0.7011,0.7122,0.5236,0.6593,60,0,1.816676952028044,0.9755000000000107,-1.7659999999999991,0.5809000000000001
2026-05-30 11:32:51,73555.95,0.6471,0.6553,0.5341,-0.0034,9,0,-0.4781028468210013,1.3107000000000109,-1.4524999999999992,0.3109
2026-05-30 11:33:21,73566.25,0.7019,0.6293,0.5046,-0.0026,5,0,-0.6903844888811008,2.1530000000000107,-0.4067999999999994,-0.08290000000000008
2026-05-30 11:33:51,73570.75,0.7325,0.6722,0.7077,-0.0002,3,0,-0.9059332272733915,2.3702000000000107,1.1382000000000005,0.016900000000000026
2026-05-30 11:40:01,73490.05,0.0366,0.2231,0.3435,-0.1974,29,1,-0.28645083528829457,-0.028399999999988296,-8.751399999999999,-0.2894
2026-05-30 11:45:01,73491.65,0.116,0.1919,0.4331,-0.217,64,1,0.9625813277666043,-0.7130999999999884,-0.20989999999999942,-0.4415
2026-05-30 11:45:31,73499.15,0.4761,0.4788,0.4341,-0.0033,4,1,-0.5697167463469845,0.2815000000000115,0.9183000000000008,-0.18889999999999996
2026-05-30 11:46:01,73499.15,0.2976,0.46,0.4309,-0.0212,16,1,-0.1617705197834755,0.25380000000001157,-1.0255999999999994,0.2681
2026-05-30 11:47:31,73503.15,0.5028,0.4552,0.412,0.0074,9,1,-0.36705185131851215,0.32810000000001166,0.5204000000000005,-0.16350000000000003
